transaction_id,booking_date,property_id,buyer_id,buyer_name,buyer_city,agent_name,sales_channel,base_price,discount_pct,discount_amount,sale_price,payment_mode,loan_amount,down_payment
TX802330,2024-01-01,RE5026,B9053,Nidhi Shah,Bangalore,Farida Sheikh,Broker Referral,2963000,0,0,2963000,Home Loan,2489031,473969
TX801072,2024-01-02,RE5112,B9243,Sneha Chopra,Bangalore,Sneha Kapoor,Walk-in,11440000,0,0,11440000,Home Loan,9418108,2021892
TX801516,2024-01-02,RE5074,B9242,Pooja Sharma,Ahmedabad,Arvind Rathi,Online Portal,13595000,4,543800,13051200,Builder Finance Plan,6823455,6227745
TX802300,2024-01-02,RE5065,B9163,Diya Verma,Chennai,Devendra Solanki,Broker Referral,29199000,5,1460000,27739000,Home Loan,18779330,8959670
TX800816,2024-01-03,RE5016,B9083,Ritu Verma,Delhi NCR,Sameer Khanna,Property Expo,16170000,0,0,16170000,Builder Finance Plan,6579914,9590086
TX802525,2024-01-03,RE5122,B9188,Nikhil Pillai,Delhi NCR,Poonam Chandra,Walk-in,12299000,5,615000,11684000,Home Loan,8398700,3285300
TX800511,2024-01-04,RE5129,B9002,Shweta Patil,Bangalore,Sameer Khanna,Walk-in,27963000,5,1398200,26564800,Full Payment,0,26564800
TX801137,2024-01-04,RE5038,B9016,Vihaan Kapoor,Nashik,Devendra Solanki,Online Portal,57033000,8,4562600,52470400,Builder Finance Plan,27285864,25184536
TX801805,2024-01-05,RE5022,B9160,Deepak Joshi,Nashik,Imran Sheikh,Broker Referral,3810000,3,114300,3695700,Full Payment,0,3695700
TX800268,2024-01-06,RE5105,B9140,Vikram Pillai,Nashik,Rohit Ahluwalia,Online Portal,15306000,2,306100,14999900,Home Loan,10439840,4560060
TX800858,2024-01-06,RE5115,B9044,Siddharth Singh,Mumbai,Latika Bose,Online Portal,9810000,0,0,9810000,Home Loan,6588309,3221691
TX802039,2024-01-06,RE5085,B9149,Nitin Singh,Bangalore,Sneha Kapoor,Walk-in,5697000,3,170900,5526100,Builder Finance Plan,2422497,3103603
TX800209,2024-01-07,RE5057,B9083,Ritu Verma,Delhi NCR,Sameer Khanna,Walk-in,12463000,0,0,12463000,Home Loan,8169753,4293247
TX800760,2024-01-07,RE5051,B9212,Ashok Sharma,Ahmedabad,Ritu Saxena,Online Portal,18820000,4,752800,18067200,Full Payment,0,18067200
TX800216,2024-01-08,RE5134,B9103,Ishita Nair,Pune,Rohit Ahluwalia,Online Portal,11093000,0,0,11093000,Builder Finance Plan,6157365,4935635
TX800551,2024-01-08,RE5120,B9001,Vijay Reddy,Chennai,Farida Sheikh,Property Expo,5862000,0,0,5862000,Builder Finance Plan,2787280,3074720
TX800870,2024-01-08,RE5064,B9251,Karan Mehta,Mumbai,Latika Bose,Walk-in,6493000,4,259700,6233300,Home Loan,5150844,1082456
TX800046,2024-01-10,RE5109,B9156,Pallavi Kumar,Nagpur,Manish Tiwari,Online Portal,13206000,0,0,13206000,Builder Finance Plan,6773489,6432511
TX802389,2024-01-10,RE5097,B9145,Aditya Kulkarni,Nashik,Nandita Rao,Broker Referral,16374000,5,818700,15555300,Home Loan,11922573,3632727
TX802463,2024-01-10,RE5105,B9068,Nitin Kale,Nagpur,Farida Sheikh,Property Expo,15306000,0,0,15306000,Home Loan,11394375,3911625
TX800094,2024-01-11,RE5040,B9008,Ganesh Bhosale,Ahmedabad,Imran Sheikh,Broker Referral,7062000,6,423700,6638300,Home Loan,4960568,1677732
TX800514,2024-01-11,RE5078,B9094,Pallavi More,Nashik,Devendra Solanki,Online Portal,14198000,2,284000,13914000,Home Loan,10207750,3706250
TX801372,2024-01-11,RE5031,B9207,Manoj Bhosale,Bangalore,Farida Sheikh,Online Portal,5915000,0,0,5915000,Full Payment,0,5915000
TX801996,2024-01-12,RE5025,B9238,Nitin Naik,Nagpur,Devendra Solanki,Broker Referral,73208000,5,3660400,69547600,Home Loan,56533800,13013800
TX802205,2024-01-12,RE5022,B9060,Vikram Pawar,Bangalore,Devendra Solanki,Broker Referral,3810000,0,0,3810000,Full Payment,0,3810000
TX800387,2024-01-14,RE5012,B9048,Deepak Reddy,Mumbai,Sneha Kapoor,Broker Referral,3863000,3,115900,3747100,Builder Finance Plan,1759523,1987577
TX800727,2024-01-14,RE5127,B9004,Nitin Bansal,Delhi NCR,Devendra Solanki,Online Portal,7365000,3,221000,7144000,Home Loan,5052673,2091327
TX800862,2024-01-14,RE5011,B9208,Vihaan More,Chennai,Sneha Kapoor,Online Portal,12893000,1,128900,12764100,Home Loan,9764021,3000079
TX800881,2024-01-14,RE5100,B9025,Karthik Mehta,Pune,Sameer Khanna,Online Portal,2996000,0,0,2996000,Home Loan,2247380,748620
TX800947,2024-01-14,RE5022,B9046,Mahesh Chopra,Nagpur,Sneha Kapoor,Online Portal,3810000,1,38100,3771900,Home Loan,2830886,941014
TX801204,2024-01-14,RE5001,B9007,Ananya Kumar,Mumbai,Latika Bose,Online Portal,5254000,2,105100,5148900,Home Loan,3972351,1176549
TX801915,2024-01-14,RE5013,B9197,Amit Kale,Bangalore,Nandita Rao,Online Portal,14405000,0,0,14405000,Full Payment,0,14405000
TX802148,2024-01-14,RE5024,B9230,Siddharth Pawar,Chennai,Poonam Chandra,Broker Referral,9685000,0,0,9685000,Full Payment,0,9685000
TX800898,2024-01-15,RE5048,B9191,Prakash Bansal,Ahmedabad,Arvind Rathi,Broker Referral,10440000,5,522000,9918000,Full Payment,0,9918000
TX801080,2024-01-15,RE5028,B9129,Myra Shah,Ahmedabad,Latika Bose,Online Portal,11529000,2,230600,11298400,Home Loan,9122968,2175432
TX800764,2024-01-16,RE5072,B9061,Aishwarya Reddy,Ahmedabad,Sameer Khanna,Broker Referral,8658000,6,519500,8138500,Builder Finance Plan,4770450,3368050
TX801800,2024-01-16,RE5067,B9127,Sunita Gupta,Ahmedabad,Sameer Khanna,Property Expo,6066000,2,121300,5944700,Home Loan,4550602,1394098
TX802409,2024-01-16,RE5028,B9239,Anjali Jadhav,Pune,Sneha Kapoor,Broker Referral,11529000,2,230600,11298400,Home Loan,9276231,2022169
TX800139,2024-01-18,RE5079,B9132,Swati Kulkarni,Hyderabad,Arvind Rathi,Walk-in,6084000,0,0,6084000,Builder Finance Plan,3232212,2851788
TX800374,2024-01-18,RE5094,B9131,Rahul Kapoor,Ahmedabad,Imran Sheikh,Broker Referral,8924000,3,267700,8656300,Home Loan,6383959,2272341
TX800565,2024-01-18,RE5078,B9133,Aadhya Kulkarni,Mumbai,Poonam Chandra,Online Portal,14198000,5,709900,13488100,Full Payment,0,13488100
TX801393,2024-01-18,RE5029,B9253,Navya Patil,Nashik,Nandita Rao,Online Portal,4467000,8,357400,4109600,Full Payment,0,4109600
TX800154,2024-01-19,RE5026,B9202,Meena Kapoor,Chennai,Latika Bose,Broker Referral,2963000,6,177800,2785200,Full Payment,0,2785200
TX800518,2024-01-19,RE5093,B9025,Karthik Mehta,Pune,Imran Sheikh,Broker Referral,5216000,0,0,5216000,Home Loan,3524953,1691047
TX800789,2024-01-19,RE5041,B9244,Vivaan Iyer,Mumbai,Arvind Rathi,Online Portal,6416000,0,0,6416000,Builder Finance Plan,2732065,3683935
TX801926,2024-01-19,RE5090,B9233,Anjali Kumar,Pune,Nandita Rao,Broker Referral,10862000,0,0,10862000,Home Loan,7525721,3336279
TX802337,2024-01-19,RE5102,B9012,Ganesh Bhosale,Mumbai,Poonam Chandra,Online Portal,7947000,2,158900,7788100,Full Payment,0,7788100
TX802456,2024-01-19,RE5084,B9114,Ishita More,Bangalore,Poonam Chandra,Broker Referral,20567000,5,1028400,19538600,Builder Finance Plan,8946508,10592092
TX802467,2024-01-20,RE5115,B9085,Mahesh Jadhav,Mumbai,Ritu Saxena,Broker Referral,9810000,0,0,9810000,Builder Finance Plan,4604065,5205935
TX800326,2024-01-21,RE5127,B9008,Ganesh Bhosale,Ahmedabad,Latika Bose,Online Portal,7365000,4,294600,7070400,Home Loan,4804288,2266112
TX800920,2024-01-21,RE5125,B9111,Naveen Sharma,Delhi NCR,Arvind Rathi,Walk-in,5517000,0,0,5517000,Home Loan,4052587,1464413
TX800298,2024-01-22,RE5120,B9036,Anil Nair,Ahmedabad,Latika Bose,Property Expo,5862000,2,117200,5744800,Home Loan,4151514,1593286
TX802058,2024-01-22,RE5008,B9043,Saanvi Rao,Chennai,Farida Sheikh,Broker Referral,4351000,5,217600,4133400,Home Loan,3485886,647514
TX802291,2024-01-23,RE5084,B9255,Sandeep Nair,Mumbai,Farida Sheikh,Online Portal,20567000,0,0,20567000,Full Payment,0,20567000
TX800753,2024-01-24,RE5116,B9204,Vikram Agarwal,Chennai,Nandita Rao,Property Expo,11141000,5,557000,10584000,Home Loan,8080116,2503884
TX800873,2024-01-24,RE5062,B9055,Aadhya Verma,Nashik,Farida Sheikh,Broker Referral,4684000,3,140500,4543500,Home Loan,3475051,1068449
TX801312,2024-01-25,RE5085,B9001,Vijay Reddy,Chennai,Rohit Ahluwalia,Broker Referral,5697000,0,0,5697000,Home Loan,3997667,1699333
TX801536,2024-01-25,RE5067,B9244,Vivaan Iyer,Mumbai,Arvind Rathi,Online Portal,6066000,0,0,6066000,Home Loan,4315388,1750612
TX801741,2024-01-25,RE5099,B9256,Nikhil Patil,Nagpur,Sneha Kapoor,Broker Referral,17476000,1,174800,17301200,Full Payment,0,17301200
TX801844,2024-01-25,RE5095,B9136,Deepak Jadhav,Ahmedabad,Imran Sheikh,Online Portal,11454000,3,343600,11110400,Builder Finance Plan,6312609,4797791
TX802302,2024-01-25,RE5032,B9166,Anika Kale,Ahmedabad,Ritu Saxena,Broker Referral,6845000,1,68400,6776600,Home Loan,4803162,1973438
TX800857,2024-01-26,RE5123,B9075,Komal Deshmukh,Pune,Manish Tiwari,Broker Referral,4902000,0,0,4902000,Full Payment,0,4902000
TX800065,2024-01-27,RE5074,B9216,Siddharth More,Bangalore,Poonam Chandra,Broker Referral,13595000,6,815700,12779300,Home Loan,9062415,3716885
TX800600,2024-01-27,RE5116,B9194,Manoj Agarwal,Hyderabad,Devendra Solanki,Online Portal,11141000,0,0,11141000,Full Payment,0,11141000
TX801219,2024-01-27,RE5076,B9187,Divya Iyer,Nashik,Nandita Rao,Broker Referral,12143000,6,728600,11414400,Builder Finance Plan,4677459,6736941
TX801287,2024-01-27,RE5019,B9096,Vikram Singh,Nashik,Manish Tiwari,Walk-in,15490000,3,464700,15025300,Full Payment,0,15025300
TX802536,2024-01-27,RE5076,B9202,Meena Kapoor,Chennai,Sneha Kapoor,Online Portal,12143000,0,0,12143000,Full Payment,0,12143000
TX802575,2024-01-27,RE5108,B9161,Nikita Joshi,Delhi NCR,Sneha Kapoor,Broker Referral,11538000,6,692300,10845700,Home Loan,7285599,3560101
TX801907,2024-01-28,RE5037,B9063,Diya Agarwal,Pune,Latika Bose,Online Portal,5785000,0,0,5785000,Full Payment,0,5785000
TX802590,2024-01-28,RE5112,B9126,Aishwarya Shah,Nashik,Devendra Solanki,Property Expo,11440000,0,0,11440000,Home Loan,7499977,3940023
TX800112,2024-02-01,RE5073,B9119,Sunita Chopra,Nashik,Ritu Saxena,Property Expo,2689000,3,80700,2608300,Home Loan,1752959,855341
TX800233,2024-02-01,RE5058,B9156,Pallavi Kumar,Nagpur,Sneha Kapoor,Broker Referral,13282000,1,132800,13149200,Home Loan,8843790,4305410
TX800250,2024-02-01,RE5044,B9161,Nikita Joshi,Delhi NCR,Ritu Saxena,Online Portal,12357000,0,0,12357000,Home Loan,10375916,1981084
TX802239,2024-02-01,RE5071,B9009,Aishwarya Pillai,Chennai,Sneha Kapoor,Property Expo,3409000,0,0,3409000,Home Loan,2692297,716703
TX800421,2024-02-02,RE5051,B9035,Ishita Agarwal,Delhi NCR,Manish Tiwari,Walk-in,18820000,0,0,18820000,Home Loan,14287549,4532451
TX801794,2024-02-02,RE5020,B9028,Sneha Patil,Ahmedabad,Sameer Khanna,Online Portal,26898000,2,538000,26360000,Full Payment,0,26360000
TX802481,2024-02-02,RE5116,B9164,Suresh Verma,Ahmedabad,Sneha Kapoor,Walk-in,11141000,0,0,11141000,Home Loan,9072172,2068828
TX800221,2024-02-03,RE5102,B9107,Swati Agarwal,Hyderabad,Imran Sheikh,Online Portal,7947000,3,238400,7708600,Full Payment,0,7708600
TX800269,2024-02-03,RE5102,B9122,Tanvi Kumar,Pune,Rohit Ahluwalia,Broker Referral,7947000,0,0,7947000,Home Loan,5698566,2248434
TX800836,2024-02-03,RE5099,B9204,Vikram Agarwal,Chennai,Manish Tiwari,Broker Referral,17476000,8,1398100,16077900,Home Loan,13176974,2900926
TX800995,2024-02-03,RE5095,B9096,Vikram Singh,Nashik,Arvind Rathi,Online Portal,11454000,0,0,11454000,Home Loan,8067085,3386915
TX801317,2024-02-03,RE5034,B9178,Rajiv Naik,Hyderabad,Arvind Rathi,Online Portal,6639000,0,0,6639000,Builder Finance Plan,2763273,3875727
TX800035,2024-02-04,RE5077,B9198,Anika Kapoor,Mumbai,Poonam Chandra,Broker Referral,49657000,3,1489700,48167300,Home Loan,35040396,13126904
TX801046,2024-02-04,RE5138,B9083,Ritu Verma,Delhi NCR,Poonam Chandra,Broker Referral,8071000,0,0,8071000,Home Loan,6845252,1225748
TX800284,2024-02-06,RE5134,B9070,Ashok Gupta,Pune,Devendra Solanki,Online Portal,11093000,0,0,11093000,Home Loan,8111973,2981027
TX800483,2024-02-07,RE5026,B9029,Priya Kapoor,Bangalore,Poonam Chandra,Broker Referral,2963000,8,237000,2726000,Home Loan,2262706,463294
TX800866,2024-02-07,RE5060,B9104,Nidhi Pillai,Delhi NCR,Nandita Rao,Online Portal,4058000,5,202900,3855100,Full Payment,0,3855100
TX800950,2024-02-07,RE5047,B9128,Sneha Mehta,Mumbai,Latika Bose,Property Expo,3321000,5,166000,3155000,Home Loan,2442149,712851
TX802383,2024-02-07,RE5027,B9252,Prakash Joshi,Pune,Nandita Rao,Online Portal,4750000,1,47500,4702500,Home Loan,3879247,823253
TX800156,2024-02-08,RE5126,B9246,Ananya Patil,Chennai,Arvind Rathi,Online Portal,20113000,4,804500,19308500,Home Loan,14639878,4668622
TX800720,2024-02-08,RE5002,B9164,Suresh Verma,Ahmedabad,Arvind Rathi,Broker Referral,4714000,1,47100,4666900,Home Loan,3817900,849000
TX801980,2024-02-08,RE5021,B9150,Anika More,Pune,Poonam Chandra,Broker Referral,9561000,2,191200,9369800,Home Loan,7690735,1679065
TX800084,2024-02-09,RE5024,B9074,Vijay Kapoor,Hyderabad,Arvind Rathi,Property Expo,9685000,5,484200,9200800,Home Loan,7741480,1459320
TX801381,2024-02-09,RE5074,B9118,Suresh Chopra,Mumbai,Poonam Chandra,Broker Referral,13595000,0,0,13595000,Home Loan,10467136,3127864
TX802042,2024-02-09,RE5029,B9177,Sneha Deshmukh,Pune,Latika Bose,Online Portal,4467000,2,89300,4377700,Home Loan,3301480,1076220
TX800058,2024-02-10,RE5029,B9165,Komal Sharma,Pune,Rohit Ahluwalia,Online Portal,4467000,0,0,4467000,Builder Finance Plan,2369836,2097164
TX800234,2024-02-10,RE5074,B9141,Aishwarya Gupta,Bangalore,Latika Bose,Broker Referral,13595000,6,815700,12779300,Full Payment,0,12779300
TX800066,2024-02-11,RE5082,B9179,Sneha Verma,Bangalore,Ritu Saxena,Walk-in,4953000,4,198100,4754900,Builder Finance Plan,2766121,1988779
TX800295,2024-02-11,RE5032,B9175,Vikram Kapoor,Nagpur,Poonam Chandra,Broker Referral,6845000,0,0,6845000,Builder Finance Plan,2773010,4071990
TX800545,2024-02-11,RE5091,B9061,Aishwarya Reddy,Ahmedabad,Ritu Saxena,Online Portal,3687000,4,147500,3539500,Home Loan,2369975,1169525
TX801882,2024-02-11,RE5041,B9123,Ravi Shah,Nashik,Nandita Rao,Online Portal,6416000,0,0,6416000,Home Loan,5147131,1268869
TX801780,2024-02-12,RE5140,B9177,Sneha Deshmukh,Pune,Farida Sheikh,Property Expo,8481000,5,424000,8057000,Home Loan,5645648,2411352
TX800899,2024-02-13,RE5036,B9134,Diya Kale,Chennai,Devendra Solanki,Broker Referral,4110000,3,123300,3986700,Home Loan,2738926,1247774
TX801331,2024-02-13,RE5134,B9206,Karan Shah,Chennai,Sneha Kapoor,Online Portal,11093000,1,110900,10982100,Home Loan,8099887,2882213
TX802054,2024-02-13,RE5047,B9021,Rajiv Naik,Nashik,Sameer Khanna,Online Portal,3321000,1,33200,3287800,Home Loan,2312092,975708
TX802446,2024-02-13,RE5119,B9056,Karthik Jadhav,Bangalore,Poonam Chandra,Broker Referral,33566000,0,0,33566000,Home Loan,26412098,7153902
TX800226,2024-02-15,RE5043,B9179,Sneha Verma,Bangalore,Rohit Ahluwalia,Broker Referral,2576000,6,154600,2421400,Full Payment,0,2421400
TX800449,2024-02-15,RE5092,B9089,Bhavna Verma,Pune,Rohit Ahluwalia,Broker Referral,20099000,4,804000,19295000,Full Payment,0,19295000
TX801308,2024-02-15,RE5090,B9259,Yash Menon,Nashik,Arvind Rathi,Broker Referral,10862000,3,325900,10536100,Home Loan,7842616,2693484
TX802224,2024-02-15,RE5059,B9143,Suresh Nair,Ahmedabad,Latika Bose,Online Portal,10108000,0,0,10108000,Home Loan,8363519,1744481
TX800714,2024-02-16,RE5107,B9225,Manoj More,Pune,Ritu Saxena,Online Portal,52523000,5,2626200,49896800,Home Loan,36921987,12974813
TX801464,2024-02-16,RE5001,B9062,Prakash Nair,Chennai,Imran Sheikh,Broker Referral,5254000,0,0,5254000,Full Payment,0,5254000
TX801498,2024-02-16,RE5088,B9134,Diya Kale,Chennai,Rohit Ahluwalia,Online Portal,16482000,0,0,16482000,Home Loan,12039680,4442320
TX801573,2024-02-16,RE5002,B9155,Neha Pawar,Mumbai,Farida Sheikh,Property Expo,4714000,4,188600,4525400,Home Loan,3417065,1108335
TX801874,2024-02-16,RE5056,B9227,Amit Reddy,Nashik,Latika Bose,Broker Referral,12967000,0,0,12967000,Home Loan,10617169,2349831
TX802501,2024-02-16,RE5002,B9240,Ishita Pawar,Mumbai,Rohit Ahluwalia,Online Portal,4714000,2,94300,4619700,Home Loan,3748138,871562
TX800101,2024-02-17,RE5014,B9015,Priya Kapoor,Ahmedabad,Ritu Saxena,Broker Referral,4926000,8,394100,4531900,Home Loan,3797503,734397
TX801864,2024-02-17,RE5086,B9111,Naveen Sharma,Delhi NCR,Sameer Khanna,Broker Referral,7023000,4,280900,6742100,Full Payment,0,6742100
TX800591,2024-02-18,RE5137,B9198,Anika Kapoor,Mumbai,Sneha Kapoor,Online Portal,8263000,1,82600,8180400,Full Payment,0,8180400
TX801139,2024-02-18,RE5105,B9144,Shweta Sharma,Mumbai,Latika Bose,Online Portal,15306000,0,0,15306000,Home Loan,11307376,3998624
TX802160,2024-02-18,RE5055,B9119,Sunita Chopra,Nashik,Manish Tiwari,Online Portal,4339000,0,0,4339000,Builder Finance Plan,2368393,1970607
TX802246,2024-02-18,RE5036,B9152,Sanjay Gupta,Pune,Nandita Rao,Online Portal,4110000,4,164400,3945600,Home Loan,3254003,691597
TX800030,2024-02-19,RE5041,B9087,Prakash Kapoor,Nashik,Rohit Ahluwalia,Online Portal,6416000,2,128300,6287700,Home Loan,4571983,1715717
TX800601,2024-02-19,RE5128,B9060,Vikram Pawar,Bangalore,Manish Tiwari,Walk-in,6347000,0,0,6347000,Full Payment,0,6347000
TX800447,2024-02-20,RE5067,B9240,Ishita Pawar,Mumbai,Ritu Saxena,Property Expo,6066000,1,60700,6005300,Home Loan,4724592,1280708
TX801078,2024-02-20,RE5075,B9107,Swati Agarwal,Hyderabad,Sameer Khanna,Broker Referral,13027000,1,130300,12896700,Home Loan,10170913,2725787
TX800541,2024-02-21,RE5068,B9085,Mahesh Jadhav,Mumbai,Rohit Ahluwalia,Online Portal,12581000,2,251600,12329400,Home Loan,8162092,4167308
TX801556,2024-02-21,RE5018,B9171,Swati Singh,Nashik,Latika Bose,Property Expo,14837000,1,148400,14688600,Home Loan,10503377,4185223
TX801865,2024-02-21,RE5066,B9068,Nitin Kale,Nagpur,Sneha Kapoor,Broker Referral,5628000,1,56300,5571700,Full Payment,0,5571700
TX802056,2024-02-21,RE5035,B9239,Anjali Jadhav,Pune,Devendra Solanki,Online Portal,4560000,3,136800,4423200,Full Payment,0,4423200
TX800279,2024-02-22,RE5055,B9244,Vivaan Iyer,Mumbai,Devendra Solanki,Walk-in,4339000,4,173600,4165400,Home Loan,2763084,1402316
TX800736,2024-02-22,RE5114,B9045,Aishwarya Verma,Nagpur,Arvind Rathi,Online Portal,7105000,4,284200,6820800,Full Payment,0,6820800
TX800415,2024-02-23,RE5125,B9005,Aishwarya Deshmukh,Hyderabad,Sneha Kapoor,Online Portal,5517000,1,55200,5461800,Builder Finance Plan,2413037,3048763
TX800573,2024-02-23,RE5036,B9055,Aadhya Verma,Nashik,Latika Bose,Property Expo,4110000,2,82200,4027800,Home Loan,2971866,1055934
TX800894,2024-02-23,RE5094,B9260,Rajesh Shah,Bangalore,Farida Sheikh,Walk-in,8924000,0,0,8924000,Full Payment,0,8924000
TX801291,2024-02-24,RE5105,B9130,Komal Nair,Ahmedabad,Arvind Rathi,Broker Referral,15306000,6,918400,14387600,Builder Finance Plan,6956684,7430916
TX801506,2024-02-24,RE5139,B9166,Anika Kale,Ahmedabad,Sneha Kapoor,Property Expo,10653000,8,852200,9800800,Home Loan,8009531,1791269
TX802470,2024-02-24,RE5029,B9004,Nitin Bansal,Delhi NCR,Devendra Solanki,Walk-in,4467000,0,0,4467000,Full Payment,0,4467000
TX802499,2024-02-24,RE5132,B9076,Anil Sharma,Pune,Nandita Rao,Online Portal,5980000,0,0,5980000,Builder Finance Plan,2981592,2998408
TX802320,2024-02-25,RE5021,B9197,Amit Kale,Bangalore,Sameer Khanna,Walk-in,9561000,5,478000,9083000,Home Loan,6767541,2315459
TX801295,2024-02-26,RE5042,B9218,Prakash Joshi,Hyderabad,Poonam Chandra,Online Portal,4080000,4,163200,3916800,Home Loan,2995807,920993
TX801305,2024-02-26,RE5060,B9073,Meena Patil,Mumbai,Sameer Khanna,Broker Referral,4058000,0,0,4058000,Home Loan,3206001,851999
TX801853,2024-02-26,RE5022,B9081,Mahesh Singh,Hyderabad,Imran Sheikh,Broker Referral,3810000,0,0,3810000,Home Loan,2643777,1166223
TX801289,2024-02-28,RE5064,B9118,Suresh Chopra,Mumbai,Sameer Khanna,Broker Referral,6493000,3,194800,6298200,Home Loan,4983125,1315075
TX802009,2024-02-28,RE5119,B9017,Komal Deshmukh,Nashik,Farida Sheikh,Broker Referral,33566000,4,1342600,32223400,Home Loan,23418762,8804638
TX800006,2024-03-01,RE5116,B9019,Sunita Kumar,Pune,Ritu Saxena,Broker Referral,11141000,1,111400,11029600,Home Loan,7842953,3186647
TX800635,2024-03-01,RE5091,B9048,Deepak Reddy,Mumbai,Arvind Rathi,Online Portal,3687000,2,73700,3613300,Home Loan,2936381,676919
TX802583,2024-03-01,RE5086,B9139,Vikram Pawar,Mumbai,Ritu Saxena,Broker Referral,7023000,4,280900,6742100,Home Loan,5040671,1701429
TX801076,2024-03-02,RE5070,B9137,Nikita Deshmukh,Hyderabad,Sameer Khanna,Online Portal,15405000,4,616200,14788800,Home Loan,11606368,3182432
TX801419,2024-03-02,RE5072,B9143,Suresh Nair,Ahmedabad,Farida Sheikh,Property Expo,8658000,2,173200,8484800,Builder Finance Plan,3613289,4871511
TX801144,2024-03-03,RE5054,B9006,Komal Shah,Ahmedabad,Nandita Rao,Online Portal,11868000,0,0,11868000,Home Loan,9743293,2124707
TX801675,2024-03-03,RE5009,B9066,Neha Singh,Ahmedabad,Arvind Rathi,Walk-in,11535000,1,115400,11419600,Full Payment,0,11419600
TX801240,2024-03-04,RE5068,B9029,Priya Kapoor,Bangalore,Sameer Khanna,Online Portal,12581000,2,251600,12329400,Home Loan,8138071,4191329
TX802196,2024-03-04,RE5075,B9159,Vijay Gupta,Ahmedabad,Rohit Ahluwalia,Online Portal,13027000,1,130300,12896700,Home Loan,8880712,4015988
TX802597,2024-03-04,RE5135,B9103,Ishita Nair,Pune,Arvind Rathi,Online Portal,7660000,0,0,7660000,Home Loan,5632810,2027190
TX801531,2024-03-06,RE5102,B9118,Suresh Chopra,Mumbai,Arvind Rathi,Broker Referral,7947000,0,0,7947000,Home Loan,5206344,2740656
TX801867,2024-03-06,RE5128,B9228,Rohan Sharma,Nagpur,Manish Tiwari,Online Portal,6347000,0,0,6347000,Home Loan,4137252,2209748
TX802385,2024-03-06,RE5014,B9178,Rajiv Naik,Hyderabad,Poonam Chandra,Online Portal,4926000,0,0,4926000,Full Payment,0,4926000
TX801947,2024-03-07,RE5037,B9228,Rohan Sharma,Nagpur,Nandita Rao,Online Portal,5785000,4,231400,5553600,Home Loan,4250640,1302960
TX802251,2024-03-07,RE5040,B9260,Rajesh Shah,Bangalore,Arvind Rathi,Online Portal,7062000,0,0,7062000,Full Payment,0,7062000
TX800285,2024-03-08,RE5058,B9219,Shweta Gupta,Mumbai,Nandita Rao,Walk-in,13282000,5,664100,12617900,Home Loan,8856677,3761223
TX800339,2024-03-08,RE5093,B9096,Vikram Singh,Nashik,Devendra Solanki,Online Portal,5216000,8,417300,4798700,Home Loan,3368269,1430431
TX801981,2024-03-08,RE5054,B9226,Kavita Kale,Delhi NCR,Imran Sheikh,Walk-in,11868000,4,474700,11393300,Home Loan,9249442,2143858
TX800091,2024-03-09,RE5063,B9035,Ishita Agarwal,Delhi NCR,Latika Bose,Walk-in,9206000,8,736500,8469500,Home Loan,5959226,2510274
TX800535,2024-03-09,RE5009,B9059,Nitin Patil,Pune,Ritu Saxena,Walk-in,11535000,0,0,11535000,Home Loan,8949186,2585814
TX801390,2024-03-09,RE5117,B9179,Sneha Verma,Bangalore,Nandita Rao,Walk-in,5691000,3,170700,5520300,Home Loan,3838927,1681373
TX801510,2024-03-09,RE5022,B9006,Komal Shah,Ahmedabad,Devendra Solanki,Property Expo,3810000,0,0,3810000,Home Loan,3206099,603901
TX802057,2024-03-09,RE5066,B9130,Komal Nair,Ahmedabad,Imran Sheikh,Broker Referral,5628000,0,0,5628000,Builder Finance Plan,3109066,2518934
TX802555,2024-03-09,RE5123,B9149,Nitin Singh,Bangalore,Nandita Rao,Walk-in,4902000,4,196100,4705900,Full Payment,0,4705900
TX800109,2024-03-10,RE5112,B9225,Manoj More,Pune,Manish Tiwari,Online Portal,11440000,0,0,11440000,Full Payment,0,11440000
TX801067,2024-03-10,RE5139,B9104,Nidhi Pillai,Delhi NCR,Manish Tiwari,Online Portal,10653000,5,532600,10120400,Home Loan,7509753,2610647
TX801281,2024-03-10,RE5102,B9192,Vaishnavi Deshmukh,Nashik,Arvind Rathi,Online Portal,7947000,0,0,7947000,Home Loan,5413071,2533929
TX800123,2024-03-12,RE5137,B9187,Divya Iyer,Nashik,Devendra Solanki,Online Portal,8263000,2,165300,8097700,Home Loan,6335341,1762359
TX801005,2024-03-12,RE5116,B9176,Ananya Bansal,Hyderabad,Sneha Kapoor,Online Portal,11141000,2,222800,10918200,Home Loan,8526845,2391355
TX801122,2024-03-12,RE5096,B9161,Nikita Joshi,Delhi NCR,Arvind Rathi,Property Expo,8684000,0,0,8684000,Home Loan,6442823,2241177
TX802233,2024-03-12,RE5122,B9122,Tanvi Kumar,Pune,Ritu Saxena,Property Expo,12299000,4,492000,11807000,Home Loan,7922159,3884841
TX801090,2024-03-13,RE5109,B9133,Aadhya Kulkarni,Mumbai,Arvind Rathi,Broker Referral,13206000,0,0,13206000,Builder Finance Plan,6573002,6632998
TX801212,2024-03-13,RE5072,B9028,Sneha Patil,Ahmedabad,Farida Sheikh,Online Portal,8658000,2,173200,8484800,Home Loan,6031540,2453260
TX800494,2024-03-14,RE5043,B9179,Sneha Verma,Bangalore,Nandita Rao,Online Portal,2576000,0,0,2576000,Home Loan,2061428,514572
TX801737,2024-03-14,RE5110,B9221,Sandeep Nair,Bangalore,Poonam Chandra,Broker Referral,11297000,0,0,11297000,Home Loan,8100769,3196231
TX801715,2024-03-15,RE5115,B9241,Mahesh Kapoor,Nashik,Poonam Chandra,Broker Referral,9810000,2,196200,9613800,Home Loan,6711063,2902737
TX802030,2024-03-15,RE5058,B9130,Komal Nair,Ahmedabad,Latika Bose,Online Portal,13282000,3,398500,12883500,Full Payment,0,12883500
TX802581,2024-03-16,RE5066,B9097,Priya Menon,Bangalore,Sameer Khanna,Broker Referral,5628000,8,450200,5177800,Builder Finance Plan,2111624,3066176
TX802594,2024-03-16,RE5070,B9227,Amit Reddy,Nashik,Latika Bose,Walk-in,15405000,0,0,15405000,Home Loan,11933410,3471590
TX800423,2024-03-17,RE5092,B9257,Vaishnavi Deshmukh,Ahmedabad,Nandita Rao,Broker Referral,20099000,4,804000,19295000,Builder Finance Plan,9196360,10098640
TX800828,2024-03-18,RE5109,B9015,Priya Kapoor,Ahmedabad,Sneha Kapoor,Broker Referral,13206000,3,396200,12809800,Home Loan,8357691,4452109
TX800976,2024-03-19,RE5095,B9193,Pallavi Deshmukh,Chennai,Ritu Saxena,Property Expo,11454000,8,916300,10537700,Home Loan,7596665,2941035
TX800323,2024-03-20,RE5027,B9058,Pallavi Verma,Nagpur,Latika Bose,Broker Referral,4750000,2,95000,4655000,Home Loan,3937207,717793
TX800592,2024-03-20,RE5100,B9017,Komal Deshmukh,Nashik,Farida Sheikh,Online Portal,2996000,5,149800,2846200,Home Loan,2074733,771467
TX801912,2024-03-20,RE5047,B9070,Ashok Gupta,Pune,Rohit Ahluwalia,Online Portal,3321000,0,0,3321000,Home Loan,2604297,716703
TX802546,2024-03-20,RE5042,B9172,Sandeep Pillai,Mumbai,Nandita Rao,Online Portal,4080000,0,0,4080000,Home Loan,3111501,968499
TX800377,2024-03-21,RE5064,B9148,Anil Patil,Nashik,Sameer Khanna,Walk-in,6493000,2,129900,6363100,Home Loan,4213220,2149880
TX800680,2024-03-21,RE5073,B9009,Aishwarya Pillai,Chennai,Sameer Khanna,Broker Referral,2689000,0,0,2689000,Home Loan,2049316,639684
TX800915,2024-03-21,RE5061,B9119,Sunita Chopra,Nashik,Farida Sheikh,Online Portal,16199000,0,0,16199000,Home Loan,11263552,4935448
TX801195,2024-03-21,RE5059,B9194,Manoj Agarwal,Hyderabad,Ritu Saxena,Broker Referral,10108000,3,303200,9804800,Home Loan,7844660,1960140
TX802195,2024-03-21,RE5034,B9026,Vivaan Kumar,Pune,Manish Tiwari,Online Portal,6639000,0,0,6639000,Full Payment,0,6639000
TX802382,2024-03-21,RE5063,B9077,Ravi Menon,Mumbai,Sameer Khanna,Broker Referral,9206000,5,460300,8745700,Home Loan,6945723,1799977
TX802401,2024-03-21,RE5068,B9240,Ishita Pawar,Mumbai,Ritu Saxena,Property Expo,12581000,2,251600,12329400,Home Loan,10318012,2011388
TX802421,2024-03-21,RE5019,B9018,Ritika Kapoor,Bangalore,Ritu Saxena,Broker Referral,15490000,0,0,15490000,Home Loan,11728719,3761281
TX802490,2024-03-21,RE5020,B9243,Sneha Chopra,Bangalore,Poonam Chandra,Online Portal,26898000,0,0,26898000,Home Loan,21640265,5257735
TX801438,2024-03-23,RE5070,B9170,Saanvi Menon,Chennai,Ritu Saxena,Online Portal,15405000,0,0,15405000,Home Loan,12027612,3377388
TX800288,2024-03-24,RE5100,B9077,Ravi Menon,Mumbai,Ritu Saxena,Walk-in,2996000,0,0,2996000,Full Payment,0,2996000
TX800028,2024-03-25,RE5030,B9211,Amit Malhotra,Bangalore,Ritu Saxena,Broker Referral,5599000,1,56000,5543000,Home Loan,3792005,1750995
TX800546,2024-03-25,RE5138,B9216,Siddharth More,Bangalore,Arvind Rathi,Online Portal,8071000,1,80700,7990300,Home Loan,5742316,2247984
TX802304,2024-03-25,RE5076,B9047,Sunita Singh,Pune,Poonam Chandra,Broker Referral,12143000,3,364300,11778700,Full Payment,0,11778700
TX800286,2024-03-26,RE5128,B9198,Anika Kapoor,Mumbai,Latika Bose,Walk-in,6347000,4,253900,6093100,Home Loan,4206512,1886588
TX800393,2024-03-26,RE5027,B9035,Ishita Agarwal,Delhi NCR,Imran Sheikh,Online Portal,4750000,0,0,4750000,Home Loan,3669896,1080104
TX801416,2024-03-26,RE5035,B9200,Nikhil Deshmukh,Ahmedabad,Nandita Rao,Broker Referral,4560000,8,364800,4195200,Full Payment,0,4195200
TX801468,2024-03-26,RE5066,B9240,Ishita Pawar,Mumbai,Sneha Kapoor,Walk-in,5628000,5,281400,5346600,Full Payment,0,5346600
TX800253,2024-03-27,RE5095,B9012,Ganesh Bhosale,Mumbai,Ritu Saxena,Broker Referral,11454000,0,0,11454000,Home Loan,9304604,2149396
TX800589,2024-03-27,RE5058,B9031,Karthik Deshmukh,Delhi NCR,Poonam Chandra,Online Portal,13282000,6,796900,12485100,Home Loan,8133001,4352099
TX801921,2024-03-27,RE5072,B9080,Priya Sharma,Chennai,Arvind Rathi,Online Portal,8658000,0,0,8658000,Full Payment,0,8658000
TX800041,2024-03-28,RE5002,B9200,Nikhil Deshmukh,Ahmedabad,Nandita Rao,Online Portal,4714000,2,94300,4619700,Full Payment,0,4619700
TX800692,2024-03-28,RE5031,B9033,Amit Kapoor,Ahmedabad,Sneha Kapoor,Broker Referral,5915000,2,118300,5796700,Home Loan,4082750,1713950
TX801180,2024-03-28,RE5107,B9151,Amit Kulkarni,Bangalore,Manish Tiwari,Online Portal,52523000,0,0,52523000,Home Loan,39008362,13514638
TX801686,2024-03-28,RE5137,B9040,Navya Pawar,Ahmedabad,Farida Sheikh,Walk-in,8263000,0,0,8263000,Builder Finance Plan,4905201,3357799
TX801699,2024-03-28,RE5009,B9121,Aishwarya Jadhav,Hyderabad,Poonam Chandra,Online Portal,11535000,3,346000,11189000,Home Loan,8077104,3111896
TX802333,2024-03-28,RE5097,B9134,Diya Kale,Chennai,Sameer Khanna,Online Portal,16374000,6,982400,15391600,Home Loan,12375457,3016143
TX800275,2024-04-01,RE5075,B9170,Saanvi Menon,Chennai,Nandita Rao,Broker Referral,13027000,3,390800,12636200,Home Loan,10027774,2608426
TX800638,2024-04-02,RE5114,B9053,Nidhi Shah,Bangalore,Sneha Kapoor,Broker Referral,7105000,6,426300,6678700,Home Loan,5575742,1102958
TX800970,2024-04-02,RE5022,B9244,Vivaan Iyer,Mumbai,Nandita Rao,Walk-in,3810000,8,304800,3505200,Home Loan,2823603,681597
TX801245,2024-04-02,RE5020,B9016,Vihaan Kapoor,Nashik,Rohit Ahluwalia,Broker Referral,26898000,3,806900,26091100,Full Payment,0,26091100
TX801983,2024-04-02,RE5088,B9213,Ishita Joshi,Delhi NCR,Rohit Ahluwalia,Online Portal,16482000,3,494500,15987500,Home Loan,10873461,5114039
TX802494,2024-04-02,RE5052,B9102,Navya Kale,Delhi NCR,Arvind Rathi,Broker Referral,45599000,1,456000,45143000,Full Payment,0,45143000
TX801891,2024-04-03,RE5135,B9255,Sandeep Nair,Mumbai,Manish Tiwari,Property Expo,7660000,1,76600,7583400,Home Loan,6399129,1184271
TX802489,2024-04-03,RE5009,B9086,Ishita Pillai,Ahmedabad,Ritu Saxena,Broker Referral,11535000,6,692100,10842900,Home Loan,8690521,2152379
TX800195,2024-04-04,RE5087,B9140,Vikram Pillai,Nashik,Ritu Saxena,Broker Referral,23161000,5,1158000,22003000,Builder Finance Plan,12330972,9672028
TX800892,2024-04-04,RE5040,B9064,Rahul Sharma,Nagpur,Ritu Saxena,Walk-in,7062000,6,423700,6638300,Full Payment,0,6638300
TX800965,2024-04-04,RE5054,B9085,Mahesh Jadhav,Mumbai,Farida Sheikh,Online Portal,11868000,0,0,11868000,Home Loan,8931484,2936516
TX801161,2024-04-05,RE5092,B9049,Aarav Verma,Hyderabad,Manish Tiwari,Walk-in,20099000,0,0,20099000,Home Loan,17081852,3017148
TX800486,2024-04-06,RE5105,B9143,Suresh Nair,Ahmedabad,Poonam Chandra,Broker Referral,15306000,2,306100,14999900,Full Payment,0,14999900
TX802085,2024-04-06,RE5114,B9012,Ganesh Bhosale,Mumbai,Devendra Solanki,Walk-in,7105000,1,71000,7034000,Full Payment,0,7034000
TX802453,2024-04-06,RE5140,B9034,Meena Jadhav,Hyderabad,Poonam Chandra,Broker Referral,8481000,8,678500,7802500,Home Loan,5075251,2727249
TX802477,2024-04-06,RE5035,B9040,Navya Pawar,Ahmedabad,Devendra Solanki,Walk-in,4560000,0,0,4560000,Home Loan,3124477,1435523
TX802485,2024-04-06,RE5027,B9172,Sandeep Pillai,Mumbai,Imran Sheikh,Walk-in,4750000,0,0,4750000,Home Loan,3804765,945235
TX802564,2024-04-06,RE5076,B9016,Vihaan Kapoor,Nashik,Nandita Rao,Property Expo,12143000,8,971400,11171600,Home Loan,7456812,3714788
TX800263,2024-04-07,RE5095,B9254,Neha Singh,Ahmedabad,Poonam Chandra,Property Expo,11454000,0,0,11454000,Home Loan,8613142,2840858
TX801257,2024-04-07,RE5070,B9014,Manoj Iyer,Bangalore,Sneha Kapoor,Online Portal,15405000,0,0,15405000,Home Loan,12575137,2829863
TX802033,2024-04-07,RE5099,B9039,Deepak Rao,Ahmedabad,Manish Tiwari,Online Portal,17476000,2,349500,17126500,Home Loan,14483746,2642754
TX800114,2024-04-08,RE5121,B9255,Sandeep Nair,Mumbai,Sneha Kapoor,Online Portal,21312000,0,0,21312000,Home Loan,14608181,6703819
TX801550,2024-04-08,RE5012,B9112,Anika Nair,Nagpur,Sneha Kapoor,Online Portal,3863000,0,0,3863000,Full Payment,0,3863000
TX802326,2024-04-08,RE5029,B9244,Vivaan Iyer,Mumbai,Manish Tiwari,Online Portal,4467000,8,357400,4109600,Full Payment,0,4109600
TX802340,2024-04-08,RE5116,B9169,Rahul Jadhav,Pune,Manish Tiwari,Walk-in,11141000,0,0,11141000,Home Loan,7475656,3665344
TX801629,2024-04-09,RE5108,B9133,Aadhya Kulkarni,Mumbai,Poonam Chandra,Online Portal,11538000,0,0,11538000,Home Loan,7920511,3617489
TX800445,2024-04-10,RE5083,B9172,Sandeep Pillai,Mumbai,Ritu Saxena,Broker Referral,20903000,0,0,20903000,Home Loan,17465891,3437109
TX800480,2024-04-10,RE5067,B9222,Aadhya Deshmukh,Hyderabad,Poonam Chandra,Walk-in,6066000,5,303300,5762700,Full Payment,0,5762700
TX800909,2024-04-10,RE5085,B9095,Shweta Verma,Delhi NCR,Manish Tiwari,Broker Referral,5697000,6,341800,5355200,Home Loan,3495473,1859727
TX801329,2024-04-10,RE5029,B9053,Nidhi Shah,Bangalore,Poonam Chandra,Property Expo,4467000,4,178700,4288300,Home Loan,3222005,1066295
TX800310,2024-04-11,RE5026,B9112,Anika Nair,Nagpur,Latika Bose,Broker Referral,2963000,3,88900,2874100,Home Loan,2143913,730187
TX800383,2024-04-11,RE5047,B9214,Anil Verma,Nagpur,Poonam Chandra,Online Portal,3321000,0,0,3321000,Home Loan,2727591,593409
TX801106,2024-04-11,RE5017,B9061,Aishwarya Reddy,Ahmedabad,Manish Tiwari,Online Portal,16319000,6,979100,15339900,Home Loan,12445526,2894374
TX801031,2024-04-12,RE5080,B9099,Vikram Pillai,Bangalore,Devendra Solanki,Property Expo,2660000,3,79800,2580200,Home Loan,2045106,535094
TX801276,2024-04-12,RE5019,B9032,Karan Pawar,Delhi NCR,Ritu Saxena,Walk-in,15490000,2,309800,15180200,Full Payment,0,15180200
TX802566,2024-04-13,RE5089,B9045,Aishwarya Verma,Nagpur,Nandita Rao,Walk-in,13626000,0,0,13626000,Home Loan,10486716,3139284
TX800320,2024-04-14,RE5106,B9072,Priya Jadhav,Nagpur,Manish Tiwari,Online Portal,8581000,6,514900,8066100,Builder Finance Plan,4689553,3376547
TX800549,2024-04-14,RE5125,B9157,Ritu Patil,Mumbai,Imran Sheikh,Property Expo,5517000,8,441400,5075600,Builder Finance Plan,2317427,2758173
TX801006,2024-04-14,RE5022,B9223,Swati Reddy,Hyderabad,Ritu Saxena,Walk-in,3810000,4,152400,3657600,Full Payment,0,3657600
TX802094,2024-04-14,RE5047,B9204,Vikram Agarwal,Chennai,Poonam Chandra,Online Portal,3321000,1,33200,3287800,Full Payment,0,3287800
TX802114,2024-04-14,RE5122,B9036,Anil Nair,Ahmedabad,Devendra Solanki,Online Portal,12299000,0,0,12299000,Home Loan,8788162,3510838
TX802265,2024-04-14,RE5119,B9086,Ishita Pillai,Ahmedabad,Arvind Rathi,Walk-in,33566000,0,0,33566000,Home Loan,26773382,6792618
TX800360,2024-04-15,RE5027,B9118,Suresh Chopra,Mumbai,Imran Sheikh,Broker Referral,4750000,4,190000,4560000,Home Loan,3167125,1392875
TX800513,2024-04-15,RE5137,B9216,Siddharth More,Bangalore,Arvind Rathi,Walk-in,8263000,0,0,8263000,Home Loan,5532832,2730168
TX800791,2024-04-15,RE5046,B9248,Vivaan Patil,Hyderabad,Manish Tiwari,Broker Referral,41465000,0,0,41465000,Builder Finance Plan,24692712,16772288
TX801015,2024-04-15,RE5100,B9245,Myra Kumar,Bangalore,Sneha Kapoor,Online Portal,2996000,1,30000,2966000,Full Payment,0,2966000
TX801575,2024-04-15,RE5091,B9003,Nikita Iyer,Bangalore,Rohit Ahluwalia,Walk-in,3687000,0,0,3687000,Home Loan,2620391,1066609
TX801757,2024-04-15,RE5130,B9251,Karan Mehta,Mumbai,Rohit Ahluwalia,Property Expo,36077000,0,0,36077000,Home Loan,24564891,11512109
TX801169,2024-04-16,RE5132,B9157,Ritu Patil,Mumbai,Sameer Khanna,Walk-in,5980000,0,0,5980000,Home Loan,4555800,1424200
TX801537,2024-04-16,RE5062,B9146,Swati Singh,Hyderabad,Sameer Khanna,Walk-in,4684000,2,93700,4590300,Home Loan,3680277,910023
TX801574,2024-04-16,RE5126,B9243,Sneha Chopra,Bangalore,Sameer Khanna,Online Portal,20113000,0,0,20113000,Full Payment,0,20113000
TX802255,2024-04-16,RE5067,B9018,Ritika Kapoor,Bangalore,Poonam Chandra,Walk-in,6066000,4,242600,5823400,Home Loan,4015696,1807704
TX800097,2024-04-17,RE5050,B9081,Mahesh Singh,Hyderabad,Sneha Kapoor,Broker Referral,17781000,0,0,17781000,Home Loan,14452458,3328542
TX800540,2024-04-17,RE5083,B9057,Karan Menon,Bangalore,Devendra Solanki,Property Expo,20903000,2,418100,20484900,Home Loan,16293658,4191242
TX800832,2024-04-17,RE5056,B9026,Vivaan Kumar,Pune,Arvind Rathi,Property Expo,12967000,2,259300,12707700,Home Loan,9155708,3551992
TX801084,2024-04-17,RE5115,B9248,Vivaan Patil,Hyderabad,Devendra Solanki,Online Portal,9810000,2,196200,9613800,Home Loan,7925558,1688242
TX801685,2024-04-18,RE5117,B9011,Kavita Gupta,Nashik,Nandita Rao,Broker Referral,5691000,0,0,5691000,Home Loan,4486594,1204406
TX800498,2024-04-19,RE5053,B9062,Prakash Nair,Chennai,Devendra Solanki,Broker Referral,5798000,0,0,5798000,Home Loan,4193224,1604776
TX801108,2024-04-19,RE5001,B9211,Amit Malhotra,Bangalore,Nandita Rao,Broker Referral,5254000,0,0,5254000,Home Loan,3610580,1643420
TX802362,2024-04-19,RE5122,B9148,Anil Patil,Nashik,Arvind Rathi,Walk-in,12299000,0,0,12299000,Full Payment,0,12299000
TX802488,2024-04-19,RE5076,B9247,Anika Chopra,Pune,Sneha Kapoor,Property Expo,12143000,1,121400,12021600,Home Loan,9077625,2943975
TX800385,2024-04-20,RE5002,B9028,Sneha Patil,Ahmedabad,Imran Sheikh,Broker Referral,4714000,5,235700,4478300,Full Payment,0,4478300
TX800527,2024-04-20,RE5012,B9168,Vihaan Patil,Bangalore,Ritu Saxena,Online Portal,3863000,5,193200,3669800,Home Loan,2410262,1259538
TX800704,2024-04-20,RE5101,B9133,Aadhya Kulkarni,Mumbai,Latika Bose,Online Portal,12091000,1,120900,11970100,Full Payment,0,11970100
TX800771,2024-04-20,RE5004,B9031,Karthik Deshmukh,Delhi NCR,Imran Sheikh,Online Portal,4450000,8,356000,4094000,Builder Finance Plan,1920553,2173447
TX801224,2024-04-20,RE5001,B9104,Nidhi Pillai,Delhi NCR,Sameer Khanna,Broker Referral,5254000,5,262700,4991300,Builder Finance Plan,2004223,2987077
TX801858,2024-04-20,RE5049,B9097,Priya Menon,Bangalore,Ritu Saxena,Broker Referral,27973000,4,1118900,26854100,Home Loan,19003824,7850276
TX802474,2024-04-20,RE5055,B9230,Siddharth Pawar,Chennai,Arvind Rathi,Broker Referral,4339000,0,0,4339000,Home Loan,2854166,1484834
TX800581,2024-04-21,RE5109,B9177,Sneha Deshmukh,Pune,Sameer Khanna,Walk-in,13206000,0,0,13206000,Home Loan,9278553,3927447
TX802547,2024-04-21,RE5032,B9169,Rahul Jadhav,Pune,Manish Tiwari,Online Portal,6845000,0,0,6845000,Full Payment,0,6845000
TX800004,2024-04-22,RE5019,B9096,Vikram Singh,Nashik,Sneha Kapoor,Property Expo,15490000,2,309800,15180200,Home Loan,11072594,4107606
TX801121,2024-04-23,RE5050,B9164,Suresh Verma,Ahmedabad,Rohit Ahluwalia,Property Expo,17781000,8,1422500,16358500,Home Loan,10889243,5469257
TX800202,2024-04-24,RE5020,B9207,Manoj Bhosale,Bangalore,Manish Tiwari,Walk-in,26898000,0,0,26898000,Home Loan,21665965,5232035
TX800321,2024-04-24,RE5023,B9046,Mahesh Chopra,Nagpur,Manish Tiwari,Property Expo,6237000,6,374200,5862800,Home Loan,3920065,1942735
TX801432,2024-04-24,RE5095,B9038,Ishita Mehta,Nashik,Arvind Rathi,Walk-in,11454000,0,0,11454000,Home Loan,8588805,2865195
TX801635,2024-04-24,RE5027,B9104,Nidhi Pillai,Delhi NCR,Farida Sheikh,Broker Referral,4750000,0,0,4750000,Full Payment,0,4750000
TX802171,2024-04-24,RE5037,B9246,Ananya Patil,Chennai,Sameer Khanna,Property Expo,5785000,0,0,5785000,Full Payment,0,5785000
TX802425,2024-04-24,RE5001,B9001,Vijay Reddy,Chennai,Arvind Rathi,Walk-in,5254000,1,52500,5201500,Home Loan,3924045,1277455
TX802469,2024-04-24,RE5122,B9197,Amit Kale,Bangalore,Ritu Saxena,Online Portal,12299000,1,123000,12176000,Full Payment,0,12176000
TX800503,2024-04-25,RE5074,B9077,Ravi Menon,Mumbai,Sameer Khanna,Broker Referral,13595000,1,136000,13459000,Builder Finance Plan,6293262,7165738
TX800806,2024-04-25,RE5129,B9011,Kavita Gupta,Nashik,Devendra Solanki,Broker Referral,27963000,0,0,27963000,Home Loan,23697385,4265615
TX800929,2024-04-25,RE5140,B9212,Ashok Sharma,Ahmedabad,Rohit Ahluwalia,Online Portal,8481000,0,0,8481000,Home Loan,7078844,1402156
TX801184,2024-04-25,RE5079,B9036,Anil Nair,Ahmedabad,Sneha Kapoor,Online Portal,6084000,0,0,6084000,Home Loan,4412034,1671966
TX801600,2024-04-25,RE5042,B9109,Shweta Jadhav,Hyderabad,Rohit Ahluwalia,Property Expo,4080000,0,0,4080000,Home Loan,3191830,888170
TX801689,2024-04-25,RE5054,B9153,Vihaan Verma,Ahmedabad,Ritu Saxena,Walk-in,11868000,4,474700,11393300,Full Payment,0,11393300
TX800391,2024-04-26,RE5030,B9229,Bhavna Jadhav,Nashik,Poonam Chandra,Walk-in,5599000,0,0,5599000,Home Loan,4666038,932962
TX800900,2024-04-26,RE5129,B9057,Karan Menon,Bangalore,Ritu Saxena,Online Portal,27963000,5,1398200,26564800,Home Loan,21929773,4635027
TX801704,2024-04-26,RE5127,B9163,Diya Verma,Chennai,Nandita Rao,Online Portal,7365000,4,294600,7070400,Home Loan,5562906,1507494
TX801909,2024-04-26,RE5051,B9082,Ashok Gaikwad,Bangalore,Nandita Rao,Property Expo,18820000,0,0,18820000,Home Loan,12605137,6214863
TX801975,2024-04-26,RE5041,B9172,Sandeep Pillai,Mumbai,Imran Sheikh,Online Portal,6416000,0,0,6416000,Builder Finance Plan,2741433,3674567
TX801563,2024-04-27,RE5100,B9176,Ananya Bansal,Hyderabad,Sneha Kapoor,Online Portal,2996000,0,0,2996000,Full Payment,0,2996000
TX801758,2024-04-27,RE5122,B9011,Kavita Gupta,Nashik,Manish Tiwari,Online Portal,12299000,8,983900,11315100,Home Loan,7519646,3795454
TX802146,2024-04-27,RE5004,B9126,Aishwarya Shah,Nashik,Ritu Saxena,Online Portal,4450000,0,0,4450000,Home Loan,3377906,1072094
TX800230,2024-05-01,RE5074,B9046,Mahesh Chopra,Nagpur,Imran Sheikh,Property Expo,13595000,0,0,13595000,Home Loan,9158490,4436510
TX800272,2024-05-01,RE5009,B9079,Pallavi Patil,Bangalore,Nandita Rao,Online Portal,11535000,8,922800,10612200,Home Loan,7900682,2711518
TX800912,2024-05-01,RE5036,B9093,Mahesh Kumar,Bangalore,Latika Bose,Broker Referral,4110000,0,0,4110000,Home Loan,3174536,935464
TX800443,2024-05-02,RE5095,B9259,Yash Menon,Nashik,Sneha Kapoor,Walk-in,11454000,1,114500,11339500,Builder Finance Plan,4818396,6521104
TX801302,2024-05-02,RE5074,B9063,Diya Agarwal,Pune,Rohit Ahluwalia,Online Portal,13595000,0,0,13595000,Home Loan,10260079,3334921
TX801371,2024-05-02,RE5128,B9102,Navya Kale,Delhi NCR,Manish Tiwari,Online Portal,6347000,3,190400,6156600,Home Loan,4287911,1868689
TX801914,2024-05-02,RE5016,B9125,Swati Jadhav,Pune,Devendra Solanki,Broker Referral,16170000,0,0,16170000,Home Loan,12148212,4021788
TX800322,2024-05-03,RE5109,B9092,Sanjay Reddy,Chennai,Ritu Saxena,Walk-in,13206000,1,132100,13073900,Home Loan,9355191,3718709
TX800849,2024-05-03,RE5128,B9204,Vikram Agarwal,Chennai,Poonam Chandra,Broker Referral,6347000,3,190400,6156600,Home Loan,4928588,1228012
TX800945,2024-05-03,RE5012,B9021,Rajiv Naik,Nashik,Manish Tiwari,Broker Referral,3863000,4,154500,3708500,Full Payment,0,3708500
TX802159,2024-05-03,RE5045,B9111,Naveen Sharma,Delhi NCR,Ritu Saxena,Online Portal,94090000,3,2822700,91267300,Home Loan,77155753,14111547
TX801059,2024-05-04,RE5050,B9128,Sneha Mehta,Mumbai,Ritu Saxena,Online Portal,17781000,8,1422500,16358500,Home Loan,12239626,4118874
TX801486,2024-05-04,RE5064,B9081,Mahesh Singh,Hyderabad,Poonam Chandra,Online Portal,6493000,1,64900,6428100,Full Payment,0,6428100
TX801668,2024-05-04,RE5054,B9111,Naveen Sharma,Delhi NCR,Arvind Rathi,Walk-in,11868000,3,356000,11512000,Home Loan,8160894,3351106
TX801680,2024-05-04,RE5120,B9153,Vihaan Verma,Ahmedabad,Latika Bose,Broker Referral,5862000,8,469000,5393000,Full Payment,0,5393000
TX802533,2024-05-04,RE5026,B9126,Aishwarya Shah,Nashik,Imran Sheikh,Walk-in,2963000,0,0,2963000,Full Payment,0,2963000
TX800238,2024-05-05,RE5032,B9032,Karan Pawar,Delhi NCR,Sneha Kapoor,Online Portal,6845000,0,0,6845000,Home Loan,5191496,1653504
TX800613,2024-05-05,RE5022,B9106,Shreya Deshmukh,Chennai,Poonam Chandra,Property Expo,3810000,0,0,3810000,Home Loan,2915094,894906
TX802208,2024-05-05,RE5051,B9061,Aishwarya Reddy,Ahmedabad,Poonam Chandra,Broker Referral,18820000,8,1505600,17314400,Full Payment,0,17314400
TX800959,2024-05-06,RE5062,B9003,Nikita Iyer,Bangalore,Sameer Khanna,Online Portal,4684000,2,93700,4590300,Home Loan,3471737,1118563
TX801079,2024-05-06,RE5108,B9140,Vikram Pillai,Nashik,Latika Bose,Online Portal,11538000,0,0,11538000,Home Loan,8170879,3367121
TX802569,2024-05-06,RE5050,B9168,Vihaan Patil,Bangalore,Sneha Kapoor,Property Expo,17781000,1,177800,17603200,Full Payment,0,17603200
TX800989,2024-05-07,RE5110,B9117,Ravi Jadhav,Nashik,Poonam Chandra,Walk-in,11297000,3,338900,10958100,Home Loan,8351389,2606711
TX801191,2024-05-07,RE5002,B9110,Sneha Bansal,Chennai,Nandita Rao,Property Expo,4714000,0,0,4714000,Builder Finance Plan,2778328,1935672
TX801922,2024-05-07,RE5064,B9217,Kavita Jadhav,Hyderabad,Nandita Rao,Broker Referral,6493000,0,0,6493000,Home Loan,4437422,2055578
TX802142,2024-05-07,RE5108,B9109,Shweta Jadhav,Hyderabad,Farida Sheikh,Broker Referral,11538000,1,115400,11422600,Full Payment,0,11422600
TX801155,2024-05-08,RE5079,B9062,Prakash Nair,Chennai,Sneha Kapoor,Broker Referral,6084000,4,243400,5840600,Home Loan,4138669,1701931
TX801772,2024-05-08,RE5139,B9080,Priya Sharma,Chennai,Ritu Saxena,Walk-in,10653000,0,0,10653000,Full Payment,0,10653000
TX802338,2024-05-08,RE5130,B9197,Amit Kale,Bangalore,Devendra Solanki,Broker Referral,36077000,1,360800,35716200,Home Loan,27044340,8671860
TX802436,2024-05-08,RE5092,B9143,Suresh Nair,Ahmedabad,Ritu Saxena,Online Portal,20099000,0,0,20099000,Home Loan,14323077,5775923
TX800399,2024-05-09,RE5004,B9062,Prakash Nair,Chennai,Rohit Ahluwalia,Property Expo,4450000,6,267000,4183000,Builder Finance Plan,2401097,1781903
TX800534,2024-05-09,RE5072,B9168,Vihaan Patil,Bangalore,Ritu Saxena,Walk-in,8658000,0,0,8658000,Full Payment,0,8658000
TX801356,2024-05-09,RE5017,B9007,Ananya Kumar,Mumbai,Latika Bose,Broker Referral,16319000,0,0,16319000,Builder Finance Plan,6894842,9424158
TX800177,2024-05-10,RE5091,B9170,Saanvi Menon,Chennai,Latika Bose,Broker Referral,3687000,0,0,3687000,Full Payment,0,3687000
TX800087,2024-05-11,RE5080,B9208,Vihaan More,Chennai,Poonam Chandra,Broker Referral,2660000,0,0,2660000,Full Payment,0,2660000
TX800820,2024-05-11,RE5092,B9114,Ishita More,Bangalore,Latika Bose,Property Expo,20099000,0,0,20099000,Full Payment,0,20099000
TX802236,2024-05-11,RE5002,B9103,Ishita Nair,Pune,Rohit Ahluwalia,Walk-in,4714000,0,0,4714000,Full Payment,0,4714000
TX800055,2024-05-12,RE5067,B9208,Vihaan More,Chennai,Farida Sheikh,Online Portal,6066000,1,60700,6005300,Home Loan,4240802,1764498
TX800701,2024-05-12,RE5119,B9186,Ashok Rao,Delhi NCR,Sneha Kapoor,Broker Referral,33566000,0,0,33566000,Home Loan,26490599,7075401
TX801111,2024-05-12,RE5094,B9156,Pallavi Kumar,Nagpur,Rohit Ahluwalia,Online Portal,8924000,0,0,8924000,Home Loan,6027408,2896592
TX801323,2024-05-12,RE5139,B9082,Ashok Gaikwad,Bangalore,Rohit Ahluwalia,Property Expo,10653000,0,0,10653000,Home Loan,8391062,2261938
TX800441,2024-05-13,RE5116,B9169,Rahul Jadhav,Pune,Arvind Rathi,Broker Referral,11141000,0,0,11141000,Builder Finance Plan,4946436,6194564
TX802025,2024-05-13,RE5002,B9095,Shweta Verma,Delhi NCR,Poonam Chandra,Walk-in,4714000,0,0,4714000,Home Loan,3812570,901430
TX800002,2024-05-14,RE5055,B9174,Anika Shah,Mumbai,Sameer Khanna,Online Portal,4339000,0,0,4339000,Home Loan,3675850,663150
TX801406,2024-05-14,RE5114,B9011,Kavita Gupta,Nashik,Sameer Khanna,Online Portal,7105000,3,213200,6891800,Home Loan,5465392,1426408
TX801547,2024-05-14,RE5014,B9054,Karthik Menon,Mumbai,Devendra Solanki,Online Portal,4926000,0,0,4926000,Full Payment,0,4926000
TX802350,2024-05-14,RE5137,B9055,Aadhya Verma,Nashik,Poonam Chandra,Online Portal,8263000,4,330500,7932500,Home Loan,6646584,1285916
TX800529,2024-05-15,RE5041,B9229,Bhavna Jadhav,Nashik,Nandita Rao,Online Portal,6416000,5,320800,6095200,Home Loan,4196382,1898818
TX801255,2024-05-15,RE5099,B9151,Amit Kulkarni,Bangalore,Farida Sheikh,Property Expo,17476000,2,349500,17126500,Home Loan,12431721,4694779
TX801454,2024-05-15,RE5076,B9196,Anjali More,Chennai,Devendra Solanki,Online Portal,12143000,6,728600,11414400,Full Payment,0,11414400
TX801192,2024-05-16,RE5108,B9092,Sanjay Reddy,Chennai,Devendra Solanki,Broker Referral,11538000,0,0,11538000,Home Loan,7965050,3572950
TX802028,2024-05-16,RE5101,B9258,Swati Iyer,Hyderabad,Manish Tiwari,Online Portal,12091000,2,241800,11849200,Home Loan,8616677,3232523
TX801149,2024-05-18,RE5085,B9250,Kavita Iyer,Nashik,Nandita Rao,Broker Referral,5697000,5,284800,5412200,Home Loan,4421942,990258
TX801413,2024-05-18,RE5035,B9075,Komal Deshmukh,Pune,Latika Bose,Online Portal,4560000,0,0,4560000,Full Payment,0,4560000
TX801057,2024-05-19,RE5027,B9125,Swati Jadhav,Pune,Devendra Solanki,Online Portal,4750000,0,0,4750000,Builder Finance Plan,2327648,2422352
TX800077,2024-05-20,RE5087,B9181,Arjun Shinde,Delhi NCR,Sneha Kapoor,Walk-in,23161000,6,1389700,21771300,Home Loan,15694295,6077005
TX802589,2024-05-20,RE5117,B9219,Shweta Gupta,Mumbai,Latika Bose,Walk-in,5691000,0,0,5691000,Home Loan,4690401,1000599
TX800096,2024-05-21,RE5037,B9238,Nitin Naik,Nagpur,Rohit Ahluwalia,Walk-in,5785000,0,0,5785000,Home Loan,4470610,1314390
TX800148,2024-05-21,RE5005,B9168,Vihaan Patil,Bangalore,Sameer Khanna,Online Portal,18501000,1,185000,18316000,Home Loan,12450930,5865070
TX800189,2024-05-21,RE5120,B9212,Ashok Sharma,Ahmedabad,Nandita Rao,Walk-in,5862000,6,351700,5510300,Full Payment,0,5510300
TX801448,2024-05-21,RE5075,B9025,Karthik Mehta,Pune,Imran Sheikh,Online Portal,13027000,8,1042200,11984800,Home Loan,8014408,3970392
TX801946,2024-05-21,RE5109,B9045,Aishwarya Verma,Nagpur,Ritu Saxena,Online Portal,13206000,6,792400,12413600,Home Loan,10012311,2401289
TX800786,2024-05-22,RE5099,B9164,Suresh Verma,Ahmedabad,Devendra Solanki,Broker Referral,17476000,6,1048600,16427400,Full Payment,0,16427400
TX802020,2024-05-22,RE5093,B9123,Ravi Shah,Nashik,Imran Sheikh,Online Portal,5216000,1,52200,5163800,Full Payment,0,5163800
TX800698,2024-05-23,RE5005,B9029,Priya Kapoor,Bangalore,Manish Tiwari,Online Portal,18501000,3,555000,17946000,Home Loan,13478686,4467314
TX802567,2024-05-23,RE5068,B9222,Aadhya Deshmukh,Hyderabad,Nandita Rao,Broker Referral,12581000,0,0,12581000,Home Loan,9546009,3034991
TX801391,2024-05-24,RE5017,B9006,Komal Shah,Ahmedabad,Farida Sheikh,Property Expo,16319000,5,816000,15503000,Home Loan,12475852,3027148
TX800151,2024-05-25,RE5079,B9046,Mahesh Chopra,Nagpur,Farida Sheikh,Online Portal,6084000,0,0,6084000,Home Loan,5079661,1004339
TX800222,2024-05-25,RE5035,B9052,Aishwarya Malhotra,Ahmedabad,Sneha Kapoor,Walk-in,4560000,4,182400,4377600,Home Loan,3702197,675403
TX801807,2024-05-25,RE5123,B9115,Sneha Bhosale,Bangalore,Ritu Saxena,Walk-in,4902000,4,196100,4705900,Home Loan,3450978,1254922
TX802123,2024-05-25,RE5012,B9183,Nitin Bansal,Mumbai,Sneha Kapoor,Online Portal,3863000,0,0,3863000,Home Loan,3167566,695434
TX801259,2024-05-26,RE5060,B9032,Karan Pawar,Delhi NCR,Latika Bose,Walk-in,4058000,2,81200,3976800,Builder Finance Plan,1717504,2259296
TX800426,2024-05-27,RE5024,B9088,Ganesh Shinde,Chennai,Sameer Khanna,Broker Referral,9685000,5,484200,9200800,Home Loan,6130922,3069878
TX802420,2024-05-27,RE5064,B9203,Nikhil Nair,Hyderabad,Ritu Saxena,Broker Referral,6493000,1,64900,6428100,Full Payment,0,6428100
TX802170,2024-05-28,RE5024,B9222,Aadhya Deshmukh,Hyderabad,Rohit Ahluwalia,Property Expo,9685000,5,484200,9200800,Home Loan,6071455,3129345
TX800034,2024-06-01,RE5036,B9045,Aishwarya Verma,Nagpur,Manish Tiwari,Online Portal,4110000,0,0,4110000,Home Loan,3133080,976920
TX800074,2024-06-01,RE5056,B9030,Aditya Kulkarni,Nagpur,Sameer Khanna,Online Portal,12967000,0,0,12967000,Builder Finance Plan,6379000,6588000
TX801659,2024-06-01,RE5094,B9239,Anjali Jadhav,Pune,Latika Bose,Broker Referral,8924000,0,0,8924000,Home Loan,6786472,2137528
TX802184,2024-06-01,RE5004,B9059,Nitin Patil,Pune,Arvind Rathi,Property Expo,4450000,8,356000,4094000,Builder Finance Plan,2432728,1661272
TX800095,2024-06-02,RE5115,B9173,Priya Rao,Delhi NCR,Manish Tiwari,Broker Referral,9810000,5,490500,9319500,Home Loan,6979112,2340388
TX800639,2024-06-02,RE5135,B9216,Siddharth More,Bangalore,Latika Bose,Property Expo,7660000,4,306400,7353600,Home Loan,5252973,2100627
TX800975,2024-06-02,RE5041,B9024,Ravi Gupta,Bangalore,Poonam Chandra,Walk-in,6416000,1,64200,6351800,Home Loan,5073028,1278772
TX801596,2024-06-02,RE5092,B9180,Ritu More,Hyderabad,Devendra Solanki,Online Portal,20099000,0,0,20099000,Home Loan,14124366,5974634
TX800023,2024-06-03,RE5108,B9048,Deepak Reddy,Mumbai,Manish Tiwari,Property Expo,11538000,0,0,11538000,Home Loan,7754716,3783284
TX800052,2024-06-03,RE5038,B9128,Sneha Mehta,Mumbai,Rohit Ahluwalia,Broker Referral,57033000,3,1711000,55322000,Home Loan,43552044,11769956
TX800255,2024-06-03,RE5084,B9165,Komal Sharma,Pune,Rohit Ahluwalia,Property Expo,20567000,0,0,20567000,Home Loan,15050642,5516358
TX801827,2024-06-03,RE5012,B9076,Anil Sharma,Pune,Devendra Solanki,Online Portal,3863000,0,0,3863000,Home Loan,3005483,857517
TX800283,2024-06-04,RE5052,B9224,Aarav Gupta,Ahmedabad,Devendra Solanki,Online Portal,45599000,0,0,45599000,Full Payment,0,45599000
TX800343,2024-06-04,RE5016,B9255,Sandeep Nair,Mumbai,Ritu Saxena,Broker Referral,16170000,1,161700,16008300,Builder Finance Plan,6852636,9155664
TX800412,2024-06-04,RE5045,B9117,Ravi Jadhav,Nashik,Ritu Saxena,Online Portal,94090000,1,940900,93149100,Builder Finance Plan,40196180,52952920
TX800485,2024-06-04,RE5012,B9073,Meena Patil,Mumbai,Devendra Solanki,Broker Referral,3863000,4,154500,3708500,Home Loan,3049295,659205
TX800977,2024-06-04,RE5091,B9046,Mahesh Chopra,Nagpur,Poonam Chandra,Property Expo,3687000,4,147500,3539500,Full Payment,0,3539500
TX801481,2024-06-04,RE5047,B9210,Ashok Kale,Ahmedabad,Rohit Ahluwalia,Broker Referral,3321000,0,0,3321000,Home Loan,2278177,1042823
TX801489,2024-06-04,RE5041,B9024,Ravi Gupta,Bangalore,Devendra Solanki,Broker Referral,6416000,2,128300,6287700,Builder Finance Plan,3264509,3023191
TX801702,2024-06-04,RE5026,B9116,Navya Pawar,Ahmedabad,Ritu Saxena,Walk-in,2963000,6,177800,2785200,Home Loan,2188767,596433
TX801712,2024-06-04,RE5134,B9189,Yash Rao,Hyderabad,Devendra Solanki,Online Portal,11093000,6,665600,10427400,Home Loan,8815408,1611992
TX800352,2024-06-05,RE5094,B9198,Anika Kapoor,Mumbai,Manish Tiwari,Online Portal,8924000,3,267700,8656300,Home Loan,5871851,2784449
TX800841,2024-06-05,RE5079,B9023,Vikram Agarwal,Nagpur,Farida Sheikh,Walk-in,6084000,0,0,6084000,Home Loan,4426027,1657973
TX801013,2024-06-05,RE5114,B9213,Ishita Joshi,Delhi NCR,Latika Bose,Property Expo,7105000,2,142100,6962900,Full Payment,0,6962900
TX801925,2024-06-05,RE5009,B9051,Shweta Jadhav,Pune,Devendra Solanki,Broker Referral,11535000,0,0,11535000,Home Loan,9339194,2195806
TX802075,2024-06-05,RE5032,B9028,Sneha Patil,Ahmedabad,Latika Bose,Online Portal,6845000,3,205400,6639600,Home Loan,5460548,1179052
TX800481,2024-06-06,RE5138,B9212,Ashok Sharma,Ahmedabad,Imran Sheikh,Broker Referral,8071000,6,484300,7586700,Home Loan,5754898,1831802
TX801779,2024-06-06,RE5116,B9114,Ishita More,Bangalore,Devendra Solanki,Property Expo,11141000,8,891300,10249700,Home Loan,8168331,2081369
TX800944,2024-06-07,RE5051,B9164,Suresh Verma,Ahmedabad,Nandita Rao,Broker Referral,18820000,6,1129200,17690800,Home Loan,12811051,4879749
TX801007,2024-06-07,RE5036,B9111,Naveen Sharma,Delhi NCR,Sameer Khanna,Online Portal,4110000,5,205500,3904500,Full Payment,0,3904500
TX800354,2024-06-08,RE5109,B9008,Ganesh Bhosale,Ahmedabad,Nandita Rao,Broker Referral,13206000,0,0,13206000,Home Loan,10948709,2257291
TX800459,2024-06-08,RE5093,B9085,Mahesh Jadhav,Mumbai,Arvind Rathi,Property Expo,5216000,0,0,5216000,Full Payment,0,5216000
TX800556,2024-06-08,RE5021,B9241,Mahesh Kapoor,Nashik,Sneha Kapoor,Broker Referral,9561000,4,382400,9178600,Full Payment,0,9178600
TX800985,2024-06-08,RE5001,B9196,Anjali More,Chennai,Poonam Chandra,Online Portal,5254000,3,157600,5096400,Full Payment,0,5096400
TX801003,2024-06-08,RE5088,B9141,Aishwarya Gupta,Bangalore,Latika Bose,Online Portal,16482000,5,824100,15657900,Home Loan,13061039,2596861
TX801754,2024-06-08,RE5090,B9174,Anika Shah,Mumbai,Sneha Kapoor,Property Expo,10862000,0,0,10862000,Home Loan,7601131,3260869
TX800348,2024-06-09,RE5103,B9001,Vijay Reddy,Chennai,Arvind Rathi,Broker Referral,6658000,5,332900,6325100,Full Payment,0,6325100
TX801525,2024-06-09,RE5046,B9157,Ritu Patil,Mumbai,Devendra Solanki,Walk-in,41465000,3,1244000,40221000,Full Payment,0,40221000
TX802424,2024-06-09,RE5103,B9238,Nitin Naik,Nagpur,Farida Sheikh,Broker Referral,6658000,8,532600,6125400,Home Loan,4503168,1622232
TX800559,2024-06-10,RE5032,B9124,Prakash Kulkarni,Chennai,Farida Sheikh,Walk-in,6845000,5,342200,6502800,Home Loan,5422727,1080073
TX801152,2024-06-10,RE5009,B9229,Bhavna Jadhav,Nashik,Ritu Saxena,Online Portal,11535000,0,0,11535000,Home Loan,9540975,1994025
TX800597,2024-06-11,RE5036,B9167,Prakash Gaikwad,Nashik,Manish Tiwari,Walk-in,4110000,5,205500,3904500,Full Payment,0,3904500
TX800612,2024-06-11,RE5081,B9045,Aishwarya Verma,Nagpur,Poonam Chandra,Online Portal,16171000,4,646800,15524200,Home Loan,12562009,2962191
TX800902,2024-06-11,RE5057,B9200,Nikhil Deshmukh,Ahmedabad,Farida Sheikh,Property Expo,12463000,0,0,12463000,Home Loan,9256569,3206431
TX801408,2024-06-11,RE5012,B9175,Vikram Kapoor,Nagpur,Ritu Saxena,Property Expo,3863000,0,0,3863000,Full Payment,0,3863000
TX801561,2024-06-11,RE5035,B9143,Suresh Nair,Ahmedabad,Poonam Chandra,Broker Referral,4560000,8,364800,4195200,Full Payment,0,4195200
TX802277,2024-06-12,RE5060,B9079,Pallavi Patil,Bangalore,Arvind Rathi,Online Portal,4058000,2,81200,3976800,Home Loan,2782757,1194043
TX801088,2024-06-13,RE5085,B9133,Aadhya Kulkarni,Mumbai,Poonam Chandra,Online Portal,5697000,0,0,5697000,Home Loan,4011579,1685421
TX801299,2024-06-13,RE5009,B9041,Suresh Kulkarni,Nashik,Nandita Rao,Walk-in,11535000,2,230700,11304300,Home Loan,7357786,3946514
TX801650,2024-06-13,RE5076,B9219,Shweta Gupta,Mumbai,Rohit Ahluwalia,Property Expo,12143000,8,971400,11171600,Home Loan,9486151,1685449
TX802353,2024-06-13,RE5103,B9231,Ritika Joshi,Delhi NCR,Farida Sheikh,Broker Referral,6658000,0,0,6658000,Home Loan,5407311,1250689
TX800312,2024-06-14,RE5101,B9197,Amit Kale,Bangalore,Sneha Kapoor,Broker Referral,12091000,6,725500,11365500,Full Payment,0,11365500
TX801587,2024-06-14,RE5117,B9165,Komal Sharma,Pune,Manish Tiwari,Walk-in,5691000,3,170700,5520300,Full Payment,0,5520300
TX802504,2024-06-14,RE5087,B9072,Priya Jadhav,Nagpur,Sneha Kapoor,Walk-in,23161000,3,694800,22466200,Builder Finance Plan,9716912,12749288
TX802545,2024-06-14,RE5066,B9233,Anjali Kumar,Pune,Arvind Rathi,Walk-in,5628000,0,0,5628000,Home Loan,4783210,844790
TX800134,2024-06-15,RE5008,B9151,Amit Kulkarni,Bangalore,Devendra Solanki,Broker Referral,4351000,2,87000,4264000,Full Payment,0,4264000
TX800622,2024-06-15,RE5009,B9163,Diya Verma,Chennai,Latika Bose,Property Expo,11535000,8,922800,10612200,Full Payment,0,10612200
TX800979,2024-06-15,RE5028,B9160,Deepak Joshi,Nashik,Farida Sheikh,Property Expo,11529000,4,461200,11067800,Home Loan,8086720,2981080
TX801353,2024-06-15,RE5092,B9170,Saanvi Menon,Chennai,Imran Sheikh,Property Expo,20099000,5,1005000,19094000,Home Loan,13880229,5213771
TX801400,2024-06-15,RE5092,B9229,Bhavna Jadhav,Nashik,Imran Sheikh,Walk-in,20099000,1,201000,19898000,Home Loan,16386831,3511169
TX802351,2024-06-15,RE5086,B9091,Vaishnavi Pillai,Mumbai,Latika Bose,Walk-in,7023000,0,0,7023000,Home Loan,5348657,1674343
TX800502,2024-06-16,RE5008,B9176,Ananya Bansal,Hyderabad,Rohit Ahluwalia,Broker Referral,4351000,5,217600,4133400,Builder Finance Plan,2441736,1691664
TX801774,2024-06-16,RE5109,B9208,Vihaan More,Chennai,Sameer Khanna,Walk-in,13206000,0,0,13206000,Builder Finance Plan,5298927,7907073
TX802370,2024-06-16,RE5140,B9081,Mahesh Singh,Hyderabad,Devendra Solanki,Walk-in,8481000,8,678500,7802500,Full Payment,0,7802500
TX800305,2024-06-17,RE5099,B9133,Aadhya Kulkarni,Mumbai,Ritu Saxena,Walk-in,17476000,0,0,17476000,Home Loan,14064025,3411975
TX800611,2024-06-17,RE5127,B9088,Ganesh Shinde,Chennai,Latika Bose,Online Portal,7365000,3,221000,7144000,Home Loan,4834412,2309588
TX800730,2024-06-17,RE5055,B9238,Nitin Naik,Nagpur,Nandita Rao,Online Portal,4339000,0,0,4339000,Home Loan,3140780,1198220
TX801016,2024-06-17,RE5068,B9257,Vaishnavi Deshmukh,Ahmedabad,Arvind Rathi,Broker Referral,12581000,1,125800,12455200,Home Loan,10189967,2265233
TX801298,2024-06-17,RE5002,B9006,Komal Shah,Ahmedabad,Latika Bose,Online Portal,4714000,4,188600,4525400,Home Loan,3288322,1237078
TX800444,2024-06-18,RE5003,B9249,Anika Sharma,Nashik,Devendra Solanki,Walk-in,19960000,3,598800,19361200,Home Loan,13325479,6035721
TX800871,2024-06-18,RE5077,B9259,Yash Menon,Nashik,Devendra Solanki,Broker Referral,49657000,1,496600,49160400,Builder Finance Plan,21136477,28023923
TX801653,2024-06-18,RE5135,B9089,Bhavna Verma,Pune,Manish Tiwari,Online Portal,7660000,5,383000,7277000,Home Loan,5069410,2207590
TX801775,2024-06-18,RE5118,B9233,Anjali Kumar,Pune,Sneha Kapoor,Broker Referral,45282000,8,3622600,41659400,Home Loan,32686682,8972718
TX802050,2024-06-18,RE5024,B9248,Vivaan Patil,Hyderabad,Manish Tiwari,Online Portal,9685000,4,387400,9297600,Home Loan,6214043,3083557
TX802175,2024-06-18,RE5053,B9186,Ashok Rao,Delhi NCR,Devendra Solanki,Walk-in,5798000,8,463800,5334200,Builder Finance Plan,3121355,2212845
TX800936,2024-06-19,RE5064,B9175,Vikram Kapoor,Nagpur,Latika Bose,Walk-in,6493000,0,0,6493000,Home Loan,5384356,1108644
TX801117,2024-06-19,RE5138,B9234,Suresh Malhotra,Nashik,Ritu Saxena,Property Expo,8071000,0,0,8071000,Builder Finance Plan,3738349,4332651
TX800379,2024-06-20,RE5021,B9058,Pallavi Verma,Nagpur,Arvind Rathi,Online Portal,9561000,0,0,9561000,Builder Finance Plan,4573895,4987105
TX800837,2024-06-20,RE5112,B9220,Vaishnavi Kumar,Nashik,Rohit Ahluwalia,Online Portal,11440000,0,0,11440000,Home Loan,8816516,2623484
TX800996,2024-06-20,RE5117,B9166,Anika Kale,Ahmedabad,Poonam Chandra,Walk-in,5691000,0,0,5691000,Full Payment,0,5691000
TX801279,2024-06-20,RE5109,B9102,Navya Kale,Delhi NCR,Poonam Chandra,Walk-in,13206000,1,132100,13073900,Home Loan,10560021,2513879
TX800199,2024-06-21,RE5027,B9015,Priya Kapoor,Ahmedabad,Devendra Solanki,Broker Referral,4750000,1,47500,4702500,Home Loan,3432956,1269544
TX800814,2024-06-21,RE5138,B9089,Bhavna Verma,Pune,Latika Bose,Online Portal,8071000,8,645700,7425300,Full Payment,0,7425300
TX802189,2024-06-21,RE5074,B9137,Nikita Deshmukh,Hyderabad,Poonam Chandra,Broker Referral,13595000,0,0,13595000,Home Loan,10093019,3501981
TX800013,2024-06-22,RE5138,B9080,Priya Sharma,Chennai,Sameer Khanna,Walk-in,8071000,5,403600,7667400,Full Payment,0,7667400
TX800149,2024-06-22,RE5051,B9206,Karan Shah,Chennai,Sneha Kapoor,Broker Referral,18820000,0,0,18820000,Builder Finance Plan,11064011,7755989
TX800351,2024-06-22,RE5019,B9139,Vikram Pawar,Mumbai,Devendra Solanki,Broker Referral,15490000,1,154900,15335100,Builder Finance Plan,9181373,6153727
TX800327,2024-06-23,RE5114,B9073,Meena Patil,Mumbai,Latika Bose,Walk-in,7105000,0,0,7105000,Home Loan,5929544,1175456
TX800372,2024-06-23,RE5074,B9193,Pallavi Deshmukh,Chennai,Devendra Solanki,Online Portal,13595000,3,407800,13187200,Home Loan,10499946,2687254
TX800863,2024-06-23,RE5130,B9132,Swati Kulkarni,Hyderabad,Latika Bose,Online Portal,36077000,6,2164600,33912400,Home Loan,25459627,8452773
TX801058,2024-06-23,RE5127,B9010,Saanvi Kapoor,Hyderabad,Arvind Rathi,Online Portal,7365000,0,0,7365000,Home Loan,5152369,2212631
TX801439,2024-06-23,RE5138,B9159,Vijay Gupta,Ahmedabad,Arvind Rathi,Online Portal,8071000,4,322800,7748200,Builder Finance Plan,3626964,4121236
TX802145,2024-06-23,RE5107,B9012,Ganesh Bhosale,Mumbai,Nandita Rao,Broker Referral,52523000,4,2100900,50422100,Builder Finance Plan,24954640,25467460
TX800076,2024-06-24,RE5052,B9006,Komal Shah,Ahmedabad,Arvind Rathi,Online Portal,45599000,3,1368000,44231000,Full Payment,0,44231000
TX800404,2024-06-24,RE5102,B9183,Nitin Bansal,Mumbai,Sameer Khanna,Walk-in,7947000,0,0,7947000,Builder Finance Plan,3427232,4519768
TX800619,2024-06-24,RE5071,B9137,Nikita Deshmukh,Hyderabad,Latika Bose,Broker Referral,3409000,0,0,3409000,Full Payment,0,3409000
TX800748,2024-06-24,RE5102,B9180,Ritu More,Hyderabad,Devendra Solanki,Online Portal,7947000,0,0,7947000,Home Loan,5830946,2116054
TX801414,2024-06-24,RE5078,B9103,Ishita Nair,Pune,Sameer Khanna,Property Expo,14198000,1,142000,14056000,Home Loan,11786959,2269041
TX800373,2024-06-25,RE5066,B9184,Ritu Shinde,Nagpur,Nandita Rao,Walk-in,5628000,6,337700,5290300,Home Loan,3686074,1604226
TX802152,2024-06-25,RE5134,B9016,Vihaan Kapoor,Nashik,Sameer Khanna,Online Portal,11093000,0,0,11093000,Home Loan,7307183,3785817
TX802269,2024-06-25,RE5117,B9087,Prakash Kapoor,Nashik,Imran Sheikh,Online Portal,5691000,0,0,5691000,Full Payment,0,5691000
TX802308,2024-06-25,RE5064,B9191,Prakash Bansal,Ahmedabad,Ritu Saxena,Broker Referral,6493000,0,0,6493000,Home Loan,4583639,1909361
TX802447,2024-06-25,RE5013,B9128,Sneha Mehta,Mumbai,Poonam Chandra,Broker Referral,14405000,0,0,14405000,Home Loan,9543904,4861096
TX800001,2024-06-27,RE5139,B9010,Saanvi Kapoor,Hyderabad,Imran Sheikh,Online Portal,10653000,0,0,10653000,Home Loan,8992179,1660821
TX800204,2024-06-27,RE5135,B9009,Aishwarya Pillai,Chennai,Sneha Kapoor,Broker Referral,7660000,0,0,7660000,Full Payment,0,7660000
TX800516,2024-06-27,RE5080,B9238,Nitin Naik,Nagpur,Latika Bose,Online Portal,2660000,3,79800,2580200,Builder Finance Plan,1093135,1487065
TX801815,2024-06-27,RE5103,B9061,Aishwarya Reddy,Ahmedabad,Poonam Chandra,Property Expo,6658000,0,0,6658000,Full Payment,0,6658000
TX802366,2024-06-27,RE5002,B9236,Suresh Naik,Hyderabad,Imran Sheikh,Walk-in,4714000,5,235700,4478300,Home Loan,3049689,1428611
TX800116,2024-06-28,RE5067,B9145,Aditya Kulkarni,Nashik,Devendra Solanki,Broker Referral,6066000,0,0,6066000,Home Loan,4454823,1611177
TX801012,2024-06-28,RE5068,B9236,Suresh Naik,Hyderabad,Imran Sheikh,Online Portal,12581000,0,0,12581000,Home Loan,9794948,2786052
TX801256,2024-06-28,RE5092,B9054,Karthik Menon,Mumbai,Latika Bose,Broker Referral,20099000,0,0,20099000,Home Loan,16484260,3614740
TX801792,2024-06-28,RE5086,B9232,Aditya Joshi,Delhi NCR,Manish Tiwari,Walk-in,7023000,2,140500,6882500,Full Payment,0,6882500
TX801878,2024-06-28,RE5009,B9096,Vikram Singh,Nashik,Ritu Saxena,Walk-in,11535000,0,0,11535000,Builder Finance Plan,4928579,6606421
TX802106,2024-06-28,RE5045,B9234,Suresh Malhotra,Nashik,Imran Sheikh,Broker Referral,94090000,0,0,94090000,Home Loan,72262716,21827284
TX800324,2024-07-01,RE5058,B9210,Ashok Kale,Ahmedabad,Arvind Rathi,Online Portal,13282000,0,0,13282000,Full Payment,0,13282000
TX800428,2024-07-01,RE5002,B9193,Pallavi Deshmukh,Chennai,Poonam Chandra,Online Portal,4714000,5,235700,4478300,Home Loan,2983884,1494416
TX800888,2024-07-01,RE5068,B9096,Vikram Singh,Nashik,Imran Sheikh,Walk-in,12581000,4,503200,12077800,Home Loan,8967833,3109967
TX802306,2024-07-01,RE5115,B9246,Ananya Patil,Chennai,Latika Bose,Online Portal,9810000,0,0,9810000,Home Loan,7253583,2556417
TX800172,2024-07-02,RE5031,B9043,Saanvi Rao,Chennai,Poonam Chandra,Property Expo,5915000,1,59200,5855800,Builder Finance Plan,2561665,3294135
TX800244,2024-07-02,RE5125,B9193,Pallavi Deshmukh,Chennai,Sneha Kapoor,Online Portal,5517000,2,110300,5406700,Home Loan,3856352,1550348
TX800632,2024-07-02,RE5115,B9194,Manoj Agarwal,Hyderabad,Devendra Solanki,Walk-in,9810000,0,0,9810000,Home Loan,7485940,2324060
TX800761,2024-07-02,RE5137,B9195,Yash Sharma,Chennai,Nandita Rao,Online Portal,8263000,0,0,8263000,Home Loan,6347686,1915314
TX801567,2024-07-02,RE5137,B9251,Karan Mehta,Mumbai,Sneha Kapoor,Walk-in,8263000,5,413200,7849800,Builder Finance Plan,3642388,4207412
TX801813,2024-07-02,RE5092,B9174,Anika Shah,Mumbai,Farida Sheikh,Online Portal,20099000,8,1607900,18491100,Full Payment,0,18491100
TX800337,2024-07-03,RE5036,B9133,Aadhya Kulkarni,Mumbai,Devendra Solanki,Broker Referral,4110000,8,328800,3781200,Builder Finance Plan,1538502,2242698
TX801407,2024-07-03,RE5060,B9091,Vaishnavi Pillai,Mumbai,Imran Sheikh,Online Portal,4058000,6,243500,3814500,Home Loan,2939412,875088
TX801570,2024-07-03,RE5079,B9169,Rahul Jadhav,Pune,Sameer Khanna,Walk-in,6084000,3,182500,5901500,Home Loan,4174216,1727284
TX801592,2024-07-03,RE5021,B9072,Priya Jadhav,Nagpur,Rohit Ahluwalia,Online Portal,9561000,3,286800,9274200,Home Loan,6945677,2328523
TX802122,2024-07-03,RE5013,B9225,Manoj More,Pune,Manish Tiwari,Walk-in,14405000,4,576200,13828800,Home Loan,11377172,2451628
TX802279,2024-07-03,RE5108,B9051,Shweta Jadhav,Pune,Devendra Solanki,Online Portal,11538000,1,115400,11422600,Full Payment,0,11422600
TX800218,2024-07-04,RE5029,B9074,Vijay Kapoor,Hyderabad,Devendra Solanki,Walk-in,4467000,4,178700,4288300,Builder Finance Plan,1717260,2571040
TX801148,2024-07-04,RE5036,B9248,Vivaan Patil,Hyderabad,Ritu Saxena,Online Portal,4110000,5,205500,3904500,Builder Finance Plan,2276681,1627819
TX802413,2024-07-04,RE5085,B9128,Sneha Mehta,Mumbai,Manish Tiwari,Broker Referral,5697000,0,0,5697000,Home Loan,3708518,1988482
TX800364,2024-07-05,RE5138,B9243,Sneha Chopra,Bangalore,Manish Tiwari,Property Expo,8071000,0,0,8071000,Home Loan,5544516,2526484
TX800409,2024-07-05,RE5029,B9052,Aishwarya Malhotra,Ahmedabad,Manish Tiwari,Broker Referral,4467000,6,268000,4199000,Full Payment,0,4199000
TX800706,2024-07-05,RE5080,B9229,Bhavna Jadhav,Nashik,Sneha Kapoor,Online Portal,2660000,6,159600,2500400,Home Loan,1824857,675543
TX800913,2024-07-05,RE5102,B9207,Manoj Bhosale,Bangalore,Arvind Rathi,Property Expo,7947000,8,635800,7311200,Home Loan,5870443,1440757
TX801374,2024-07-05,RE5134,B9145,Aditya Kulkarni,Nashik,Ritu Saxena,Online Portal,11093000,1,110900,10982100,Home Loan,8114692,2867408
TX801938,2024-07-05,RE5125,B9055,Aadhya Verma,Nashik,Arvind Rathi,Online Portal,5517000,0,0,5517000,Builder Finance Plan,3226296,2290704
TX800242,2024-07-06,RE5102,B9252,Prakash Joshi,Pune,Sneha Kapoor,Online Portal,7947000,0,0,7947000,Home Loan,5262049,2684951
TX800543,2024-07-06,RE5047,B9090,Aarav Verma,Pune,Manish Tiwari,Online Portal,3321000,4,132800,3188200,Home Loan,2278966,909234
TX801625,2024-07-06,RE5053,B9199,Rahul Bansal,Nashik,Sameer Khanna,Online Portal,5798000,4,231900,5566100,Home Loan,3706197,1859903
TX801857,2024-07-06,RE5102,B9016,Vihaan Kapoor,Nashik,Arvind Rathi,Online Portal,7947000,8,635800,7311200,Full Payment,0,7311200
TX802089,2024-07-06,RE5109,B9021,Rajiv Naik,Nashik,Poonam Chandra,Walk-in,13206000,0,0,13206000,Full Payment,0,13206000
TX800615,2024-07-07,RE5061,B9251,Karan Mehta,Mumbai,Arvind Rathi,Broker Referral,16199000,2,324000,15875000,Home Loan,11178957,4696043
TX800788,2024-07-07,RE5067,B9255,Sandeep Nair,Mumbai,Poonam Chandra,Property Expo,6066000,0,0,6066000,Home Loan,4271037,1794963
TX801011,2024-07-07,RE5130,B9249,Anika Sharma,Nashik,Devendra Solanki,Online Portal,36077000,0,0,36077000,Home Loan,29820090,6256910
TX801103,2024-07-07,RE5122,B9086,Ishita Pillai,Ahmedabad,Devendra Solanki,Broker Referral,12299000,1,123000,12176000,Builder Finance Plan,4932923,7243077
TX801213,2024-07-07,RE5055,B9163,Diya Verma,Chennai,Devendra Solanki,Broker Referral,4339000,0,0,4339000,Home Loan,3545244,793756
TX801394,2024-07-07,RE5112,B9226,Kavita Kale,Delhi NCR,Rohit Ahluwalia,Walk-in,11440000,0,0,11440000,Home Loan,8618572,2821428
TX801115,2024-07-08,RE5137,B9260,Rajesh Shah,Bangalore,Arvind Rathi,Broker Referral,8263000,0,0,8263000,Full Payment,0,8263000
TX802012,2024-07-08,RE5074,B9139,Vikram Pawar,Mumbai,Sameer Khanna,Online Portal,13595000,2,271900,13323100,Full Payment,0,13323100
TX800751,2024-07-09,RE5004,B9202,Meena Kapoor,Chennai,Sneha Kapoor,Broker Referral,4450000,0,0,4450000,Home Loan,3120846,1329154
TX801185,2024-07-09,RE5135,B9078,Nikita Gupta,Hyderabad,Latika Bose,Broker Referral,7660000,0,0,7660000,Home Loan,5763489,1896511
TX801515,2024-07-09,RE5064,B9229,Bhavna Jadhav,Nashik,Ritu Saxena,Broker Referral,6493000,6,389600,6103400,Home Loan,4131778,1971622
TX801819,2024-07-10,RE5011,B9219,Shweta Gupta,Mumbai,Arvind Rathi,Walk-in,12893000,0,0,12893000,Home Loan,10884930,2008070
TX800521,2024-07-11,RE5126,B9027,Ravi Gaikwad,Delhi NCR,Nandita Rao,Walk-in,20113000,0,0,20113000,Builder Finance Plan,8991294,11121706
TX801132,2024-07-11,RE5054,B9202,Meena Kapoor,Chennai,Manish Tiwari,Online Portal,11868000,4,474700,11393300,Builder Finance Plan,5994975,5398325
TX801170,2024-07-11,RE5056,B9153,Vihaan Verma,Ahmedabad,Devendra Solanki,Broker Referral,12967000,0,0,12967000,Home Loan,10625887,2341113
TX801693,2024-07-11,RE5111,B9192,Vaishnavi Deshmukh,Nashik,Rohit Ahluwalia,Walk-in,58958000,0,0,58958000,Home Loan,48489484,10468516
TX800471,2024-07-12,RE5085,B9224,Aarav Gupta,Ahmedabad,Nandita Rao,Online Portal,5697000,0,0,5697000,Home Loan,4141792,1555208
TX802235,2024-07-12,RE5110,B9056,Karthik Jadhav,Bangalore,Arvind Rathi,Property Expo,11297000,5,564800,10732200,Home Loan,8050723,2681477
TX802275,2024-07-12,RE5086,B9039,Deepak Rao,Ahmedabad,Ritu Saxena,Broker Referral,7023000,0,0,7023000,Home Loan,4994804,2028196
TX801061,2024-07-13,RE5037,B9116,Navya Pawar,Ahmedabad,Latika Bose,Broker Referral,5785000,0,0,5785000,Builder Finance Plan,3335837,2449163
TX802396,2024-07-13,RE5099,B9253,Navya Patil,Nashik,Rohit Ahluwalia,Online Portal,17476000,6,1048600,16427400,Home Loan,11039276,5388124
TX800768,2024-07-14,RE5071,B9216,Siddharth More,Bangalore,Farida Sheikh,Online Portal,3409000,0,0,3409000,Home Loan,2304778,1104222
TX801352,2024-07-14,RE5023,B9141,Aishwarya Gupta,Bangalore,Rohit Ahluwalia,Online Portal,6237000,8,499000,5738000,Home Loan,4687771,1050229
TX801674,2024-07-14,RE5037,B9164,Suresh Verma,Ahmedabad,Imran Sheikh,Broker Referral,5785000,0,0,5785000,Builder Finance Plan,2963415,2821585
TX800053,2024-07-15,RE5071,B9122,Tanvi Kumar,Pune,Nandita Rao,Property Expo,3409000,6,204500,3204500,Home Loan,2274792,929708
TX800472,2024-07-15,RE5041,B9150,Anika More,Pune,Nandita Rao,Online Portal,6416000,8,513300,5902700,Builder Finance Plan,3300123,2602577
TX801110,2024-07-15,RE5072,B9247,Anika Chopra,Pune,Ritu Saxena,Walk-in,8658000,0,0,8658000,Home Loan,5906186,2751814
TX801967,2024-07-15,RE5108,B9224,Aarav Gupta,Ahmedabad,Arvind Rathi,Walk-in,11538000,8,923000,10615000,Builder Finance Plan,5282909,5332091
TX802397,2024-07-15,RE5080,B9232,Aditya Joshi,Delhi NCR,Farida Sheikh,Property Expo,2660000,2,53200,2606800,Home Loan,1930004,676796
TX800217,2024-07-16,RE5080,B9212,Ashok Sharma,Ahmedabad,Arvind Rathi,Walk-in,2660000,0,0,2660000,Home Loan,2246717,413283
TX800817,2024-07-16,RE5092,B9233,Anjali Kumar,Pune,Ritu Saxena,Property Expo,20099000,0,0,20099000,Builder Finance Plan,11225789,8873211
TX800896,2024-07-16,RE5079,B9224,Aarav Gupta,Ahmedabad,Devendra Solanki,Broker Referral,6084000,0,0,6084000,Builder Finance Plan,2782953,3301047
TX801532,2024-07-16,RE5079,B9064,Rahul Sharma,Nagpur,Ritu Saxena,Online Portal,6084000,4,243400,5840600,Home Loan,4843498,997102
TX801936,2024-07-16,RE5129,B9119,Sunita Chopra,Nashik,Poonam Chandra,Online Portal,27963000,2,559300,27403700,Home Loan,17865722,9537978
TX802154,2024-07-16,RE5017,B9154,Vikram Pawar,Nashik,Devendra Solanki,Property Expo,16319000,0,0,16319000,Home Loan,13031649,3287351
TX802167,2024-07-16,RE5139,B9259,Yash Menon,Nashik,Latika Bose,Broker Referral,10653000,0,0,10653000,Home Loan,8982097,1670903
TX800370,2024-07-17,RE5054,B9114,Ishita More,Bangalore,Ritu Saxena,Online Portal,11868000,4,474700,11393300,Full Payment,0,11393300
TX800519,2024-07-17,RE5062,B9035,Ishita Agarwal,Delhi NCR,Sameer Khanna,Broker Referral,4684000,4,187400,4496600,Home Loan,3190332,1306268
TX801730,2024-07-17,RE5120,B9185,Shreya Sharma,Mumbai,Devendra Solanki,Online Portal,5862000,0,0,5862000,Home Loan,4051949,1810051
TX800610,2024-07-18,RE5072,B9184,Ritu Shinde,Nagpur,Devendra Solanki,Online Portal,8658000,0,0,8658000,Home Loan,6475197,2182803
TX801825,2024-07-18,RE5068,B9057,Karan Menon,Bangalore,Imran Sheikh,Online Portal,12581000,2,251600,12329400,Home Loan,8470697,3858703
TX802024,2024-07-18,RE5077,B9215,Aadhya Nair,Bangalore,Arvind Rathi,Broker Referral,49657000,1,496600,49160400,Builder Finance Plan,28814528,20345872
TX802226,2024-07-18,RE5037,B9238,Nitin Naik,Nagpur,Latika Bose,Walk-in,5785000,3,173600,5611400,Home Loan,4742355,869045
TX802572,2024-07-18,RE5080,B9253,Navya Patil,Nashik,Imran Sheikh,Online Portal,2660000,4,106400,2553600,Builder Finance Plan,1422091,1131509
TX801630,2024-07-19,RE5016,B9107,Swati Agarwal,Hyderabad,Manish Tiwari,Online Portal,16170000,4,646800,15523200,Home Loan,13109062,2414138
TX801640,2024-07-19,RE5002,B9109,Shweta Jadhav,Hyderabad,Poonam Chandra,Broker Referral,4714000,4,188600,4525400,Full Payment,0,4525400
TX801766,2024-07-20,RE5112,B9238,Nitin Naik,Nagpur,Latika Bose,Property Expo,11440000,2,228800,11211200,Home Loan,8576450,2634750
TX801971,2024-07-20,RE5090,B9016,Vihaan Kapoor,Nashik,Rohit Ahluwalia,Broker Referral,10862000,1,108600,10753400,Full Payment,0,10753400
TX801979,2024-07-20,RE5031,B9161,Nikita Joshi,Delhi NCR,Poonam Chandra,Property Expo,5915000,8,473200,5441800,Builder Finance Plan,3036834,2404966
TX800740,2024-07-21,RE5001,B9084,Nitin Gaikwad,Bangalore,Ritu Saxena,Broker Referral,5254000,6,315200,4938800,Full Payment,0,4938800
TX801544,2024-07-21,RE5093,B9078,Nikita Gupta,Hyderabad,Rohit Ahluwalia,Broker Referral,5216000,1,52200,5163800,Home Loan,3828334,1335466
TX802141,2024-07-21,RE5127,B9029,Priya Kapoor,Bangalore,Latika Bose,Walk-in,7365000,0,0,7365000,Home Loan,4808264,2556736
TX800201,2024-07-22,RE5012,B9245,Myra Kumar,Bangalore,Ritu Saxena,Broker Referral,3863000,0,0,3863000,Home Loan,2658313,1204687
TX800648,2024-07-22,RE5103,B9117,Ravi Jadhav,Nashik,Manish Tiwari,Online Portal,6658000,8,532600,6125400,Home Loan,5171764,953636
TX801068,2024-07-22,RE5053,B9163,Diya Verma,Chennai,Devendra Solanki,Property Expo,5798000,0,0,5798000,Full Payment,0,5798000
TX801579,2024-07-22,RE5113,B9059,Nitin Patil,Pune,Imran Sheikh,Walk-in,33319000,6,1999100,31319900,Full Payment,0,31319900
TX801605,2024-07-22,RE5068,B9113,Ananya Singh,Pune,Sneha Kapoor,Property Expo,12581000,2,251600,12329400,Full Payment,0,12329400
TX802064,2024-07-22,RE5062,B9173,Priya Rao,Delhi NCR,Nandita Rao,Online Portal,4684000,0,0,4684000,Home Loan,3839043,844957
TX802088,2024-07-22,RE5037,B9053,Nidhi Shah,Bangalore,Sameer Khanna,Online Portal,5785000,0,0,5785000,Full Payment,0,5785000
TX800280,2024-07-23,RE5074,B9114,Ishita More,Bangalore,Latika Bose,Property Expo,13595000,6,815700,12779300,Home Loan,9448617,3330683
TX800525,2024-07-23,RE5100,B9005,Aishwarya Deshmukh,Hyderabad,Sameer Khanna,Online Portal,2996000,0,0,2996000,Home Loan,2084578,911422
TX800012,2024-07-24,RE5064,B9032,Karan Pawar,Delhi NCR,Devendra Solanki,Walk-in,6493000,0,0,6493000,Home Loan,5505163,987837
TX800375,2024-07-24,RE5128,B9157,Ritu Patil,Mumbai,Farida Sheikh,Broker Referral,6347000,0,0,6347000,Full Payment,0,6347000
TX800661,2024-07-24,RE5068,B9092,Sanjay Reddy,Chennai,Poonam Chandra,Online Portal,12581000,0,0,12581000,Home Loan,10678474,1902526
TX801166,2024-07-24,RE5098,B9147,Anika Shinde,Chennai,Imran Sheikh,Property Expo,7099000,0,0,7099000,Home Loan,5076704,2022296
TX801346,2024-07-24,RE5102,B9239,Anjali Jadhav,Pune,Ritu Saxena,Walk-in,7947000,0,0,7947000,Full Payment,0,7947000
TX801889,2024-07-24,RE5037,B9114,Ishita More,Bangalore,Imran Sheikh,Property Expo,5785000,3,173600,5611400,Home Loan,4500590,1110810
TX802046,2024-07-24,RE5067,B9228,Rohan Sharma,Nagpur,Poonam Chandra,Broker Referral,6066000,0,0,6066000,Home Loan,4784357,1281643
TX802273,2024-07-24,RE5092,B9012,Ganesh Bhosale,Mumbai,Manish Tiwari,Walk-in,20099000,8,1607900,18491100,Builder Finance Plan,10649231,7841869
TX800146,2024-07-25,RE5137,B9069,Anjali Naik,Nagpur,Rohit Ahluwalia,Walk-in,8263000,5,413200,7849800,Full Payment,0,7849800
TX800904,2024-07-25,RE5029,B9209,Yash Pillai,Pune,Sameer Khanna,Property Expo,4467000,6,268000,4199000,Full Payment,0,4199000
TX801852,2024-07-25,RE5073,B9020,Ananya More,Delhi NCR,Poonam Chandra,Broker Referral,2689000,0,0,2689000,Full Payment,0,2689000
TX802107,2024-07-25,RE5076,B9171,Swati Singh,Nashik,Imran Sheikh,Online Portal,12143000,0,0,12143000,Home Loan,9962323,2180677
TX800801,2024-07-26,RE5082,B9018,Ritika Kapoor,Bangalore,Devendra Solanki,Walk-in,4953000,0,0,4953000,Builder Finance Plan,2697345,2255655
TX801341,2024-07-26,RE5137,B9055,Aadhya Verma,Nashik,Farida Sheikh,Online Portal,8263000,0,0,8263000,Home Loan,6814230,1448770
TX801581,2024-07-26,RE5056,B9233,Anjali Kumar,Pune,Manish Tiwari,Walk-in,12967000,8,1037400,11929600,Builder Finance Plan,7017765,4911835
TX801663,2024-07-26,RE5036,B9096,Vikram Singh,Nashik,Rohit Ahluwalia,Online Portal,4110000,3,123300,3986700,Home Loan,3365582,621118
TX802402,2024-07-26,RE5080,B9113,Ananya Singh,Pune,Ritu Saxena,Online Portal,2660000,0,0,2660000,Home Loan,1884374,775626
TX800237,2024-07-27,RE5095,B9135,Vikram Singh,Delhi NCR,Manish Tiwari,Broker Referral,11454000,0,0,11454000,Home Loan,8939223,2514777
TX800685,2024-07-27,RE5121,B9233,Anjali Kumar,Pune,Sameer Khanna,Online Portal,21312000,8,1705000,19607000,Home Loan,16577550,3029450
TX802410,2024-07-27,RE5030,B9083,Ritu Verma,Delhi NCR,Sneha Kapoor,Broker Referral,5599000,1,56000,5543000,Home Loan,4610082,932918
TX800649,2024-07-28,RE5111,B9157,Ritu Patil,Mumbai,Sneha Kapoor,Property Expo,58958000,0,0,58958000,Home Loan,50106913,8851087
TX801580,2024-07-28,RE5017,B9013,Meena Patil,Chennai,Manish Tiwari,Online Portal,16319000,6,979100,15339900,Home Loan,13029913,2309987
TX801401,2024-08-01,RE5005,B9131,Rahul Kapoor,Ahmedabad,Ritu Saxena,Walk-in,18501000,0,0,18501000,Home Loan,14541210,3959790
TX801718,2024-08-01,RE5009,B9237,Divya More,Delhi NCR,Rohit Ahluwalia,Walk-in,11535000,3,346000,11189000,Home Loan,9238751,1950249
TX802019,2024-08-01,RE5032,B9041,Suresh Kulkarni,Nashik,Rohit Ahluwalia,Walk-in,6845000,6,410700,6434300,Full Payment,0,6434300
TX802104,2024-08-01,RE5028,B9065,Anjali Pillai,Pune,Ritu Saxena,Broker Referral,11529000,0,0,11529000,Home Loan,9430562,2098438
TX800823,2024-08-02,RE5128,B9135,Vikram Singh,Delhi NCR,Latika Bose,Property Expo,6347000,0,0,6347000,Builder Finance Plan,2855597,3491403
TX801361,2024-08-02,RE5063,B9241,Mahesh Kapoor,Nashik,Latika Bose,Property Expo,9206000,8,736500,8469500,Full Payment,0,8469500
TX801822,2024-08-02,RE5050,B9077,Ravi Menon,Mumbai,Sameer Khanna,Online Portal,17781000,2,355600,17425400,Full Payment,0,17425400
TX800650,2024-08-03,RE5063,B9247,Anika Chopra,Pune,Imran Sheikh,Walk-in,9206000,0,0,9206000,Home Loan,6554448,2651552
TX800893,2024-08-03,RE5012,B9069,Anjali Naik,Nagpur,Farida Sheikh,Walk-in,3863000,3,115900,3747100,Home Loan,3134340,612760
TX801872,2024-08-03,RE5052,B9183,Nitin Bansal,Mumbai,Manish Tiwari,Broker Referral,45599000,5,2280000,43319000,Home Loan,30926434,12392566
TX801880,2024-08-03,RE5010,B9211,Amit Malhotra,Bangalore,Imran Sheikh,Walk-in,6411000,2,128200,6282800,Full Payment,0,6282800
TX802059,2024-08-03,RE5130,B9200,Nikhil Deshmukh,Ahmedabad,Farida Sheikh,Online Portal,36077000,0,0,36077000,Home Loan,30198886,5878114
TX800239,2024-08-04,RE5055,B9129,Myra Shah,Ahmedabad,Poonam Chandra,Walk-in,4339000,0,0,4339000,Builder Finance Plan,1879502,2459498
TX800274,2024-08-04,RE5064,B9071,Ravi Shah,Bangalore,Rohit Ahluwalia,Broker Referral,6493000,0,0,6493000,Home Loan,5195493,1297507
TX800667,2024-08-04,RE5137,B9154,Vikram Pawar,Nashik,Sameer Khanna,Online Portal,8263000,6,495800,7767200,Home Loan,6036106,1731094
TX800860,2024-08-04,RE5050,B9159,Vijay Gupta,Ahmedabad,Sneha Kapoor,Broker Referral,17781000,0,0,17781000,Home Loan,12914570,4866430
TX801767,2024-08-04,RE5079,B9096,Vikram Singh,Nashik,Manish Tiwari,Broker Referral,6084000,1,60800,6023200,Full Payment,0,6023200
TX801877,2024-08-04,RE5123,B9243,Sneha Chopra,Bangalore,Manish Tiwari,Property Expo,4902000,0,0,4902000,Home Loan,3546673,1355327
TX801642,2024-08-05,RE5031,B9152,Sanjay Gupta,Pune,Farida Sheikh,Broker Referral,5915000,6,354900,5560100,Home Loan,4079712,1480388
TX802329,2024-08-05,RE5030,B9232,Aditya Joshi,Delhi NCR,Farida Sheikh,Walk-in,5599000,6,335900,5263100,Home Loan,4093151,1169949
TX800707,2024-08-07,RE5116,B9131,Rahul Kapoor,Ahmedabad,Farida Sheikh,Online Portal,11141000,8,891300,10249700,Builder Finance Plan,6071586,4178114
TX801127,2024-08-07,RE5056,B9096,Vikram Singh,Nashik,Rohit Ahluwalia,Broker Referral,12967000,6,778000,12189000,Home Loan,10214426,1974574
TX801606,2024-08-07,RE5037,B9172,Sandeep Pillai,Mumbai,Sameer Khanna,Property Expo,5785000,8,462800,5322200,Full Payment,0,5322200
TX801029,2024-08-08,RE5122,B9147,Anika Shinde,Chennai,Latika Bose,Property Expo,12299000,4,492000,11807000,Full Payment,0,11807000
TX801283,2024-08-08,RE5043,B9091,Vaishnavi Pillai,Mumbai,Sameer Khanna,Broker Referral,2576000,0,0,2576000,Builder Finance Plan,1145070,1430930
TX801732,2024-08-08,RE5138,B9194,Manoj Agarwal,Hyderabad,Imran Sheikh,Property Expo,8071000,4,322800,7748200,Home Loan,5971707,1776493
TX801829,2024-08-08,RE5110,B9002,Shweta Patil,Bangalore,Rohit Ahluwalia,Broker Referral,11297000,6,677800,10619200,Home Loan,8554105,2065095
TX802412,2024-08-08,RE5080,B9219,Shweta Gupta,Mumbai,Nandita Rao,Walk-in,2660000,0,0,2660000,Full Payment,0,2660000
TX800180,2024-08-09,RE5085,B9024,Ravi Gupta,Bangalore,Sameer Khanna,Online Portal,5697000,0,0,5697000,Home Loan,4583665,1113335
TX800254,2024-08-09,RE5069,B9198,Anika Kapoor,Mumbai,Manish Tiwari,Broker Referral,14026000,0,0,14026000,Home Loan,9501441,4524559
TX801002,2024-08-09,RE5008,B9029,Priya Kapoor,Bangalore,Sneha Kapoor,Walk-in,4351000,6,261100,4089900,Builder Finance Plan,2143296,1946604
TX801290,2024-08-09,RE5035,B9169,Rahul Jadhav,Pune,Sameer Khanna,Online Portal,4560000,0,0,4560000,Full Payment,0,4560000
TX801746,2024-08-09,RE5078,B9108,Sanjay Shah,Nagpur,Poonam Chandra,Walk-in,14198000,0,0,14198000,Full Payment,0,14198000
TX802355,2024-08-09,RE5067,B9183,Nitin Bansal,Mumbai,Manish Tiwari,Walk-in,6066000,1,60700,6005300,Home Loan,4105400,1899900
TX800758,2024-08-10,RE5071,B9230,Siddharth Pawar,Chennai,Latika Bose,Online Portal,3409000,8,272700,3136300,Home Loan,2437971,698329
TX801167,2024-08-10,RE5014,B9085,Mahesh Jadhav,Mumbai,Imran Sheikh,Broker Referral,4926000,3,147800,4778200,Builder Finance Plan,2605280,2172920
TX801886,2024-08-10,RE5043,B9202,Meena Kapoor,Chennai,Rohit Ahluwalia,Walk-in,2576000,8,206100,2369900,Full Payment,0,2369900
TX802099,2024-08-10,RE5106,B9205,Ritika Shinde,Hyderabad,Sameer Khanna,Online Portal,8581000,0,0,8581000,Home Loan,5741397,2839603
TX800083,2024-08-11,RE5058,B9182,Vaishnavi Gaikwad,Bangalore,Poonam Chandra,Online Portal,13282000,2,265600,13016400,Home Loan,11028529,1987871
TX800264,2024-08-11,RE5090,B9216,Siddharth More,Bangalore,Imran Sheikh,Broker Referral,10862000,0,0,10862000,Home Loan,8590615,2271385
TX800939,2024-08-11,RE5017,B9135,Vikram Singh,Delhi NCR,Nandita Rao,Broker Referral,16319000,0,0,16319000,Builder Finance Plan,9315522,7003478
TX801135,2024-08-11,RE5064,B9171,Swati Singh,Nashik,Arvind Rathi,Online Portal,6493000,5,324600,6168400,Home Loan,4134070,2034330
TX801476,2024-08-11,RE5009,B9093,Mahesh Kumar,Bangalore,Imran Sheikh,Online Portal,11535000,0,0,11535000,Full Payment,0,11535000
TX800666,2024-08-12,RE5010,B9098,Yash Kale,Mumbai,Nandita Rao,Broker Referral,6411000,3,192300,6218700,Home Loan,4883680,1335020
TX801710,2024-08-12,RE5129,B9250,Kavita Iyer,Nashik,Latika Bose,Walk-in,27963000,4,1118500,26844500,Home Loan,22561895,4282605
TX800120,2024-08-13,RE5093,B9241,Mahesh Kapoor,Nashik,Devendra Solanki,Walk-in,5216000,6,313000,4903000,Full Payment,0,4903000
TX801207,2024-08-13,RE5106,B9123,Ravi Shah,Nashik,Rohit Ahluwalia,Online Portal,8581000,6,514900,8066100,Builder Finance Plan,3959464,4106636
TX800961,2024-08-14,RE5083,B9030,Aditya Kulkarni,Nagpur,Manish Tiwari,Online Portal,20903000,0,0,20903000,Home Loan,14252575,6650425
TX801026,2024-08-14,RE5128,B9062,Prakash Nair,Chennai,Sameer Khanna,Broker Referral,6347000,5,317400,6029600,Home Loan,4421742,1607858
TX801210,2024-08-14,RE5135,B9137,Nikita Deshmukh,Hyderabad,Nandita Rao,Property Expo,7660000,5,383000,7277000,Home Loan,5942247,1334753
TX802391,2024-08-14,RE5032,B9009,Aishwarya Pillai,Chennai,Imran Sheikh,Broker Referral,6845000,4,273800,6571200,Home Loan,5494304,1076896
TX801333,2024-08-15,RE5056,B9001,Vijay Reddy,Chennai,Rohit Ahluwalia,Online Portal,12967000,0,0,12967000,Home Loan,8579266,4387734
TX801551,2024-08-15,RE5128,B9106,Shreya Deshmukh,Chennai,Rohit Ahluwalia,Walk-in,6347000,5,317400,6029600,Home Loan,5013253,1016347
TX801130,2024-08-16,RE5059,B9206,Karan Shah,Chennai,Devendra Solanki,Walk-in,10108000,1,101100,10006900,Builder Finance Plan,4119446,5887454
TX801446,2024-08-16,RE5053,B9197,Amit Kale,Bangalore,Arvind Rathi,Broker Referral,5798000,0,0,5798000,Home Loan,4536180,1261820
TX802445,2024-08-16,RE5008,B9234,Suresh Malhotra,Nashik,Farida Sheikh,Broker Referral,4351000,0,0,4351000,Builder Finance Plan,1819733,2531267
TX800580,2024-08-17,RE5127,B9240,Ishita Pawar,Mumbai,Rohit Ahluwalia,Online Portal,7365000,1,73600,7291400,Builder Finance Plan,4286721,3004679
TX801126,2024-08-17,RE5122,B9137,Nikita Deshmukh,Hyderabad,Manish Tiwari,Broker Referral,12299000,8,983900,11315100,Home Loan,8409300,2905800
TX802045,2024-08-17,RE5053,B9050,Divya Shinde,Nashik,Imran Sheikh,Online Portal,5798000,0,0,5798000,Builder Finance Plan,3026293,2771707
TX802582,2024-08-17,RE5015,B9120,Sneha Shah,Hyderabad,Sameer Khanna,Walk-in,23075000,6,1384500,21690500,Home Loan,16911019,4779481
TX801022,2024-08-18,RE5102,B9170,Saanvi Menon,Chennai,Manish Tiwari,Walk-in,7947000,3,238400,7708600,Full Payment,0,7708600
TX801351,2024-08-18,RE5112,B9214,Anil Verma,Nagpur,Poonam Chandra,Walk-in,11440000,2,228800,11211200,Home Loan,8342685,2868515
TX800905,2024-08-19,RE5108,B9186,Ashok Rao,Delhi NCR,Devendra Solanki,Broker Referral,11538000,4,461500,11076500,Builder Finance Plan,6617477,4459023
TX801171,2024-08-19,RE5112,B9163,Diya Verma,Chennai,Latika Bose,Broker Referral,11440000,1,114400,11325600,Home Loan,9104308,2221292
TX802549,2024-08-19,RE5083,B9075,Komal Deshmukh,Pune,Latika Bose,Broker Referral,20903000,4,836100,20066900,Full Payment,0,20066900
TX800694,2024-08-20,RE5086,B9046,Mahesh Chopra,Nagpur,Devendra Solanki,Online Portal,7023000,8,561800,6461200,Home Loan,4436263,2024937
TX800851,2024-08-20,RE5089,B9029,Priya Kapoor,Bangalore,Arvind Rathi,Walk-in,13626000,1,136300,13489700,Home Loan,9763376,3726324
TX800937,2024-08-20,RE5082,B9222,Aadhya Deshmukh,Hyderabad,Arvind Rathi,Online Portal,4953000,0,0,4953000,Builder Finance Plan,2934585,2018415
TX801129,2024-08-20,RE5114,B9033,Amit Kapoor,Ahmedabad,Imran Sheikh,Walk-in,7105000,4,284200,6820800,Home Loan,4903277,1917523
TX802115,2024-08-20,RE5043,B9197,Amit Kale,Bangalore,Poonam Chandra,Property Expo,2576000,6,154600,2421400,Home Loan,1909105,512295
TX800229,2024-08-21,RE5078,B9063,Diya Agarwal,Pune,Latika Bose,Property Expo,14198000,0,0,14198000,Home Loan,11833446,2364554
TX800986,2024-08-21,RE5082,B9224,Aarav Gupta,Ahmedabad,Latika Bose,Online Portal,4953000,3,148600,4804400,Builder Finance Plan,2789792,2014608
TX801503,2024-08-21,RE5139,B9082,Ashok Gaikwad,Bangalore,Devendra Solanki,Walk-in,10653000,0,0,10653000,Home Loan,7310364,3342636
TX801522,2024-08-21,RE5106,B9204,Vikram Agarwal,Chennai,Imran Sheikh,Property Expo,8581000,0,0,8581000,Full Payment,0,8581000
TX801881,2024-08-21,RE5123,B9013,Meena Patil,Chennai,Ritu Saxena,Property Expo,4902000,0,0,4902000,Home Loan,3299281,1602719
TX802005,2024-08-21,RE5085,B9115,Sneha Bhosale,Bangalore,Poonam Chandra,Broker Referral,5697000,2,113900,5583100,Full Payment,0,5583100
TX802087,2024-08-21,RE5038,B9183,Nitin Bansal,Mumbai,Imran Sheikh,Walk-in,57033000,0,0,57033000,Builder Finance Plan,26979598,30053402
TX802354,2024-08-21,RE5116,B9158,Anika Rao,Hyderabad,Manish Tiwari,Broker Referral,11141000,0,0,11141000,Builder Finance Plan,5473257,5667743
TX800186,2024-08-22,RE5047,B9023,Vikram Agarwal,Nagpur,Manish Tiwari,Walk-in,3321000,0,0,3321000,Full Payment,0,3321000
TX800314,2024-08-22,RE5059,B9222,Aadhya Deshmukh,Hyderabad,Ritu Saxena,Broker Referral,10108000,0,0,10108000,Home Loan,7958014,2149986
TX800602,2024-08-22,RE5057,B9143,Suresh Nair,Ahmedabad,Farida Sheikh,Walk-in,12463000,3,373900,12089100,Home Loan,8100221,3988879
TX801370,2024-08-22,RE5111,B9069,Anjali Naik,Nagpur,Imran Sheikh,Broker Referral,58958000,8,4716600,54241400,Full Payment,0,54241400
TX802527,2024-08-22,RE5123,B9078,Nikita Gupta,Hyderabad,Manish Tiwari,Walk-in,4902000,1,49000,4853000,Home Loan,3872395,980605
TX801904,2024-08-23,RE5136,B9082,Ashok Gaikwad,Bangalore,Ritu Saxena,Online Portal,18919000,0,0,18919000,Home Loan,15980721,2938279
TX802125,2024-08-23,RE5002,B9244,Vivaan Iyer,Mumbai,Ritu Saxena,Broker Referral,4714000,0,0,4714000,Home Loan,3129550,1584450
TX801000,2024-08-24,RE5013,B9204,Vikram Agarwal,Chennai,Imran Sheikh,Broker Referral,14405000,8,1152400,13252600,Home Loan,10167790,3084810
TX800266,2024-08-25,RE5093,B9105,Pallavi Kumar,Pune,Imran Sheikh,Broker Referral,5216000,8,417300,4798700,Full Payment,0,4798700
TX800767,2024-08-25,RE5122,B9168,Vihaan Patil,Bangalore,Sneha Kapoor,Online Portal,12299000,0,0,12299000,Full Payment,0,12299000
TX802095,2024-08-25,RE5102,B9238,Nitin Naik,Nagpur,Ritu Saxena,Online Portal,7947000,0,0,7947000,Home Loan,5675149,2271851
TX800553,2024-08-26,RE5120,B9119,Sunita Chopra,Nashik,Imran Sheikh,Online Portal,5862000,8,469000,5393000,Home Loan,3975907,1417093
TX802286,2024-08-27,RE5011,B9037,Vihaan More,Chennai,Arvind Rathi,Walk-in,12893000,0,0,12893000,Full Payment,0,12893000
TX802476,2024-08-27,RE5081,B9119,Sunita Chopra,Nashik,Imran Sheikh,Broker Referral,16171000,1,161700,16009300,Home Loan,12895836,3113464
TX800473,2024-08-28,RE5091,B9046,Mahesh Chopra,Nagpur,Sneha Kapoor,Broker Referral,3687000,4,147500,3539500,Home Loan,2373672,1165828
TX801903,2024-08-28,RE5041,B9224,Aarav Gupta,Ahmedabad,Poonam Chandra,Broker Referral,6416000,5,320800,6095200,Full Payment,0,6095200
TX801023,2024-09-01,RE5092,B9065,Anjali Pillai,Pune,Ritu Saxena,Broker Referral,20099000,0,0,20099000,Builder Finance Plan,10501852,9597148
TX801266,2024-09-01,RE5139,B9022,Ganesh Reddy,Nashik,Nandita Rao,Online Portal,10653000,0,0,10653000,Home Loan,7937142,2715858
TX802077,2024-09-01,RE5035,B9232,Aditya Joshi,Delhi NCR,Farida Sheikh,Online Portal,4560000,0,0,4560000,Home Loan,2987025,1572975
TX802475,2024-09-01,RE5032,B9169,Rahul Jadhav,Pune,Ritu Saxena,Online Portal,6845000,0,0,6845000,Home Loan,5656647,1188353
TX801415,2024-09-02,RE5082,B9170,Saanvi Menon,Chennai,Arvind Rathi,Online Portal,4953000,0,0,4953000,Home Loan,3637756,1315244
TX802153,2024-09-02,RE5076,B9064,Rahul Sharma,Nagpur,Poonam Chandra,Online Portal,12143000,2,242900,11900100,Home Loan,8064569,3835531
TX802318,2024-09-02,RE5073,B9248,Vivaan Patil,Hyderabad,Rohit Ahluwalia,Online Portal,2689000,0,0,2689000,Home Loan,1936514,752486
TX801114,2024-09-03,RE5081,B9086,Ishita Pillai,Ahmedabad,Latika Bose,Online Portal,16171000,0,0,16171000,Home Loan,11891441,4279559
TX802468,2024-09-03,RE5124,B9061,Aishwarya Reddy,Ahmedabad,Imran Sheikh,Broker Referral,70065000,0,0,70065000,Home Loan,50391507,19673493
TX802199,2024-09-04,RE5104,B9232,Aditya Joshi,Delhi NCR,Manish Tiwari,Online Portal,38169000,5,1908400,36260600,Home Loan,24642547,11618053
TX800113,2024-09-05,RE5023,B9220,Vaishnavi Kumar,Nashik,Rohit Ahluwalia,Broker Referral,6237000,0,0,6237000,Home Loan,5293203,943797
TX800458,2024-09-05,RE5131,B9024,Ravi Gupta,Bangalore,Nandita Rao,Online Portal,34174000,6,2050400,32123600,Home Loan,25957720,6165880
TX800723,2024-09-05,RE5135,B9024,Ravi Gupta,Bangalore,Ritu Saxena,Broker Referral,7660000,0,0,7660000,Home Loan,5721409,1938591
TX801528,2024-09-05,RE5105,B9017,Komal Deshmukh,Nashik,Imran Sheikh,Property Expo,15306000,0,0,15306000,Home Loan,12828472,2477528
TX801782,2024-09-05,RE5060,B9224,Aarav Gupta,Ahmedabad,Arvind Rathi,Property Expo,4058000,0,0,4058000,Builder Finance Plan,1861033,2196967
TX802231,2024-09-05,RE5093,B9191,Prakash Bansal,Ahmedabad,Poonam Chandra,Online Portal,5216000,8,417300,4798700,Full Payment,0,4798700
TX802484,2024-09-05,RE5018,B9173,Priya Rao,Delhi NCR,Nandita Rao,Online Portal,14837000,0,0,14837000,Home Loan,10612276,4224724
TX802487,2024-09-05,RE5120,B9007,Ananya Kumar,Mumbai,Latika Bose,Property Expo,5862000,3,175900,5686100,Builder Finance Plan,3093030,2593070
TX800155,2024-09-06,RE5120,B9181,Arjun Shinde,Delhi NCR,Sneha Kapoor,Walk-in,5862000,6,351700,5510300,Builder Finance Plan,2569597,2940703
TX800265,2024-09-06,RE5028,B9247,Anika Chopra,Pune,Nandita Rao,Walk-in,11529000,1,115300,11413700,Builder Finance Plan,6315834,5097866
TX800916,2024-09-06,RE5078,B9231,Ritika Joshi,Delhi NCR,Sameer Khanna,Property Expo,14198000,8,1135800,13062200,Home Loan,9913350,3148850
TX800987,2024-09-06,RE5019,B9167,Prakash Gaikwad,Nashik,Sneha Kapoor,Walk-in,15490000,3,464700,15025300,Home Loan,10029600,4995700
TX801272,2024-09-06,RE5068,B9078,Nikita Gupta,Hyderabad,Imran Sheikh,Walk-in,12581000,0,0,12581000,Home Loan,9674654,2906346
TX801517,2024-09-06,RE5029,B9084,Nitin Gaikwad,Bangalore,Poonam Chandra,Broker Referral,4467000,3,134000,4333000,Builder Finance Plan,2339152,1993848
TX801538,2024-09-06,RE5005,B9045,Aishwarya Verma,Nagpur,Farida Sheikh,Online Portal,18501000,3,555000,17946000,Home Loan,13272256,4673744
TX802357,2024-09-06,RE5068,B9258,Swati Iyer,Hyderabad,Ritu Saxena,Walk-in,12581000,6,754900,11826100,Full Payment,0,11826100
TX800448,2024-09-07,RE5022,B9108,Sanjay Shah,Nagpur,Manish Tiwari,Walk-in,3810000,0,0,3810000,Builder Finance Plan,1863565,1946435
TX800935,2024-09-07,RE5132,B9060,Vikram Pawar,Bangalore,Arvind Rathi,Online Portal,5980000,0,0,5980000,Home Loan,4832837,1147163
TX802203,2024-09-07,RE5076,B9140,Vikram Pillai,Nashik,Nandita Rao,Walk-in,12143000,0,0,12143000,Home Loan,8503268,3639732
TX800538,2024-09-08,RE5123,B9166,Anika Kale,Ahmedabad,Arvind Rathi,Online Portal,4902000,0,0,4902000,Home Loan,3786689,1115311
TX800005,2024-09-09,RE5067,B9024,Ravi Gupta,Bangalore,Rohit Ahluwalia,Broker Referral,6066000,0,0,6066000,Full Payment,0,6066000
TX800145,2024-09-09,RE5113,B9047,Sunita Singh,Pune,Rohit Ahluwalia,Walk-in,33319000,0,0,33319000,Home Loan,24486645,8832355
TX800499,2024-09-09,RE5117,B9022,Ganesh Reddy,Nashik,Poonam Chandra,Online Portal,5691000,0,0,5691000,Home Loan,4074272,1616728
TX802013,2024-09-09,RE5076,B9110,Sneha Bansal,Chennai,Devendra Solanki,Property Expo,12143000,2,242900,11900100,Home Loan,10023821,1876279
TX802183,2024-09-09,RE5068,B9006,Komal Shah,Ahmedabad,Latika Bose,Online Portal,12581000,8,1006500,11574500,Home Loan,9746685,1827815
TX800839,2024-09-10,RE5116,B9049,Aarav Verma,Hyderabad,Poonam Chandra,Broker Referral,11141000,0,0,11141000,Home Loan,8150491,2990509
TX801450,2024-09-10,RE5055,B9078,Nikita Gupta,Hyderabad,Devendra Solanki,Walk-in,4339000,3,130200,4208800,Full Payment,0,4208800
TX801786,2024-09-10,RE5055,B9138,Aditya Shinde,Nashik,Nandita Rao,Broker Referral,4339000,2,86800,4252200,Home Loan,3574187,678013
TX801962,2024-09-10,RE5102,B9049,Aarav Verma,Hyderabad,Sneha Kapoor,Property Expo,7947000,0,0,7947000,Home Loan,5705073,2241927
TX800036,2024-09-11,RE5053,B9122,Tanvi Kumar,Pune,Sameer Khanna,Online Portal,5798000,0,0,5798000,Home Loan,3919291,1878709
TX800669,2024-09-11,RE5053,B9095,Shweta Verma,Delhi NCR,Ritu Saxena,Online Portal,5798000,8,463800,5334200,Home Loan,3729403,1604797
TX801609,2024-09-11,RE5051,B9255,Sandeep Nair,Mumbai,Nandita Rao,Online Portal,18820000,6,1129200,17690800,Full Payment,0,17690800
TX800126,2024-09-12,RE5070,B9090,Aarav Verma,Pune,Devendra Solanki,Online Portal,15405000,6,924300,14480700,Home Loan,10486267,3994433
TX800205,2024-09-12,RE5040,B9182,Vaishnavi Gaikwad,Bangalore,Imran Sheikh,Walk-in,7062000,1,70600,6991400,Full Payment,0,6991400
TX800557,2024-09-12,RE5079,B9228,Rohan Sharma,Nagpur,Ritu Saxena,Walk-in,6084000,8,486700,5597300,Builder Finance Plan,3052440,2544860
TX801355,2024-09-12,RE5009,B9027,Ravi Gaikwad,Delhi NCR,Nandita Rao,Broker Referral,11535000,3,346000,11189000,Home Loan,8191663,2997337
TX801452,2024-09-12,RE5130,B9031,Karthik Deshmukh,Delhi NCR,Manish Tiwari,Walk-in,36077000,0,0,36077000,Home Loan,29151397,6925603
TX800063,2024-09-13,RE5023,B9117,Ravi Jadhav,Nashik,Manish Tiwari,Broker Referral,6237000,1,62400,6174600,Full Payment,0,6174600
TX800173,2024-09-13,RE5060,B9124,Prakash Kulkarni,Chennai,Sneha Kapoor,Property Expo,4058000,0,0,4058000,Home Loan,2858033,1199967
TX800683,2024-09-13,RE5102,B9219,Shweta Gupta,Mumbai,Ritu Saxena,Walk-in,7947000,5,397400,7549600,Full Payment,0,7549600
TX801218,2024-09-13,RE5122,B9230,Siddharth Pawar,Chennai,Latika Bose,Walk-in,12299000,1,123000,12176000,Home Loan,10152221,2023779
TX801294,2024-09-13,RE5086,B9244,Vivaan Iyer,Mumbai,Farida Sheikh,Online Portal,7023000,5,351200,6671800,Home Loan,5014705,1657095
TX801430,2024-09-13,RE5139,B9185,Shreya Sharma,Mumbai,Ritu Saxena,Online Portal,10653000,3,319600,10333400,Builder Finance Plan,4511448,5821952
TX801895,2024-09-13,RE5001,B9073,Meena Patil,Mumbai,Arvind Rathi,Online Portal,5254000,0,0,5254000,Home Loan,4090390,1163610
TX802253,2024-09-13,RE5024,B9063,Diya Agarwal,Pune,Sameer Khanna,Property Expo,9685000,1,96800,9588200,Home Loan,6912249,2675951
TX800451,2024-09-14,RE5093,B9259,Yash Menon,Nashik,Rohit Ahluwalia,Walk-in,5216000,3,156500,5059500,Builder Finance Plan,2050950,3008550
TX800876,2024-09-14,RE5039,B9022,Ganesh Reddy,Nashik,Devendra Solanki,Walk-in,92163000,3,2764900,89398100,Home Loan,69193180,20204920
TX801220,2024-09-14,RE5040,B9098,Yash Kale,Mumbai,Ritu Saxena,Online Portal,7062000,6,423700,6638300,Home Loan,5235978,1402322
TX801677,2024-09-14,RE5140,B9125,Swati Jadhav,Pune,Sneha Kapoor,Online Portal,8481000,0,0,8481000,Full Payment,0,8481000
TX802384,2024-09-14,RE5139,B9049,Aarav Verma,Hyderabad,Poonam Chandra,Online Portal,10653000,8,852200,9800800,Home Loan,7997985,1802815
TX800371,2024-09-15,RE5076,B9151,Amit Kulkarni,Bangalore,Arvind Rathi,Property Expo,12143000,0,0,12143000,Home Loan,8497580,3645420
TX800953,2024-09-15,RE5071,B9223,Swati Reddy,Hyderabad,Farida Sheikh,Broker Referral,3409000,0,0,3409000,Home Loan,2263828,1145172
TX801896,2024-09-15,RE5022,B9001,Vijay Reddy,Chennai,Manish Tiwari,Walk-in,3810000,0,0,3810000,Home Loan,3015241,794759
TX800341,2024-09-16,RE5047,B9031,Karthik Deshmukh,Delhi NCR,Nandita Rao,Online Portal,3321000,0,0,3321000,Builder Finance Plan,1941610,1379390
TX800561,2024-09-17,RE5016,B9239,Anjali Jadhav,Pune,Ritu Saxena,Walk-in,16170000,0,0,16170000,Full Payment,0,16170000
TX801527,2024-09-17,RE5135,B9123,Ravi Shah,Nashik,Manish Tiwari,Property Expo,7660000,5,383000,7277000,Home Loan,5111082,2165918
TX801888,2024-09-17,RE5082,B9258,Swati Iyer,Hyderabad,Nandita Rao,Walk-in,4953000,3,148600,4804400,Home Loan,3882577,921823
TX802105,2024-09-17,RE5059,B9011,Kavita Gupta,Nashik,Devendra Solanki,Broker Referral,10108000,8,808600,9299400,Builder Finance Plan,3945315,5354085
TX802219,2024-09-17,RE5127,B9088,Ganesh Shinde,Chennai,Poonam Chandra,Broker Referral,7365000,8,589200,6775800,Home Loan,5204764,1571036
TX800679,2024-09-18,RE5029,B9194,Manoj Agarwal,Hyderabad,Ritu Saxena,Property Expo,4467000,6,268000,4199000,Full Payment,0,4199000
TX801335,2024-09-18,RE5062,B9095,Shweta Verma,Delhi NCR,Sameer Khanna,Property Expo,4684000,1,46800,4637200,Home Loan,3183663,1453537
TX801558,2024-09-18,RE5135,B9063,Diya Agarwal,Pune,Rohit Ahluwalia,Broker Referral,7660000,2,153200,7506800,Home Loan,5217982,2288818
TX802388,2024-09-18,RE5092,B9008,Ganesh Bhosale,Ahmedabad,Sneha Kapoor,Property Expo,20099000,0,0,20099000,Home Loan,15932100,4166900
TX802520,2024-09-18,RE5071,B9149,Nitin Singh,Bangalore,Ritu Saxena,Broker Referral,3409000,0,0,3409000,Home Loan,2846771,562229
TX800258,2024-09-19,RE5094,B9060,Vikram Pawar,Bangalore,Latika Bose,Broker Referral,8924000,0,0,8924000,Home Loan,6732082,2191918
TX800328,2024-09-19,RE5138,B9003,Nikita Iyer,Bangalore,Poonam Chandra,Property Expo,8071000,6,484300,7586700,Home Loan,6387917,1198783
TX801421,2024-09-19,RE5053,B9233,Anjali Kumar,Pune,Sneha Kapoor,Online Portal,5798000,0,0,5798000,Full Payment,0,5798000
TX801836,2024-09-19,RE5135,B9219,Shweta Gupta,Mumbai,Poonam Chandra,Walk-in,7660000,0,0,7660000,Home Loan,5077776,2582224
TX802181,2024-09-19,RE5060,B9182,Vaishnavi Gaikwad,Bangalore,Ritu Saxena,Property Expo,4058000,0,0,4058000,Full Payment,0,4058000
TX801133,2024-09-20,RE5082,B9208,Vihaan More,Chennai,Rohit Ahluwalia,Walk-in,4953000,6,297200,4655800,Full Payment,0,4655800
TX801382,2024-09-20,RE5026,B9121,Aishwarya Jadhav,Hyderabad,Imran Sheikh,Broker Referral,2963000,0,0,2963000,Home Loan,2495984,467016
TX800419,2024-09-21,RE5130,B9221,Sandeep Nair,Bangalore,Rohit Ahluwalia,Online Portal,36077000,2,721500,35355500,Home Loan,23907179,11448321
TX800785,2024-09-21,RE5067,B9163,Diya Verma,Chennai,Rohit Ahluwalia,Broker Referral,6066000,2,121300,5944700,Home Loan,4185913,1758787
TX801658,2024-09-21,RE5119,B9060,Vikram Pawar,Bangalore,Nandita Rao,Property Expo,33566000,4,1342600,32223400,Home Loan,21818653,10404747
TX802551,2024-09-21,RE5043,B9215,Aadhya Nair,Bangalore,Imran Sheikh,Online Portal,2576000,8,206100,2369900,Full Payment,0,2369900
TX800466,2024-09-22,RE5050,B9067,Aditya More,Mumbai,Manish Tiwari,Online Portal,17781000,6,1066900,16714100,Home Loan,11785566,4928534
TX801159,2024-09-22,RE5083,B9080,Priya Sharma,Chennai,Poonam Chandra,Walk-in,20903000,3,627100,20275900,Home Loan,16543835,3732065
TX801261,2024-09-22,RE5108,B9090,Aarav Verma,Pune,Poonam Chandra,Online Portal,11538000,0,0,11538000,Builder Finance Plan,5229505,6308495
TX801375,2024-09-22,RE5017,B9108,Sanjay Shah,Nagpur,Imran Sheikh,Online Portal,16319000,0,0,16319000,Home Loan,12728695,3590305
TX801597,2024-09-22,RE5056,B9195,Yash Sharma,Chennai,Sneha Kapoor,Online Portal,12967000,6,778000,12189000,Home Loan,9942990,2246010
TX802044,2024-09-22,RE5127,B9069,Anjali Naik,Nagpur,Farida Sheikh,Walk-in,7365000,4,294600,7070400,Builder Finance Plan,3660192,3410208
TX802248,2024-09-22,RE5012,B9061,Aishwarya Reddy,Ahmedabad,Latika Bose,Broker Referral,3863000,0,0,3863000,Home Loan,3123242,739758
TX800484,2024-09-23,RE5013,B9022,Ganesh Reddy,Nashik,Nandita Rao,Online Portal,14405000,2,288100,14116900,Builder Finance Plan,7961805,6155095
TX801692,2024-09-23,RE5076,B9054,Karthik Menon,Mumbai,Poonam Chandra,Broker Referral,12143000,1,121400,12021600,Full Payment,0,12021600
TX801764,2024-09-23,RE5086,B9253,Navya Patil,Nashik,Nandita Rao,Walk-in,7023000,4,280900,6742100,Home Loan,4630195,2111905
TX800475,2024-09-24,RE5053,B9193,Pallavi Deshmukh,Chennai,Imran Sheikh,Online Portal,5798000,4,231900,5566100,Full Payment,0,5566100
TX801634,2024-09-24,RE5072,B9063,Diya Agarwal,Pune,Sneha Kapoor,Online Portal,8658000,8,692600,7965400,Home Loan,5273334,2692066
TX801713,2024-09-24,RE5067,B9060,Vikram Pawar,Bangalore,Ritu Saxena,Property Expo,6066000,1,60700,6005300,Full Payment,0,6005300
TX802177,2024-09-24,RE5032,B9171,Swati Singh,Nashik,Imran Sheikh,Online Portal,6845000,0,0,6845000,Builder Finance Plan,3113683,3731317
TX802509,2024-09-24,RE5116,B9138,Aditya Shinde,Nashik,Ritu Saxena,Walk-in,11141000,0,0,11141000,Home Loan,7552495,3588505
TX800223,2024-09-25,RE5001,B9041,Suresh Kulkarni,Nashik,Sneha Kapoor,Broker Referral,5254000,0,0,5254000,Home Loan,3893868,1360132
TX800958,2024-09-25,RE5066,B9133,Aadhya Kulkarni,Mumbai,Poonam Chandra,Online Portal,5628000,0,0,5628000,Home Loan,4031890,1596110
TX801074,2024-09-25,RE5128,B9153,Vihaan Verma,Ahmedabad,Farida Sheikh,Walk-in,6347000,5,317400,6029600,Home Loan,5082011,947589
TX801589,2024-09-25,RE5113,B9203,Nikhil Nair,Hyderabad,Sameer Khanna,Walk-in,33319000,0,0,33319000,Full Payment,0,33319000
TX800439,2024-09-26,RE5128,B9236,Suresh Naik,Hyderabad,Latika Bose,Online Portal,6347000,0,0,6347000,Home Loan,4818507,1528493
TX800838,2024-09-26,RE5095,B9154,Vikram Pawar,Nashik,Imran Sheikh,Walk-in,11454000,8,916300,10537700,Home Loan,7963598,2574102
TX801549,2024-09-26,RE5043,B9021,Rajiv Naik,Nashik,Nandita Rao,Broker Referral,2576000,0,0,2576000,Home Loan,2099401,476599
TX801593,2024-09-26,RE5126,B9260,Rajesh Shah,Bangalore,Sameer Khanna,Online Portal,20113000,0,0,20113000,Full Payment,0,20113000
TX800064,2024-09-27,RE5032,B9191,Prakash Bansal,Ahmedabad,Rohit Ahluwalia,Walk-in,6845000,0,0,6845000,Home Loan,4837028,2007972
TX800424,2024-09-27,RE5034,B9195,Yash Sharma,Chennai,Farida Sheikh,Online Portal,6639000,5,332000,6307000,Full Payment,0,6307000
TX802065,2024-09-27,RE5120,B9239,Anjali Jadhav,Pune,Devendra Solanki,Online Portal,5862000,3,175900,5686100,Home Loan,4201552,1484548
TX802162,2024-09-27,RE5037,B9224,Aarav Gupta,Ahmedabad,Devendra Solanki,Online Portal,5785000,2,115700,5669300,Full Payment,0,5669300
TX802486,2024-09-27,RE5013,B9078,Nikita Gupta,Hyderabad,Arvind Rathi,Online Portal,14405000,0,0,14405000,Home Loan,10935316,3469684
TX800167,2024-09-28,RE5115,B9085,Mahesh Jadhav,Mumbai,Sameer Khanna,Property Expo,9810000,6,588600,9221400,Builder Finance Plan,4669110,4552290
TX800213,2024-09-28,RE5103,B9028,Sneha Patil,Ahmedabad,Latika Bose,Walk-in,6658000,0,0,6658000,Home Loan,5192624,1465376
TX801396,2024-09-28,RE5113,B9105,Pallavi Kumar,Pune,Manish Tiwari,Property Expo,33319000,3,999600,32319400,Home Loan,22298500,10020900
TX801879,2024-09-28,RE5014,B9093,Mahesh Kumar,Bangalore,Arvind Rathi,Broker Referral,4926000,3,147800,4778200,Full Payment,0,4778200
TX801969,2024-09-28,RE5023,B9052,Aishwarya Malhotra,Ahmedabad,Imran Sheikh,Online Portal,6237000,0,0,6237000,Full Payment,0,6237000
TX800026,2024-10-01,RE5060,B9006,Komal Shah,Ahmedabad,Rohit Ahluwalia,Online Portal,4058000,0,0,4058000,Home Loan,2717640,1340360
TX801230,2024-10-01,RE5014,B9217,Kavita Jadhav,Hyderabad,Nandita Rao,Walk-in,4926000,2,98500,4827500,Home Loan,4088190,739310
TX800277,2024-10-02,RE5103,B9159,Vijay Gupta,Ahmedabad,Sameer Khanna,Online Portal,6658000,0,0,6658000,Home Loan,4718473,1939527
TX801164,2024-10-02,RE5002,B9047,Sunita Singh,Pune,Farida Sheikh,Walk-in,4714000,0,0,4714000,Home Loan,3947355,766645
TX801344,2024-10-02,RE5044,B9111,Naveen Sharma,Delhi NCR,Poonam Chandra,Online Portal,12357000,0,0,12357000,Home Loan,8397875,3959125
TX800150,2024-10-03,RE5042,B9251,Karan Mehta,Mumbai,Poonam Chandra,Broker Referral,4080000,3,122400,3957600,Full Payment,0,3957600
TX800281,2024-10-03,RE5138,B9162,Ritika Gaikwad,Hyderabad,Ritu Saxena,Property Expo,8071000,0,0,8071000,Home Loan,5306484,2764516
TX801248,2024-10-03,RE5043,B9210,Ashok Kale,Ahmedabad,Arvind Rathi,Broker Referral,2576000,0,0,2576000,Home Loan,2139389,436611
TX801526,2024-10-03,RE5093,B9151,Amit Kulkarni,Bangalore,Devendra Solanki,Walk-in,5216000,5,260800,4955200,Home Loan,3427259,1527941
TX801761,2024-10-03,RE5068,B9033,Amit Kapoor,Ahmedabad,Nandita Rao,Property Expo,12581000,6,754900,11826100,Home Loan,9409642,2416458
TX801788,2024-10-03,RE5112,B9155,Neha Pawar,Mumbai,Latika Bose,Property Expo,11440000,3,343200,11096800,Home Loan,7288716,3808084
TX801957,2024-10-03,RE5138,B9131,Rahul Kapoor,Ahmedabad,Nandita Rao,Broker Referral,8071000,4,322800,7748200,Home Loan,5904510,1843690
TX800427,2024-10-04,RE5095,B9156,Pallavi Kumar,Nagpur,Ritu Saxena,Walk-in,11454000,0,0,11454000,Home Loan,8135872,3318128
TX800687,2024-10-04,RE5114,B9014,Manoj Iyer,Bangalore,Devendra Solanki,Walk-in,7105000,4,284200,6820800,Home Loan,4684445,2136355
TX802080,2024-10-04,RE5037,B9251,Karan Mehta,Mumbai,Farida Sheikh,Online Portal,5785000,0,0,5785000,Full Payment,0,5785000
TX800571,2024-10-05,RE5029,B9002,Shweta Patil,Bangalore,Imran Sheikh,Walk-in,4467000,4,178700,4288300,Full Payment,0,4288300
TX801924,2024-10-05,RE5102,B9237,Divya More,Delhi NCR,Ritu Saxena,Broker Referral,7947000,0,0,7947000,Home Loan,6036938,1910062
TX802127,2024-10-05,RE5085,B9243,Sneha Chopra,Bangalore,Latika Bose,Broker Referral,5697000,0,0,5697000,Home Loan,3793930,1903070
TX802242,2024-10-05,RE5004,B9109,Shweta Jadhav,Hyderabad,Farida Sheikh,Broker Referral,4450000,0,0,4450000,Home Loan,3554824,895176
TX800512,2024-10-06,RE5008,B9208,Vihaan More,Chennai,Nandita Rao,Broker Referral,4351000,5,217600,4133400,Home Loan,3411044,722356
TX801091,2024-10-06,RE5056,B9074,Vijay Kapoor,Hyderabad,Arvind Rathi,Walk-in,12967000,0,0,12967000,Full Payment,0,12967000
TX801157,2024-10-06,RE5128,B9146,Swati Singh,Hyderabad,Sneha Kapoor,Online Portal,6347000,0,0,6347000,Home Loan,4678373,1668627
TX802523,2024-10-06,RE5088,B9113,Ananya Singh,Pune,Devendra Solanki,Online Portal,16482000,1,164800,16317200,Home Loan,11377773,4939427
TX800775,2024-10-07,RE5051,B9032,Karan Pawar,Delhi NCR,Sameer Khanna,Walk-in,18820000,2,376400,18443600,Full Payment,0,18443600
TX801202,2024-10-07,RE5042,B9018,Ritika Kapoor,Bangalore,Imran Sheikh,Online Portal,4080000,1,40800,4039200,Home Loan,3321226,717974
TX801943,2024-10-07,RE5035,B9079,Pallavi Patil,Bangalore,Latika Bose,Walk-in,4560000,0,0,4560000,Home Loan,3123726,1436274
TX801961,2024-10-07,RE5024,B9008,Ganesh Bhosale,Ahmedabad,Devendra Solanki,Walk-in,9685000,0,0,9685000,Builder Finance Plan,4165440,5519560
TX800033,2024-10-08,RE5012,B9125,Swati Jadhav,Pune,Imran Sheikh,Walk-in,3863000,4,154500,3708500,Builder Finance Plan,1842671,1865829
TX801143,2024-10-08,RE5008,B9215,Aadhya Nair,Bangalore,Manish Tiwari,Broker Referral,4351000,0,0,4351000,Full Payment,0,4351000
TX801654,2024-10-08,RE5072,B9016,Vihaan Kapoor,Nashik,Nandita Rao,Broker Referral,8658000,2,173200,8484800,Home Loan,6988970,1495830
TX802027,2024-10-08,RE5100,B9028,Sneha Patil,Ahmedabad,Poonam Chandra,Online Portal,2996000,0,0,2996000,Full Payment,0,2996000
TX800252,2024-10-09,RE5120,B9241,Mahesh Kapoor,Nashik,Farida Sheikh,Online Portal,5862000,8,469000,5393000,Home Loan,3944417,1448583
TX801340,2024-10-09,RE5008,B9244,Vivaan Iyer,Mumbai,Latika Bose,Online Portal,4351000,2,87000,4264000,Home Loan,3153427,1110573
TX801735,2024-10-09,RE5081,B9168,Vihaan Patil,Bangalore,Sameer Khanna,Walk-in,16171000,5,808600,15362400,Full Payment,0,15362400
TX802155,2024-10-09,RE5102,B9227,Amit Reddy,Nashik,Sneha Kapoor,Online Portal,7947000,0,0,7947000,Full Payment,0,7947000
TX800166,2024-10-10,RE5111,B9255,Sandeep Nair,Mumbai,Manish Tiwari,Walk-in,58958000,0,0,58958000,Full Payment,0,58958000
TX801318,2024-10-10,RE5056,B9110,Sneha Bansal,Chennai,Latika Bose,Broker Referral,12967000,4,518700,12448300,Home Loan,9097249,3351051
TX801632,2024-10-10,RE5060,B9202,Meena Kapoor,Chennai,Ritu Saxena,Broker Referral,4058000,5,202900,3855100,Home Loan,2924567,930533
TX801647,2024-10-10,RE5089,B9143,Suresh Nair,Ahmedabad,Rohit Ahluwalia,Online Portal,13626000,4,545000,13081000,Home Loan,9566077,3514923
TX801970,2024-10-10,RE5051,B9044,Siddharth Singh,Mumbai,Farida Sheikh,Online Portal,18820000,5,941000,17879000,Home Loan,12957245,4921755
TX800380,2024-10-11,RE5112,B9006,Komal Shah,Ahmedabad,Nandita Rao,Online Portal,11440000,1,114400,11325600,Full Payment,0,11325600
TX800700,2024-10-11,RE5027,B9112,Anika Nair,Nagpur,Poonam Chandra,Broker Referral,4750000,0,0,4750000,Home Loan,3816765,933235
TX802444,2024-10-11,RE5013,B9036,Anil Nair,Ahmedabad,Manish Tiwari,Online Portal,14405000,0,0,14405000,Home Loan,11835988,2569012
TX800658,2024-10-12,RE5062,B9159,Vijay Gupta,Ahmedabad,Ritu Saxena,Walk-in,4684000,0,0,4684000,Home Loan,3052755,1631245
TX800917,2024-10-12,RE5009,B9105,Pallavi Kumar,Pune,Ritu Saxena,Online Portal,11535000,1,115400,11419600,Home Loan,8030751,3388849
TX801201,2024-10-12,RE5035,B9051,Shweta Jadhav,Pune,Devendra Solanki,Online Portal,4560000,0,0,4560000,Full Payment,0,4560000
TX802066,2024-10-12,RE5067,B9201,Vihaan Pillai,Hyderabad,Rohit Ahluwalia,Broker Referral,6066000,8,485300,5580700,Home Loan,4400578,1180122
TX802258,2024-10-12,RE5024,B9169,Rahul Jadhav,Pune,Devendra Solanki,Walk-in,9685000,3,290600,9394400,Builder Finance Plan,5569335,3825065
TX802427,2024-10-12,RE5008,B9081,Mahesh Singh,Hyderabad,Latika Bose,Walk-in,4351000,0,0,4351000,Home Loan,3145856,1205144
TX800530,2024-10-13,RE5031,B9171,Swati Singh,Nashik,Manish Tiwari,Broker Referral,5915000,0,0,5915000,Builder Finance Plan,2549091,3365909
TX801064,2024-10-13,RE5035,B9239,Anjali Jadhav,Pune,Arvind Rathi,Broker Referral,4560000,8,364800,4195200,Builder Finance Plan,1680034,2515166
TX801368,2024-10-13,RE5120,B9028,Sneha Patil,Ahmedabad,Rohit Ahluwalia,Broker Referral,5862000,4,234500,5627500,Home Loan,4319357,1308143
TX801482,2024-10-13,RE5092,B9129,Myra Shah,Ahmedabad,Farida Sheikh,Broker Referral,20099000,3,603000,19496000,Full Payment,0,19496000
TX801669,2024-10-13,RE5094,B9157,Ritu Patil,Mumbai,Devendra Solanki,Walk-in,8924000,0,0,8924000,Builder Finance Plan,3974050,4949950
TX802147,2024-10-13,RE5008,B9134,Diya Kale,Chennai,Imran Sheikh,Online Portal,4351000,1,43500,4307500,Full Payment,0,4307500
TX802356,2024-10-13,RE5123,B9148,Anil Patil,Nashik,Arvind Rathi,Broker Referral,4902000,0,0,4902000,Home Loan,3226372,1675628
TX802496,2024-10-13,RE5026,B9248,Vivaan Patil,Hyderabad,Latika Bose,Online Portal,2963000,4,118500,2844500,Builder Finance Plan,1326856,1517644
TX800050,2024-10-14,RE5099,B9232,Aditya Joshi,Delhi NCR,Devendra Solanki,Walk-in,17476000,0,0,17476000,Full Payment,0,17476000
TX800301,2024-10-14,RE5138,B9222,Aadhya Deshmukh,Hyderabad,Manish Tiwari,Property Expo,8071000,3,242100,7828900,Builder Finance Plan,3938783,3890117
TX801267,2024-10-14,RE5026,B9239,Anjali Jadhav,Pune,Sneha Kapoor,Property Expo,2963000,0,0,2963000,Home Loan,2080016,882984
TX802008,2024-10-14,RE5035,B9040,Navya Pawar,Ahmedabad,Sameer Khanna,Online Portal,4560000,8,364800,4195200,Home Loan,3072795,1122405
TX802344,2024-10-14,RE5016,B9076,Anil Sharma,Pune,Sameer Khanna,Property Expo,16170000,0,0,16170000,Builder Finance Plan,7392494,8777506
TX802524,2024-10-14,RE5099,B9114,Ishita More,Bangalore,Sameer Khanna,Broker Referral,17476000,6,1048600,16427400,Home Loan,10709017,5718383
TX800044,2024-10-15,RE5115,B9180,Ritu More,Hyderabad,Sameer Khanna,Online Portal,9810000,8,784800,9025200,Home Loan,7501828,1523372
TX800773,2024-10-15,RE5054,B9114,Ishita More,Bangalore,Manish Tiwari,Online Portal,11868000,1,118700,11749300,Home Loan,8259670,3489630
TX801997,2024-10-15,RE5038,B9041,Suresh Kulkarni,Nashik,Arvind Rathi,Broker Referral,57033000,0,0,57033000,Home Loan,43982970,13050030
TX800454,2024-10-16,RE5064,B9259,Yash Menon,Nashik,Ritu Saxena,Online Portal,6493000,0,0,6493000,Builder Finance Plan,3582191,2910809
TX800677,2024-10-16,RE5023,B9017,Komal Deshmukh,Nashik,Devendra Solanki,Broker Referral,6237000,5,311800,5925200,Home Loan,4965926,959274
TX801977,2024-10-16,RE5062,B9164,Suresh Verma,Ahmedabad,Ritu Saxena,Online Portal,4684000,2,93700,4590300,Home Loan,3857774,732526
TX802021,2024-10-16,RE5060,B9223,Swati Reddy,Hyderabad,Ritu Saxena,Property Expo,4058000,0,0,4058000,Home Loan,2659027,1398973
TX801209,2024-10-17,RE5042,B9055,Aadhya Verma,Nashik,Imran Sheikh,Broker Referral,4080000,4,163200,3916800,Home Loan,2700316,1216484
TX801342,2024-10-17,RE5037,B9092,Sanjay Reddy,Chennai,Farida Sheikh,Broker Referral,5785000,0,0,5785000,Home Loan,4661768,1123232
TX801423,2024-10-17,RE5036,B9167,Prakash Gaikwad,Nashik,Devendra Solanki,Broker Referral,4110000,0,0,4110000,Home Loan,3015685,1094315
TX801711,2024-10-17,RE5028,B9198,Anika Kapoor,Mumbai,Ritu Saxena,Walk-in,11529000,0,0,11529000,Builder Finance Plan,6218689,5310311
TX801750,2024-10-17,RE5058,B9236,Suresh Naik,Hyderabad,Latika Bose,Walk-in,13282000,8,1062600,12219400,Home Loan,7947117,4272283
TX801951,2024-10-17,RE5132,B9239,Anjali Jadhav,Pune,Sneha Kapoor,Online Portal,5980000,0,0,5980000,Full Payment,0,5980000
TX800491,2024-10-18,RE5111,B9162,Ritika Gaikwad,Hyderabad,Latika Bose,Broker Referral,58958000,0,0,58958000,Home Loan,49909698,9048302
TX802082,2024-10-18,RE5130,B9092,Sanjay Reddy,Chennai,Latika Bose,Broker Referral,36077000,4,1443100,34633900,Full Payment,0,34633900
TX802411,2024-10-18,RE5085,B9051,Shweta Jadhav,Pune,Ritu Saxena,Walk-in,5697000,2,113900,5583100,Builder Finance Plan,2854124,2728976
TX800015,2024-10-19,RE5022,B9212,Ashok Sharma,Ahmedabad,Sneha Kapoor,Broker Referral,3810000,4,152400,3657600,Builder Finance Plan,1881439,1776161
TX800135,2024-10-19,RE5002,B9053,Nidhi Shah,Bangalore,Latika Bose,Walk-in,4714000,8,377100,4336900,Full Payment,0,4336900
TX800827,2024-10-19,RE5080,B9060,Vikram Pawar,Bangalore,Nandita Rao,Broker Referral,2660000,3,79800,2580200,Builder Finance Plan,1386252,1193948
TX801001,2024-10-19,RE5014,B9260,Rajesh Shah,Bangalore,Nandita Rao,Broker Referral,4926000,0,0,4926000,Home Loan,3605044,1320956
TX802083,2024-10-19,RE5092,B9192,Vaishnavi Deshmukh,Nashik,Nandita Rao,Online Portal,20099000,0,0,20099000,Home Loan,13508627,6590373
TX802599,2024-10-19,RE5113,B9077,Ravi Menon,Mumbai,Sneha Kapoor,Walk-in,33319000,0,0,33319000,Full Payment,0,33319000
TX800562,2024-10-20,RE5071,B9090,Aarav Verma,Pune,Farida Sheikh,Broker Referral,3409000,1,34100,3374900,Home Loan,2811293,563607
TX800572,2024-10-20,RE5127,B9090,Aarav Verma,Pune,Nandita Rao,Online Portal,7365000,0,0,7365000,Home Loan,4876014,2488986
TX802036,2024-10-20,RE5023,B9153,Vihaan Verma,Ahmedabad,Nandita Rao,Walk-in,6237000,4,249500,5987500,Home Loan,4404588,1582912
TX802234,2024-10-20,RE5140,B9247,Anika Chopra,Pune,Rohit Ahluwalia,Broker Referral,8481000,0,0,8481000,Home Loan,6310132,2170868
TX800261,2024-10-21,RE5001,B9228,Rohan Sharma,Nagpur,Latika Bose,Property Expo,5254000,0,0,5254000,Home Loan,3755837,1498163
TX800446,2024-10-21,RE5017,B9020,Ananya More,Delhi NCR,Poonam Chandra,Broker Referral,16319000,3,489600,15829400,Builder Finance Plan,8794428,7034972
TX800755,2024-10-21,RE5138,B9230,Siddharth Pawar,Chennai,Rohit Ahluwalia,Broker Referral,8071000,3,242100,7828900,Home Loan,5219241,2609659
TX800974,2024-10-21,RE5042,B9259,Yash Menon,Nashik,Sameer Khanna,Broker Referral,4080000,1,40800,4039200,Full Payment,0,4039200
TX801826,2024-10-21,RE5105,B9227,Amit Reddy,Nashik,Ritu Saxena,Broker Referral,15306000,8,1224500,14081500,Builder Finance Plan,6154896,7926604
TX800194,2024-10-23,RE5093,B9196,Anjali More,Chennai,Arvind Rathi,Walk-in,5216000,3,156500,5059500,Full Payment,0,5059500
TX800346,2024-10-23,RE5029,B9098,Yash Kale,Mumbai,Arvind Rathi,Broker Referral,4467000,0,0,4467000,Home Loan,2912342,1554658
TX800438,2024-10-23,RE5068,B9019,Sunita Kumar,Pune,Sneha Kapoor,Walk-in,12581000,0,0,12581000,Home Loan,9081990,3499010
TX800629,2024-10-23,RE5022,B9003,Nikita Iyer,Bangalore,Ritu Saxena,Broker Referral,3810000,1,38100,3771900,Home Loan,2584135,1187765
TX801328,2024-10-23,RE5140,B9204,Vikram Agarwal,Chennai,Devendra Solanki,Online Portal,8481000,0,0,8481000,Home Loan,6718387,1762613
TX802588,2024-10-23,RE5017,B9128,Sneha Mehta,Mumbai,Latika Bose,Broker Referral,16319000,3,489600,15829400,Home Loan,11730677,4098723
TX801518,2024-10-24,RE5013,B9158,Anika Rao,Hyderabad,Devendra Solanki,Broker Referral,14405000,0,0,14405000,Builder Finance Plan,8498619,5906381
TX802179,2024-10-24,RE5076,B9197,Amit Kale,Bangalore,Sameer Khanna,Online Portal,12143000,0,0,12143000,Full Payment,0,12143000
TX802345,2024-10-24,RE5117,B9088,Ganesh Shinde,Chennai,Farida Sheikh,Online Portal,5691000,0,0,5691000,Full Payment,0,5691000
TX802368,2024-10-24,RE5085,B9144,Shweta Sharma,Mumbai,Latika Bose,Broker Referral,5697000,3,170900,5526100,Home Loan,4580128,945972
TX800468,2024-10-25,RE5045,B9004,Nitin Bansal,Delhi NCR,Arvind Rathi,Broker Referral,94090000,0,0,94090000,Full Payment,0,94090000
TX801679,2024-10-25,RE5058,B9102,Navya Kale,Delhi NCR,Latika Bose,Walk-in,13282000,0,0,13282000,Builder Finance Plan,6489195,6792805
TX801584,2024-10-26,RE5068,B9183,Nitin Bansal,Mumbai,Sameer Khanna,Walk-in,12581000,4,503200,12077800,Home Loan,9936077,2141723
TX801631,2024-10-26,RE5020,B9011,Kavita Gupta,Nashik,Nandita Rao,Walk-in,26898000,0,0,26898000,Home Loan,20269240,6628760
TX801723,2024-10-26,RE5032,B9023,Vikram Agarwal,Nagpur,Sneha Kapoor,Broker Referral,6845000,0,0,6845000,Builder Finance Plan,2981899,3863101
TX800203,2024-10-27,RE5108,B9101,Priya Shah,Nashik,Arvind Rathi,Property Expo,11538000,0,0,11538000,Full Payment,0,11538000
TX800555,2024-10-27,RE5071,B9077,Ravi Menon,Mumbai,Rohit Ahluwalia,Online Portal,3409000,5,170400,3238600,Builder Finance Plan,1715567,1523033
TX800563,2024-10-27,RE5109,B9058,Pallavi Verma,Nagpur,Poonam Chandra,Online Portal,13206000,2,264100,12941900,Full Payment,0,12941900
TX800795,2024-10-27,RE5063,B9227,Amit Reddy,Nashik,Latika Bose,Walk-in,9206000,8,736500,8469500,Home Loan,5950919,2518581
TX801905,2024-10-27,RE5090,B9166,Anika Kale,Ahmedabad,Farida Sheikh,Walk-in,10862000,2,217200,10644800,Home Loan,8073389,2571411
TX802073,2024-10-27,RE5112,B9253,Navya Patil,Nashik,Ritu Saxena,Walk-in,11440000,0,0,11440000,Full Payment,0,11440000
TX800017,2024-10-28,RE5076,B9197,Amit Kale,Bangalore,Imran Sheikh,Broker Referral,12143000,0,0,12143000,Home Loan,8621585,3521415
TX800381,2024-10-28,RE5003,B9119,Sunita Chopra,Nashik,Arvind Rathi,Broker Referral,19960000,0,0,19960000,Home Loan,15313292,4646708
TX801211,2024-10-28,RE5138,B9097,Priya Menon,Bangalore,Farida Sheikh,Online Portal,8071000,5,403600,7667400,Home Loan,6124660,1542740
TX801246,2024-10-28,RE5127,B9193,Pallavi Deshmukh,Chennai,Nandita Rao,Broker Referral,7365000,0,0,7365000,Home Loan,5264660,2100340
TX801662,2024-10-28,RE5079,B9222,Aadhya Deshmukh,Hyderabad,Nandita Rao,Walk-in,6084000,0,0,6084000,Builder Finance Plan,2754923,3329077
TX800235,2024-11-01,RE5105,B9049,Aarav Verma,Hyderabad,Latika Bose,Walk-in,15306000,8,1224500,14081500,Home Loan,11560947,2520553
TX800566,2024-11-01,RE5080,B9196,Anjali More,Chennai,Ritu Saxena,Broker Referral,2660000,1,26600,2633400,Builder Finance Plan,1187440,1445960
TX800585,2024-11-01,RE5040,B9240,Ishita Pawar,Mumbai,Rohit Ahluwalia,Online Portal,7062000,1,70600,6991400,Builder Finance Plan,3935801,3055599
TX800733,2024-11-01,RE5100,B9208,Vihaan More,Chennai,Manish Tiwari,Broker Referral,2996000,1,30000,2966000,Home Loan,2441479,524521
TX800743,2024-11-01,RE5027,B9255,Sandeep Nair,Mumbai,Imran Sheikh,Walk-in,4750000,0,0,4750000,Home Loan,3933067,816933
TX801142,2024-11-01,RE5053,B9242,Pooja Sharma,Ahmedabad,Latika Bose,Broker Referral,5798000,0,0,5798000,Full Payment,0,5798000
TX801656,2024-11-01,RE5060,B9137,Nikita Deshmukh,Hyderabad,Manish Tiwari,Online Portal,4058000,0,0,4058000,Full Payment,0,4058000
TX802245,2024-11-01,RE5036,B9235,Kavita Gupta,Mumbai,Ritu Saxena,Walk-in,4110000,8,328800,3781200,Home Loan,2790842,990358
TX802432,2024-11-01,RE5074,B9212,Ashok Sharma,Ahmedabad,Imran Sheikh,Online Portal,13595000,1,136000,13459000,Home Loan,10681933,2777067
TX800710,2024-11-02,RE5010,B9040,Navya Pawar,Ahmedabad,Arvind Rathi,Walk-in,6411000,5,320600,6090400,Full Payment,0,6090400
TX801577,2024-11-02,RE5034,B9076,Anil Sharma,Pune,Poonam Chandra,Property Expo,6639000,2,132800,6506200,Home Loan,5321515,1184685
TX802069,2024-11-02,RE5041,B9060,Vikram Pawar,Bangalore,Sneha Kapoor,Walk-in,6416000,0,0,6416000,Home Loan,5422354,993646
TX802108,2024-11-02,RE5024,B9042,Aishwarya Patil,Delhi NCR,Latika Bose,Walk-in,9685000,8,774800,8910200,Home Loan,6108410,2801790
TX800131,2024-11-03,RE5056,B9033,Amit Kapoor,Ahmedabad,Imran Sheikh,Broker Referral,12967000,0,0,12967000,Home Loan,9792198,3174802
TX800754,2024-11-03,RE5046,B9181,Arjun Shinde,Delhi NCR,Nandita Rao,Walk-in,41465000,3,1244000,40221000,Builder Finance Plan,21031688,19189312
TX800865,2024-11-03,RE5006,B9187,Divya Iyer,Nashik,Sneha Kapoor,Broker Referral,61164000,2,1223300,59940700,Home Loan,45602545,14338155
TX802002,2024-11-03,RE5085,B9229,Bhavna Jadhav,Nashik,Rohit Ahluwalia,Walk-in,5697000,0,0,5697000,Home Loan,3785537,1911463
TX802161,2024-11-03,RE5128,B9251,Karan Mehta,Mumbai,Imran Sheikh,Online Portal,6347000,8,507800,5839200,Full Payment,0,5839200
TX801304,2024-11-04,RE5117,B9045,Aishwarya Verma,Nagpur,Manish Tiwari,Walk-in,5691000,2,113800,5577200,Home Loan,4626870,950330
TX801617,2024-11-04,RE5057,B9102,Navya Kale,Delhi NCR,Nandita Rao,Online Portal,12463000,2,249300,12213700,Home Loan,9864048,2349652
TX802190,2024-11-04,RE5140,B9230,Siddharth Pawar,Chennai,Sameer Khanna,Online Portal,8481000,0,0,8481000,Home Loan,6624862,1856138
TX802439,2024-11-04,RE5030,B9031,Karthik Deshmukh,Delhi NCR,Sameer Khanna,Broker Referral,5599000,2,112000,5487000,Home Loan,4092954,1394046
TX800130,2024-11-05,RE5116,B9132,Swati Kulkarni,Hyderabad,Poonam Chandra,Walk-in,11141000,0,0,11141000,Home Loan,9406070,1734930
TX800342,2024-11-05,RE5099,B9062,Prakash Nair,Chennai,Devendra Solanki,Broker Referral,17476000,0,0,17476000,Home Loan,14621206,2854794
TX801585,2024-11-05,RE5085,B9148,Anil Patil,Nashik,Poonam Chandra,Broker Referral,5697000,0,0,5697000,Home Loan,4570568,1126432
TX800469,2024-11-06,RE5065,B9055,Aadhya Verma,Nashik,Sneha Kapoor,Broker Referral,29199000,8,2335900,26863100,Home Loan,22344098,4519002
TX800526,2024-11-06,RE5083,B9167,Prakash Gaikwad,Nashik,Sneha Kapoor,Walk-in,20903000,0,0,20903000,Home Loan,17628901,3274099
TX800889,2024-11-06,RE5067,B9220,Vaishnavi Kumar,Nashik,Poonam Chandra,Broker Referral,6066000,5,303300,5762700,Home Loan,4079587,1683113
TX801186,2024-11-06,RE5103,B9182,Vaishnavi Gaikwad,Bangalore,Poonam Chandra,Property Expo,6658000,8,532600,6125400,Home Loan,5043047,1082353
TX801424,2024-11-06,RE5109,B9067,Aditya More,Mumbai,Manish Tiwari,Broker Referral,13206000,4,528200,12677800,Full Payment,0,12677800
TX800425,2024-11-07,RE5019,B9022,Ganesh Reddy,Nashik,Imran Sheikh,Online Portal,15490000,4,619600,14870400,Full Payment,0,14870400
TX800732,2024-11-07,RE5047,B9004,Nitin Bansal,Delhi NCR,Poonam Chandra,Online Portal,3321000,0,0,3321000,Builder Finance Plan,1523564,1797436
TX800818,2024-11-07,RE5082,B9177,Sneha Deshmukh,Pune,Poonam Chandra,Broker Referral,4953000,8,396200,4556800,Full Payment,0,4556800
TX801555,2024-11-07,RE5076,B9028,Sneha Patil,Ahmedabad,Rohit Ahluwalia,Online Portal,12143000,0,0,12143000,Full Payment,0,12143000
TX801646,2024-11-07,RE5067,B9152,Sanjay Gupta,Pune,Imran Sheikh,Online Portal,6066000,0,0,6066000,Full Payment,0,6066000
TX802213,2024-11-07,RE5138,B9145,Aditya Kulkarni,Nashik,Arvind Rathi,Broker Referral,8071000,0,0,8071000,Full Payment,0,8071000
TX802339,2024-11-07,RE5108,B9126,Aishwarya Shah,Nashik,Sneha Kapoor,Walk-in,11538000,1,115400,11422600,Home Loan,7665269,3757331
TX802493,2024-11-07,RE5080,B9242,Pooja Sharma,Ahmedabad,Arvind Rathi,Online Portal,2660000,2,53200,2606800,Home Loan,1916263,690537
TX802579,2024-11-07,RE5030,B9026,Vivaan Kumar,Pune,Farida Sheikh,Online Portal,5599000,0,0,5599000,Full Payment,0,5599000
TX800193,2024-11-08,RE5114,B9068,Nitin Kale,Nagpur,Manish Tiwari,Walk-in,7105000,3,213200,6891800,Builder Finance Plan,3780853,3110947
TX800897,2024-11-08,RE5129,B9109,Shweta Jadhav,Hyderabad,Farida Sheikh,Property Expo,27963000,3,838900,27124100,Home Loan,19574306,7549794
TX801434,2024-11-08,RE5096,B9022,Ganesh Reddy,Nashik,Poonam Chandra,Broker Referral,8684000,0,0,8684000,Home Loan,6062925,2621075
TX801265,2024-11-09,RE5032,B9231,Ritika Joshi,Delhi NCR,Rohit Ahluwalia,Property Expo,6845000,4,273800,6571200,Builder Finance Plan,3134883,3436317
TX801362,2024-11-09,RE5095,B9133,Aadhya Kulkarni,Mumbai,Sameer Khanna,Online Portal,11454000,0,0,11454000,Full Payment,0,11454000
TX801535,2024-11-09,RE5063,B9239,Anjali Jadhav,Pune,Farida Sheikh,Online Portal,9206000,0,0,9206000,Full Payment,0,9206000
TX802407,2024-11-09,RE5002,B9141,Aishwarya Gupta,Bangalore,Arvind Rathi,Walk-in,4714000,6,282800,4431200,Full Payment,0,4431200
TX802472,2024-11-09,RE5123,B9242,Pooja Sharma,Ahmedabad,Farida Sheikh,Broker Referral,4902000,0,0,4902000,Home Loan,3797536,1104464
TX802498,2024-11-09,RE5123,B9209,Yash Pillai,Pune,Manish Tiwari,Walk-in,4902000,2,98000,4804000,Home Loan,3764319,1039681
TX800092,2024-11-10,RE5032,B9025,Karthik Mehta,Pune,Sameer Khanna,Online Portal,6845000,0,0,6845000,Full Payment,0,6845000
TX800476,2024-11-10,RE5074,B9066,Neha Singh,Ahmedabad,Arvind Rathi,Broker Referral,13595000,0,0,13595000,Builder Finance Plan,7956695,5638305
TX801927,2024-11-10,RE5068,B9051,Shweta Jadhav,Pune,Latika Bose,Online Portal,12581000,8,1006500,11574500,Home Loan,9166689,2407811
TX800287,2024-11-11,RE5108,B9100,Karthik Kale,Nagpur,Latika Bose,Walk-in,11538000,0,0,11538000,Home Loan,8683088,2854912
TX800398,2024-11-11,RE5077,B9123,Ravi Shah,Nashik,Manish Tiwari,Property Expo,49657000,0,0,49657000,Home Loan,35978685,13678315
TX801404,2024-11-11,RE5066,B9096,Vikram Singh,Nashik,Manish Tiwari,Broker Referral,5628000,0,0,5628000,Full Payment,0,5628000
TX802228,2024-11-11,RE5031,B9086,Ishita Pillai,Ahmedabad,Imran Sheikh,Walk-in,5915000,4,236600,5678400,Full Payment,0,5678400
TX802400,2024-11-11,RE5036,B9156,Pallavi Kumar,Nagpur,Latika Bose,Online Portal,4110000,0,0,4110000,Full Payment,0,4110000
TX802433,2024-11-11,RE5020,B9135,Vikram Singh,Delhi NCR,Imran Sheikh,Walk-in,26898000,0,0,26898000,Home Loan,19232636,7665364
TX802576,2024-11-11,RE5100,B9013,Meena Patil,Chennai,Farida Sheikh,Online Portal,2996000,2,59900,2936100,Builder Finance Plan,1521457,1414643
TX800659,2024-11-12,RE5093,B9039,Deepak Rao,Ahmedabad,Latika Bose,Online Portal,5216000,1,52200,5163800,Home Loan,4012402,1151398
TX801177,2024-11-12,RE5140,B9054,Karthik Menon,Mumbai,Sameer Khanna,Broker Referral,8481000,8,678500,7802500,Home Loan,6312385,1490115
TX801270,2024-11-12,RE5083,B9249,Anika Sharma,Nashik,Farida Sheikh,Walk-in,20903000,0,0,20903000,Home Loan,17042144,3860856
TX802395,2024-11-12,RE5090,B9084,Nitin Gaikwad,Bangalore,Farida Sheikh,Online Portal,10862000,0,0,10862000,Home Loan,8544500,2317500
TX800174,2024-11-13,RE5055,B9086,Ishita Pillai,Ahmedabad,Farida Sheikh,Property Expo,4339000,3,130200,4208800,Builder Finance Plan,2110085,2098715
TX801109,2024-11-13,RE5135,B9214,Anil Verma,Nagpur,Rohit Ahluwalia,Property Expo,7660000,4,306400,7353600,Home Loan,5670928,1682672
TX801253,2024-11-13,RE5122,B9175,Vikram Kapoor,Nagpur,Latika Bose,Online Portal,12299000,6,737900,11561100,Home Loan,8655742,2905358
TX801661,2024-11-13,RE5095,B9040,Navya Pawar,Ahmedabad,Imran Sheikh,Property Expo,11454000,0,0,11454000,Home Loan,7739356,3714644
TX802443,2024-11-13,RE5118,B9075,Komal Deshmukh,Pune,Poonam Chandra,Online Portal,45282000,0,0,45282000,Home Loan,36979203,8302797
TX802492,2024-11-13,RE5083,B9194,Manoj Agarwal,Hyderabad,Sameer Khanna,Online Portal,20903000,0,0,20903000,Builder Finance Plan,11216870,9686130
TX800951,2024-11-14,RE5016,B9128,Sneha Mehta,Mumbai,Arvind Rathi,Walk-in,16170000,1,161700,16008300,Home Loan,12721095,3287205
TX801239,2024-11-14,RE5023,B9131,Rahul Kapoor,Ahmedabad,Latika Bose,Walk-in,6237000,0,0,6237000,Full Payment,0,6237000
TX801590,2024-11-14,RE5080,B9040,Navya Pawar,Ahmedabad,Farida Sheikh,Broker Referral,2660000,0,0,2660000,Full Payment,0,2660000
TX801745,2024-11-14,RE5091,B9081,Mahesh Singh,Hyderabad,Devendra Solanki,Walk-in,3687000,6,221200,3465800,Home Loan,2871043,594757
TX801814,2024-11-14,RE5056,B9014,Manoj Iyer,Bangalore,Devendra Solanki,Online Portal,12967000,0,0,12967000,Home Loan,10557407,2409593
TX800032,2024-11-15,RE5123,B9089,Bhavna Verma,Pune,Poonam Chandra,Property Expo,4902000,5,245100,4656900,Home Loan,3852963,803937
TX801986,2024-11-15,RE5060,B9145,Aditya Kulkarni,Nashik,Arvind Rathi,Broker Referral,4058000,3,121700,3936300,Full Payment,0,3936300
TX800106,2024-11-16,RE5109,B9218,Prakash Joshi,Hyderabad,Imran Sheikh,Broker Referral,13206000,5,660300,12545700,Full Payment,0,12545700
TX800690,2024-11-16,RE5105,B9124,Prakash Kulkarni,Chennai,Latika Bose,Broker Referral,15306000,4,612200,14693800,Home Loan,12128310,2565490
TX801104,2024-11-16,RE5030,B9160,Deepak Joshi,Nashik,Manish Tiwari,Walk-in,5599000,2,112000,5487000,Full Payment,0,5487000
TX802078,2024-11-16,RE5055,B9048,Deepak Reddy,Mumbai,Farida Sheikh,Property Expo,4339000,3,130200,4208800,Home Loan,3443434,765366
TX802303,2024-11-16,RE5073,B9012,Ganesh Bhosale,Mumbai,Sameer Khanna,Online Portal,2689000,4,107600,2581400,Home Loan,2016214,565186
TX802342,2024-11-16,RE5116,B9008,Ganesh Bhosale,Ahmedabad,Rohit Ahluwalia,Online Portal,11141000,0,0,11141000,Home Loan,9301616,1839384
TX800407,2024-11-18,RE5116,B9001,Vijay Reddy,Chennai,Arvind Rathi,Walk-in,11141000,0,0,11141000,Home Loan,9241063,1899937
TX801586,2024-11-18,RE5054,B9164,Suresh Verma,Ahmedabad,Poonam Chandra,Walk-in,11868000,6,712100,11155900,Builder Finance Plan,6546651,4609249
TX801684,2024-11-18,RE5100,B9179,Sneha Verma,Bangalore,Arvind Rathi,Broker Referral,2996000,3,89900,2906100,Full Payment,0,2906100
TX800395,2024-11-19,RE5030,B9114,Ishita More,Bangalore,Imran Sheikh,Property Expo,5599000,8,447900,5151100,Home Loan,3810242,1340858
TX800861,2024-11-19,RE5103,B9228,Rohan Sharma,Nagpur,Latika Bose,Online Portal,6658000,1,66600,6591400,Home Loan,4683258,1908142
TX801264,2024-11-19,RE5123,B9118,Suresh Chopra,Mumbai,Sameer Khanna,Broker Referral,4902000,0,0,4902000,Home Loan,3669037,1232963
TX801611,2024-11-19,RE5008,B9130,Komal Nair,Ahmedabad,Latika Bose,Online Portal,4351000,6,261100,4089900,Builder Finance Plan,2433753,1656147
TX801847,2024-11-19,RE5002,B9167,Prakash Gaikwad,Nashik,Sneha Kapoor,Property Expo,4714000,3,141400,4572600,Home Loan,3286055,1286545
TX802352,2024-11-19,RE5022,B9080,Priya Sharma,Chennai,Ritu Saxena,Online Portal,3810000,0,0,3810000,Full Payment,0,3810000
TX800338,2024-11-20,RE5068,B9042,Aishwarya Patil,Delhi NCR,Nandita Rao,Walk-in,12581000,2,251600,12329400,Full Payment,0,12329400
TX800029,2024-11-21,RE5117,B9240,Ishita Pawar,Mumbai,Ritu Saxena,Online Portal,5691000,8,455300,5235700,Home Loan,3553916,1681784
TX800411,2024-11-21,RE5016,B9009,Aishwarya Pillai,Chennai,Farida Sheikh,Walk-in,16170000,0,0,16170000,Home Loan,11214287,4955713
TX800697,2024-11-21,RE5121,B9083,Ritu Verma,Delhi NCR,Rohit Ahluwalia,Online Portal,21312000,5,1065600,20246400,Home Loan,17028340,3218060
TX800719,2024-11-21,RE5116,B9228,Rohan Sharma,Nagpur,Arvind Rathi,Walk-in,11141000,8,891300,10249700,Home Loan,7155767,3093933
TX801065,2024-11-21,RE5132,B9203,Nikhil Nair,Hyderabad,Nandita Rao,Broker Referral,5980000,0,0,5980000,Builder Finance Plan,2497333,3482667
TX801691,2024-11-21,RE5106,B9056,Karthik Jadhav,Bangalore,Manish Tiwari,Online Portal,8581000,5,429000,8152000,Home Loan,5727739,2424261
TX801722,2024-11-21,RE5078,B9003,Nikita Iyer,Bangalore,Poonam Chandra,Broker Referral,14198000,5,709900,13488100,Home Loan,10701391,2786709
TX800138,2024-11-22,RE5037,B9153,Vihaan Verma,Ahmedabad,Devendra Solanki,Broker Referral,5785000,3,173600,5611400,Home Loan,4074130,1537270
TX800347,2024-11-22,RE5031,B9260,Rajesh Shah,Bangalore,Imran Sheikh,Walk-in,5915000,3,177400,5737600,Builder Finance Plan,3433515,2304085
TX800510,2024-11-22,RE5124,B9108,Sanjay Shah,Nagpur,Farida Sheikh,Broker Referral,70065000,0,0,70065000,Home Loan,52362685,17702315
TX801321,2024-11-22,RE5103,B9169,Rahul Jadhav,Pune,Nandita Rao,Broker Referral,6658000,8,532600,6125400,Builder Finance Plan,3668391,2457009
TX801380,2024-11-22,RE5023,B9239,Anjali Jadhav,Pune,Farida Sheikh,Broker Referral,6237000,0,0,6237000,Home Loan,5003983,1233017
TX801591,2024-11-22,RE5088,B9241,Mahesh Kapoor,Nashik,Nandita Rao,Online Portal,16482000,0,0,16482000,Builder Finance Plan,9323709,7158291
TX802262,2024-11-22,RE5126,B9175,Vikram Kapoor,Nagpur,Ritu Saxena,Online Portal,20113000,8,1609000,18504000,Home Loan,13743053,4760947
TX802319,2024-11-22,RE5058,B9219,Shweta Gupta,Mumbai,Latika Bose,Property Expo,13282000,0,0,13282000,Builder Finance Plan,6973314,6308686
TX802347,2024-11-22,RE5112,B9152,Sanjay Gupta,Pune,Latika Bose,Property Expo,11440000,0,0,11440000,Home Loan,7603642,3836358
TX801817,2024-11-23,RE5021,B9034,Meena Jadhav,Hyderabad,Manish Tiwari,Broker Referral,9561000,0,0,9561000,Home Loan,7585012,1975988
TX802135,2024-11-23,RE5011,B9199,Rahul Bansal,Nashik,Latika Bose,Broker Referral,12893000,0,0,12893000,Home Loan,9687128,3205872
TX802172,2024-11-23,RE5076,B9045,Aishwarya Verma,Nagpur,Latika Bose,Online Portal,12143000,1,121400,12021600,Home Loan,8462605,3558995
TX800735,2024-11-24,RE5028,B9128,Sneha Mehta,Mumbai,Farida Sheikh,Online Portal,11529000,2,230600,11298400,Full Payment,0,11298400
TX800737,2024-11-24,RE5122,B9001,Vijay Reddy,Chennai,Devendra Solanki,Walk-in,12299000,1,123000,12176000,Home Loan,8221432,3954568
TX801429,2024-11-24,RE5095,B9188,Nikhil Pillai,Delhi NCR,Devendra Solanki,Online Portal,11454000,0,0,11454000,Builder Finance Plan,6872215,4581785
TX801440,2024-11-24,RE5023,B9167,Prakash Gaikwad,Nashik,Rohit Ahluwalia,Broker Referral,6237000,3,187100,6049900,Full Payment,0,6049900
TX801824,2024-11-24,RE5064,B9044,Siddharth Singh,Mumbai,Nandita Rao,Broker Referral,6493000,0,0,6493000,Full Payment,0,6493000
TX802375,2024-11-24,RE5031,B9074,Vijay Kapoor,Hyderabad,Latika Bose,Broker Referral,5915000,0,0,5915000,Home Loan,3959211,1955789
TX802584,2024-11-24,RE5035,B9015,Priya Kapoor,Ahmedabad,Farida Sheikh,Property Expo,4560000,0,0,4560000,Home Loan,3038935,1521065
TX800874,2024-11-25,RE5037,B9182,Vaishnavi Gaikwad,Bangalore,Sneha Kapoor,Walk-in,5785000,3,173600,5611400,Home Loan,4048975,1562425
TX802063,2024-11-25,RE5074,B9230,Siddharth Pawar,Chennai,Manish Tiwari,Broker Referral,13595000,0,0,13595000,Home Loan,9659648,3935352
TX802164,2024-11-25,RE5139,B9011,Kavita Gupta,Nashik,Nandita Rao,Online Portal,10653000,0,0,10653000,Home Loan,7261376,3391624
TX800037,2024-11-26,RE5079,B9066,Neha Singh,Ahmedabad,Devendra Solanki,Broker Referral,6084000,3,182500,5901500,Home Loan,4688701,1212799
TX800153,2024-11-26,RE5108,B9187,Divya Iyer,Nashik,Manish Tiwari,Online Portal,11538000,5,576900,10961100,Home Loan,8762214,2198886
TX801038,2024-11-26,RE5052,B9158,Anika Rao,Hyderabad,Latika Bose,Online Portal,45599000,0,0,45599000,Home Loan,34126589,11472411
TX801327,2024-11-26,RE5128,B9045,Aishwarya Verma,Nagpur,Imran Sheikh,Broker Referral,6347000,5,317400,6029600,Full Payment,0,6029600
TX801458,2024-11-26,RE5139,B9196,Anjali More,Chennai,Sameer Khanna,Broker Referral,10653000,4,426100,10226900,Home Loan,8600313,1626587
TX801736,2024-11-26,RE5065,B9002,Shweta Patil,Bangalore,Devendra Solanki,Online Portal,29199000,2,584000,28615000,Home Loan,19990967,8624033
TX801965,2024-11-26,RE5111,B9067,Aditya More,Mumbai,Rohit Ahluwalia,Online Portal,58958000,6,3537500,55420500,Home Loan,42731675,12688825
TX802055,2024-11-26,RE5125,B9010,Saanvi Kapoor,Hyderabad,Devendra Solanki,Walk-in,5517000,8,441400,5075600,Full Payment,0,5075600
TX800124,2024-11-27,RE5139,B9023,Vikram Agarwal,Nagpur,Poonam Chandra,Online Portal,10653000,4,426100,10226900,Home Loan,7161860,3065040
TX800702,2024-11-27,RE5103,B9135,Vikram Singh,Delhi NCR,Manish Tiwari,Online Portal,6658000,6,399500,6258500,Full Payment,0,6258500
TX801949,2024-11-27,RE5072,B9060,Vikram Pawar,Bangalore,Rohit Ahluwalia,Walk-in,8658000,4,346300,8311700,Full Payment,0,8311700
TX802595,2024-11-27,RE5029,B9169,Rahul Jadhav,Pune,Devendra Solanki,Online Portal,4467000,0,0,4467000,Home Loan,3105396,1361604
TX801216,2024-11-28,RE5037,B9239,Anjali Jadhav,Pune,Latika Bose,Online Portal,5785000,8,462800,5322200,Full Payment,0,5322200
TX802081,2024-11-28,RE5021,B9239,Anjali Jadhav,Pune,Ritu Saxena,Walk-in,9561000,0,0,9561000,Home Loan,6510578,3050422
TX802309,2024-11-28,RE5056,B9124,Prakash Kulkarni,Chennai,Manish Tiwari,Walk-in,12967000,4,518700,12448300,Builder Finance Plan,7148079,5300221
TX800605,2024-12-01,RE5095,B9045,Aishwarya Verma,Nagpur,Farida Sheikh,Walk-in,11454000,1,114500,11339500,Home Loan,9545017,1794483
TX800624,2024-12-01,RE5028,B9096,Vikram Singh,Nashik,Manish Tiwari,Online Portal,11529000,0,0,11529000,Home Loan,7644218,3884782
TX800770,2024-12-01,RE5139,B9102,Navya Kale,Delhi NCR,Devendra Solanki,Online Portal,10653000,4,426100,10226900,Home Loan,7911248,2315652
TX801014,2024-12-01,RE5097,B9083,Ritu Verma,Delhi NCR,Nandita Rao,Broker Referral,16374000,0,0,16374000,Home Loan,11831681,4542319
TX801387,2024-12-01,RE5125,B9223,Swati Reddy,Hyderabad,Nandita Rao,Property Expo,5517000,1,55200,5461800,Home Loan,4564415,897385
TX802542,2024-12-01,RE5123,B9099,Vikram Pillai,Bangalore,Ritu Saxena,Online Portal,4902000,0,0,4902000,Full Payment,0,4902000
TX801173,2024-12-02,RE5071,B9020,Ananya More,Delhi NCR,Poonam Chandra,Property Expo,3409000,0,0,3409000,Full Payment,0,3409000
TX801379,2024-12-02,RE5076,B9094,Pallavi More,Nashik,Nandita Rao,Broker Referral,12143000,4,485700,11657300,Home Loan,9340178,2317122
TX801615,2024-12-02,RE5008,B9251,Karan Mehta,Mumbai,Devendra Solanki,Online Portal,4351000,0,0,4351000,Home Loan,3687480,663520
TX801622,2024-12-02,RE5080,B9194,Manoj Agarwal,Hyderabad,Nandita Rao,Online Portal,2660000,0,0,2660000,Home Loan,1899178,760822
TX801955,2024-12-02,RE5054,B9068,Nitin Kale,Nagpur,Manish Tiwari,Walk-in,11868000,0,0,11868000,Home Loan,8089638,3778362
TX802363,2024-12-02,RE5119,B9099,Vikram Pillai,Bangalore,Imran Sheikh,Online Portal,33566000,0,0,33566000,Home Loan,22508401,11057599
TX800830,2024-12-03,RE5074,B9166,Anika Kale,Ahmedabad,Ritu Saxena,Broker Referral,13595000,8,1087600,12507400,Full Payment,0,12507400
TX801612,2024-12-03,RE5115,B9083,Ritu Verma,Delhi NCR,Rohit Ahluwalia,Online Portal,9810000,6,588600,9221400,Home Loan,6999220,2222180
TX801795,2024-12-03,RE5029,B9109,Shweta Jadhav,Hyderabad,Imran Sheikh,Online Portal,4467000,5,223400,4243600,Builder Finance Plan,2150045,2093555
TX802217,2024-12-03,RE5116,B9185,Shreya Sharma,Mumbai,Poonam Chandra,Broker Referral,11141000,8,891300,10249700,Home Loan,7172911,3076789
TX801950,2024-12-04,RE5051,B9149,Nitin Singh,Bangalore,Nandita Rao,Broker Referral,18820000,2,376400,18443600,Home Loan,13230236,5213364
TX801985,2024-12-04,RE5058,B9075,Komal Deshmukh,Pune,Rohit Ahluwalia,Online Portal,13282000,4,531300,12750700,Builder Finance Plan,7183050,5567650
TX800759,2024-12-05,RE5062,B9076,Anil Sharma,Pune,Devendra Solanki,Walk-in,4684000,5,234200,4449800,Home Loan,3738870,710930
TX801035,2024-12-05,RE5061,B9031,Karthik Deshmukh,Delhi NCR,Farida Sheikh,Online Portal,16199000,0,0,16199000,Home Loan,13724395,2474605
TX801274,2024-12-05,RE5067,B9147,Anika Shinde,Chennai,Arvind Rathi,Broker Referral,6066000,0,0,6066000,Full Payment,0,6066000
TX801649,2024-12-05,RE5033,B9216,Siddharth More,Bangalore,Manish Tiwari,Online Portal,11449000,6,686900,10762100,Builder Finance Plan,6300577,4461523
TX801806,2024-12-05,RE5103,B9047,Sunita Singh,Pune,Farida Sheikh,Property Expo,6658000,4,266300,6391700,Home Loan,4743617,1648083
TX800137,2024-12-06,RE5024,B9165,Komal Sharma,Pune,Poonam Chandra,Online Portal,9685000,0,0,9685000,Home Loan,6803408,2881592
TX801098,2024-12-06,RE5125,B9051,Shweta Jadhav,Pune,Latika Bose,Online Portal,5517000,2,110300,5406700,Builder Finance Plan,2762839,2643861
TX801199,2024-12-06,RE5035,B9045,Aishwarya Verma,Nagpur,Poonam Chandra,Walk-in,4560000,6,273600,4286400,Home Loan,3533703,752697
TX801377,2024-12-06,RE5128,B9032,Karan Pawar,Delhi NCR,Sameer Khanna,Broker Referral,6347000,4,253900,6093100,Home Loan,4164497,1928603
TX801384,2024-12-06,RE5055,B9023,Vikram Agarwal,Nagpur,Ritu Saxena,Online Portal,4339000,2,86800,4252200,Full Payment,0,4252200
TX800303,2024-12-07,RE5134,B9058,Pallavi Verma,Nagpur,Ritu Saxena,Walk-in,11093000,5,554600,10538400,Full Payment,0,10538400
TX802098,2024-12-07,RE5067,B9130,Komal Nair,Ahmedabad,Sneha Kapoor,Online Portal,6066000,0,0,6066000,Full Payment,0,6066000
TX802514,2024-12-07,RE5090,B9189,Yash Rao,Hyderabad,Imran Sheikh,Walk-in,10862000,2,217200,10644800,Home Loan,8922565,1722235
TX800414,2024-12-08,RE5071,B9094,Pallavi More,Nashik,Arvind Rathi,Walk-in,3409000,8,272700,3136300,Builder Finance Plan,1513931,1622369
TX800418,2024-12-08,RE5095,B9026,Vivaan Kumar,Pune,Devendra Solanki,Walk-in,11454000,0,0,11454000,Home Loan,7716330,3737670
TX800969,2024-12-08,RE5066,B9142,Rahul Kumar,Pune,Ritu Saxena,Broker Referral,5628000,6,337700,5290300,Home Loan,3757454,1532846
TX802537,2024-12-09,RE5015,B9050,Divya Shinde,Nashik,Sneha Kapoor,Walk-in,23075000,1,230800,22844200,Home Loan,17459207,5384993
TX800011,2024-12-10,RE5049,B9252,Prakash Joshi,Pune,Arvind Rathi,Property Expo,27973000,1,279700,27693300,Home Loan,18370620,9322680
TX801017,2024-12-10,RE5022,B9255,Sandeep Nair,Mumbai,Sneha Kapoor,Property Expo,3810000,2,76200,3733800,Home Loan,2900969,832831
TX801431,2024-12-10,RE5058,B9079,Pallavi Patil,Bangalore,Latika Bose,Online Portal,13282000,0,0,13282000,Full Payment,0,13282000
TX801695,2024-12-10,RE5090,B9045,Aishwarya Verma,Nagpur,Arvind Rathi,Walk-in,10862000,2,217200,10644800,Full Payment,0,10644800
TX801787,2024-12-10,RE5121,B9037,Vihaan More,Chennai,Ritu Saxena,Online Portal,21312000,4,852500,20459500,Home Loan,14886622,5572878
TX802243,2024-12-10,RE5062,B9214,Anil Verma,Nagpur,Arvind Rathi,Walk-in,4684000,3,140500,4543500,Full Payment,0,4543500
TX800086,2024-12-11,RE5138,B9073,Meena Patil,Mumbai,Imran Sheikh,Broker Referral,8071000,0,0,8071000,Home Loan,6271505,1799495
TX802111,2024-12-12,RE5030,B9059,Nitin Patil,Pune,Nandita Rao,Walk-in,5599000,1,56000,5543000,Home Loan,4613582,929418
TX802156,2024-12-12,RE5104,B9074,Vijay Kapoor,Hyderabad,Latika Bose,Walk-in,38169000,0,0,38169000,Home Loan,28485241,9683759
TX800442,2024-12-13,RE5065,B9193,Pallavi Deshmukh,Chennai,Rohit Ahluwalia,Broker Referral,29199000,1,292000,28907000,Home Loan,21460613,7446387
TX801063,2024-12-13,RE5064,B9134,Diya Kale,Chennai,Manish Tiwari,Online Portal,6493000,1,64900,6428100,Home Loan,4948548,1479552
TX801357,2024-12-13,RE5023,B9203,Nikhil Nair,Hyderabad,Ritu Saxena,Online Portal,6237000,0,0,6237000,Home Loan,4492215,1744785
TX802299,2024-12-13,RE5045,B9253,Navya Patil,Nashik,Devendra Solanki,Walk-in,94090000,0,0,94090000,Home Loan,70537982,23552018
TX802464,2024-12-13,RE5041,B9197,Amit Kale,Bangalore,Nandita Rao,Online Portal,6416000,2,128300,6287700,Home Loan,5183068,1104632
TX802386,2024-12-14,RE5118,B9238,Nitin Naik,Nagpur,Sneha Kapoor,Walk-in,45282000,3,1358500,43923500,Full Payment,0,43923500
TX800185,2024-12-15,RE5068,B9137,Nikita Deshmukh,Hyderabad,Sneha Kapoor,Walk-in,12581000,4,503200,12077800,Full Payment,0,12077800
TX800429,2024-12-15,RE5030,B9037,Vihaan More,Chennai,Manish Tiwari,Broker Referral,5599000,2,112000,5487000,Home Loan,4624803,862197
TX800598,2024-12-15,RE5072,B9002,Shweta Patil,Bangalore,Imran Sheikh,Broker Referral,8658000,0,0,8658000,Full Payment,0,8658000
TX800982,2024-12-15,RE5031,B9176,Ananya Bansal,Hyderabad,Imran Sheikh,Broker Referral,5915000,5,295800,5619200,Full Payment,0,5619200
TX801859,2024-12-15,RE5021,B9182,Vaishnavi Gaikwad,Bangalore,Ritu Saxena,Broker Referral,9561000,8,764900,8796100,Home Loan,6422739,2373361
TX802201,2024-12-15,RE5047,B9258,Swati Iyer,Hyderabad,Ritu Saxena,Property Expo,3321000,0,0,3321000,Home Loan,2430350,890650
TX802406,2024-12-15,RE5140,B9240,Ishita Pawar,Mumbai,Ritu Saxena,Walk-in,8481000,0,0,8481000,Home Loan,7110614,1370386
TX800246,2024-12-16,RE5095,B9185,Shreya Sharma,Mumbai,Sneha Kapoor,Broker Referral,11454000,5,572700,10881300,Home Loan,8493880,2387420
TX800474,2024-12-16,RE5110,B9081,Mahesh Singh,Hyderabad,Devendra Solanki,Property Expo,11297000,0,0,11297000,Full Payment,0,11297000
TX800531,2024-12-17,RE5008,B9218,Prakash Joshi,Hyderabad,Imran Sheikh,Online Portal,4351000,2,87000,4264000,Home Loan,3003176,1260824
TX801187,2024-12-17,RE5117,B9120,Sneha Shah,Hyderabad,Nandita Rao,Broker Referral,5691000,0,0,5691000,Home Loan,3957285,1733715
TX802585,2024-12-17,RE5080,B9030,Aditya Kulkarni,Nagpur,Devendra Solanki,Online Portal,2660000,0,0,2660000,Home Loan,2135469,524531
TX800140,2024-12-18,RE5023,B9188,Nikhil Pillai,Delhi NCR,Poonam Chandra,Online Portal,6237000,0,0,6237000,Full Payment,0,6237000
TX800463,2024-12-18,RE5051,B9037,Vihaan More,Chennai,Manish Tiwari,Walk-in,18820000,0,0,18820000,Home Loan,12691448,6128552
TX801082,2024-12-18,RE5100,B9025,Karthik Mehta,Pune,Sameer Khanna,Walk-in,2996000,0,0,2996000,Home Loan,2424282,571718
TX801242,2024-12-19,RE5071,B9073,Meena Patil,Mumbai,Sneha Kapoor,Walk-in,3409000,8,272700,3136300,Home Loan,2057791,1078509
TX801320,2024-12-19,RE5041,B9211,Amit Malhotra,Bangalore,Latika Bose,Broker Referral,6416000,0,0,6416000,Home Loan,4619679,1796321
TX801940,2024-12-19,RE5050,B9137,Nikita Deshmukh,Hyderabad,Poonam Chandra,Online Portal,17781000,3,533400,17247600,Home Loan,11875189,5372411
TX801952,2024-12-19,RE5138,B9236,Suresh Naik,Hyderabad,Ritu Saxena,Walk-in,8071000,4,322800,7748200,Home Loan,5373250,2374950
TX801105,2024-12-20,RE5133,B9171,Swati Singh,Nashik,Farida Sheikh,Broker Referral,46392000,0,0,46392000,Full Payment,0,46392000
TX801338,2024-12-20,RE5127,B9078,Nikita Gupta,Hyderabad,Sameer Khanna,Broker Referral,7365000,1,73600,7291400,Home Loan,5694061,1597339
TX801846,2024-12-20,RE5050,B9145,Aditya Kulkarni,Nashik,Imran Sheikh,Broker Referral,17781000,5,889000,16892000,Home Loan,14125318,2766682
TX800181,2024-12-21,RE5080,B9209,Yash Pillai,Pune,Imran Sheikh,Online Portal,2660000,6,159600,2500400,Home Loan,2076754,423646
TX800232,2024-12-21,RE5100,B9108,Sanjay Shah,Nagpur,Imran Sheikh,Online Portal,2996000,0,0,2996000,Home Loan,1988989,1007011
TX800651,2024-12-21,RE5082,B9239,Anjali Jadhav,Pune,Latika Bose,Broker Referral,4953000,3,148600,4804400,Home Loan,3369385,1435015
TX801499,2024-12-21,RE5108,B9109,Shweta Jadhav,Hyderabad,Sameer Khanna,Broker Referral,11538000,0,0,11538000,Home Loan,8869280,2668720
TX802292,2024-12-21,RE5036,B9213,Ishita Joshi,Delhi NCR,Nandita Rao,Broker Referral,4110000,3,123300,3986700,Full Payment,0,3986700
TX800152,2024-12-22,RE5086,B9052,Aishwarya Malhotra,Ahmedabad,Rohit Ahluwalia,Online Portal,7023000,2,140500,6882500,Home Loan,5092531,1789969
TX800392,2024-12-22,RE5009,B9015,Priya Kapoor,Ahmedabad,Sameer Khanna,Online Portal,11535000,1,115400,11419600,Home Loan,8501533,2918067
TX800992,2024-12-22,RE5001,B9076,Anil Sharma,Pune,Sneha Kapoor,Online Portal,5254000,6,315200,4938800,Home Loan,3635974,1302826
TX801237,2024-12-22,RE5086,B9112,Anika Nair,Nagpur,Ritu Saxena,Broker Referral,7023000,3,210700,6812300,Home Loan,4745182,2067118
TX801277,2024-12-22,RE5008,B9039,Deepak Rao,Ahmedabad,Manish Tiwari,Online Portal,4351000,0,0,4351000,Home Loan,3431095,919905
TX801809,2024-12-22,RE5076,B9223,Swati Reddy,Hyderabad,Sneha Kapoor,Broker Referral,12143000,0,0,12143000,Home Loan,9748940,2394060
TX802321,2024-12-22,RE5085,B9158,Anika Rao,Hyderabad,Sneha Kapoor,Online Portal,5697000,0,0,5697000,Full Payment,0,5697000
TX800208,2024-12-23,RE5054,B9129,Myra Shah,Ahmedabad,Imran Sheikh,Walk-in,11868000,8,949400,10918600,Builder Finance Plan,5321174,5597426
TX801053,2024-12-23,RE5054,B9235,Kavita Gupta,Mumbai,Manish Tiwari,Broker Referral,11868000,4,474700,11393300,Home Loan,9223677,2169623
TX801060,2024-12-23,RE5135,B9151,Amit Kulkarni,Bangalore,Farida Sheikh,Broker Referral,7660000,2,153200,7506800,Home Loan,5259963,2246837
TX801418,2024-12-23,RE5032,B9198,Anika Kapoor,Mumbai,Farida Sheikh,Broker Referral,6845000,0,0,6845000,Home Loan,5197582,1647418
TX802237,2024-12-23,RE5048,B9035,Ishita Agarwal,Delhi NCR,Arvind Rathi,Broker Referral,10440000,3,313200,10126800,Home Loan,6798603,3328197
TX801102,2024-12-24,RE5080,B9104,Nidhi Pillai,Delhi NCR,Imran Sheikh,Walk-in,2660000,0,0,2660000,Home Loan,1836055,823945
TX801182,2024-12-24,RE5116,B9138,Aditya Shinde,Nashik,Latika Bose,Online Portal,11141000,0,0,11141000,Full Payment,0,11141000
TX802252,2024-12-24,RE5112,B9043,Saanvi Rao,Chennai,Latika Bose,Broker Referral,11440000,4,457600,10982400,Home Loan,8885011,2097389
TX802480,2024-12-25,RE5028,B9240,Ishita Pawar,Mumbai,Imran Sheikh,Broker Referral,11529000,0,0,11529000,Full Payment,0,11529000
TX800852,2024-12-26,RE5113,B9171,Swati Singh,Nashik,Nandita Rao,Broker Referral,33319000,0,0,33319000,Home Loan,23982373,9336627
TX802560,2024-12-26,RE5051,B9204,Vikram Agarwal,Chennai,Farida Sheikh,Broker Referral,18820000,8,1505600,17314400,Home Loan,13632786,3681614
TX800938,2024-12-27,RE5138,B9226,Kavita Kale,Delhi NCR,Devendra Solanki,Online Portal,8071000,0,0,8071000,Home Loan,6388737,1682263
TX801300,2024-12-27,RE5100,B9055,Aadhya Verma,Nashik,Manish Tiwari,Online Portal,2996000,3,89900,2906100,Full Payment,0,2906100
TX802268,2024-12-27,RE5076,B9037,Vihaan More,Chennai,Farida Sheikh,Broker Referral,12143000,0,0,12143000,Full Payment,0,12143000
TX802374,2024-12-27,RE5079,B9108,Sanjay Shah,Nagpur,Farida Sheikh,Walk-in,6084000,0,0,6084000,Home Loan,5143959,940041
TX800257,2024-12-28,RE5132,B9149,Nitin Singh,Bangalore,Sneha Kapoor,Walk-in,5980000,1,59800,5920200,Home Loan,4853161,1067039
TX800544,2024-12-28,RE5055,B9045,Aishwarya Verma,Nagpur,Devendra Solanki,Broker Referral,4339000,0,0,4339000,Home Loan,3472307,866693
TX800890,2024-12-28,RE5073,B9019,Sunita Kumar,Pune,Nandita Rao,Walk-in,2689000,0,0,2689000,Home Loan,2124398,564602
TX801081,2024-12-28,RE5115,B9239,Anjali Jadhav,Pune,Arvind Rathi,Online Portal,9810000,0,0,9810000,Full Payment,0,9810000
TX801313,2024-12-28,RE5056,B9129,Myra Shah,Ahmedabad,Nandita Rao,Property Expo,12967000,6,778000,12189000,Home Loan,10001251,2187749
TX801628,2024-12-28,RE5002,B9238,Nitin Naik,Nagpur,Imran Sheikh,Online Portal,4714000,0,0,4714000,Full Payment,0,4714000
TX801835,2024-12-28,RE5136,B9032,Karan Pawar,Delhi NCR,Sneha Kapoor,Online Portal,18919000,3,567600,18351400,Full Payment,0,18351400
TX801968,2024-12-28,RE5073,B9206,Karan Shah,Chennai,Imran Sheikh,Broker Referral,2689000,8,215100,2473900,Full Payment,0,2473900
TX802256,2024-12-28,RE5082,B9048,Deepak Reddy,Mumbai,Sneha Kapoor,Broker Referral,4953000,2,99100,4853900,Home Loan,4040611,813289
TX802325,2024-12-28,RE5053,B9099,Vikram Pillai,Bangalore,Nandita Rao,Walk-in,5798000,2,116000,5682000,Builder Finance Plan,2622499,3059501
TX801483,2025-01-01,RE5073,B9088,Ganesh Shinde,Chennai,Devendra Solanki,Property Expo,2689000,0,0,2689000,Home Loan,1978668,710332
TX802131,2025-01-01,RE5094,B9021,Rajiv Naik,Nashik,Manish Tiwari,Broker Referral,8924000,0,0,8924000,Home Loan,6817656,2106344
TX800031,2025-01-02,RE5128,B9203,Nikhil Nair,Hyderabad,Ritu Saxena,Property Expo,6347000,0,0,6347000,Home Loan,4181376,2165624
TX801232,2025-01-02,RE5127,B9026,Vivaan Kumar,Pune,Imran Sheikh,Broker Referral,7365000,0,0,7365000,Full Payment,0,7365000
TX802259,2025-01-02,RE5101,B9119,Sunita Chopra,Nashik,Arvind Rathi,Online Portal,12091000,0,0,12091000,Home Loan,8621086,3469914
TX800675,2025-01-03,RE5110,B9151,Amit Kulkarni,Bangalore,Ritu Saxena,Online Portal,11297000,6,677800,10619200,Home Loan,8537744,2081456
TX801389,2025-01-03,RE5014,B9166,Anika Kale,Ahmedabad,Farida Sheikh,Broker Referral,4926000,0,0,4926000,Full Payment,0,4926000
TX802316,2025-01-03,RE5050,B9147,Anika Shinde,Chennai,Manish Tiwari,Walk-in,17781000,8,1422500,16358500,Full Payment,0,16358500
TX802322,2025-01-04,RE5024,B9118,Suresh Chopra,Mumbai,Imran Sheikh,Broker Referral,9685000,6,581100,9103900,Home Loan,7600153,1503747
TX800376,2025-01-05,RE5055,B9101,Priya Shah,Nashik,Arvind Rathi,Walk-in,4339000,0,0,4339000,Full Payment,0,4339000
TX800673,2025-01-05,RE5056,B9234,Suresh Malhotra,Nashik,Manish Tiwari,Broker Referral,12967000,3,389000,12578000,Builder Finance Plan,6580298,5997702
TX800850,2025-01-05,RE5122,B9165,Komal Sharma,Pune,Nandita Rao,Walk-in,12299000,0,0,12299000,Home Loan,8957919,3341081
TX802596,2025-01-05,RE5028,B9071,Ravi Shah,Bangalore,Nandita Rao,Property Expo,11529000,0,0,11529000,Home Loan,8076265,3452735
TX800175,2025-01-06,RE5029,B9084,Nitin Gaikwad,Bangalore,Sameer Khanna,Online Portal,4467000,2,89300,4377700,Home Loan,3554162,823538
TX801116,2025-01-06,RE5122,B9159,Vijay Gupta,Ahmedabad,Devendra Solanki,Online Portal,12299000,4,492000,11807000,Builder Finance Plan,6723978,5083022
TX801214,2025-01-06,RE5023,B9115,Sneha Bhosale,Bangalore,Sameer Khanna,Broker Referral,6237000,5,311800,5925200,Full Payment,0,5925200
TX802550,2025-01-06,RE5071,B9152,Sanjay Gupta,Pune,Farida Sheikh,Property Expo,3409000,0,0,3409000,Home Loan,2703320,705680
TX801366,2025-01-07,RE5131,B9059,Nitin Patil,Pune,Rohit Ahluwalia,Online Portal,34174000,4,1367000,32807000,Home Loan,27529811,5277189
TX801676,2025-01-07,RE5038,B9066,Neha Singh,Ahmedabad,Ritu Saxena,Walk-in,57033000,0,0,57033000,Home Loan,47573707,9459293
TX800111,2025-01-08,RE5052,B9204,Vikram Agarwal,Chennai,Poonam Chandra,Online Portal,45599000,6,2735900,42863100,Full Payment,0,42863100
TX800141,2025-01-08,RE5012,B9210,Ashok Kale,Ahmedabad,Ritu Saxena,Walk-in,3863000,0,0,3863000,Home Loan,3059925,803075
TX800127,2025-01-09,RE5057,B9130,Komal Nair,Ahmedabad,Rohit Ahluwalia,Property Expo,12463000,2,249300,12213700,Home Loan,9269368,2944332
TX800492,2025-01-09,RE5128,B9112,Anika Nair,Nagpur,Poonam Chandra,Broker Referral,6347000,6,380800,5966200,Full Payment,0,5966200
TX800596,2025-01-09,RE5122,B9011,Kavita Gupta,Nashik,Manish Tiwari,Online Portal,12299000,8,983900,11315100,Home Loan,7360405,3954695
TX801409,2025-01-09,RE5047,B9059,Nitin Patil,Pune,Rohit Ahluwalia,Broker Referral,3321000,0,0,3321000,Home Loan,2174387,1146613
TX800547,2025-01-10,RE5120,B9234,Suresh Malhotra,Nashik,Latika Bose,Online Portal,5862000,5,293100,5568900,Home Loan,3970143,1598757
TX801505,2025-01-10,RE5113,B9062,Prakash Nair,Chennai,Nandita Rao,Online Portal,33319000,5,1666000,31653000,Home Loan,20931896,10721104
TX801552,2025-01-10,RE5047,B9078,Nikita Gupta,Hyderabad,Ritu Saxena,Walk-in,3321000,6,199300,3121700,Home Loan,2649220,472480
TX801890,2025-01-10,RE5126,B9083,Ritu Verma,Delhi NCR,Ritu Saxena,Online Portal,20113000,1,201100,19911900,Home Loan,13229338,6682562
TX800048,2025-01-11,RE5008,B9025,Karthik Mehta,Pune,Farida Sheikh,Online Portal,4351000,3,130500,4220500,Full Payment,0,4220500
TX802018,2025-01-12,RE5061,B9152,Sanjay Gupta,Pune,Ritu Saxena,Online Portal,16199000,5,810000,15389000,Home Loan,10420073,4968927
TX802452,2025-01-12,RE5102,B9104,Nidhi Pillai,Delhi NCR,Sameer Khanna,Broker Referral,7947000,1,79500,7867500,Home Loan,5443643,2423857
TX800059,2025-01-13,RE5036,B9041,Suresh Kulkarni,Nashik,Manish Tiwari,Broker Referral,4110000,0,0,4110000,Home Loan,2824173,1285827
TX800641,2025-01-13,RE5086,B9053,Nidhi Shah,Bangalore,Imran Sheikh,Online Portal,7023000,8,561800,6461200,Home Loan,4389427,2071773
TX801286,2025-01-13,RE5090,B9126,Aishwarya Shah,Nashik,Ritu Saxena,Broker Referral,10862000,8,869000,9993000,Home Loan,7750169,2242831
TX801851,2025-01-13,RE5128,B9121,Aishwarya Jadhav,Hyderabad,Latika Bose,Online Portal,6347000,0,0,6347000,Full Payment,0,6347000
TX802465,2025-01-13,RE5109,B9090,Aarav Verma,Pune,Imran Sheikh,Online Portal,13206000,2,264100,12941900,Home Loan,9532965,3408935
TX801215,2025-01-14,RE5094,B9215,Aadhya Nair,Bangalore,Rohit Ahluwalia,Broker Referral,8924000,4,357000,8567000,Home Loan,6152505,2414495
TX801271,2025-01-14,RE5112,B9027,Ravi Gaikwad,Delhi NCR,Farida Sheikh,Online Portal,11440000,5,572000,10868000,Home Loan,8583712,2284288
TX802393,2025-01-14,RE5071,B9141,Aishwarya Gupta,Bangalore,Arvind Rathi,Walk-in,3409000,1,34100,3374900,Home Loan,2350977,1023923
TX800695,2025-01-15,RE5102,B9078,Nikita Gupta,Hyderabad,Sneha Kapoor,Online Portal,7947000,0,0,7947000,Home Loan,6590133,1356867
TX800931,2025-01-15,RE5042,B9252,Prakash Joshi,Pune,Arvind Rathi,Broker Referral,4080000,0,0,4080000,Full Payment,0,4080000
TX800787,2025-01-16,RE5046,B9198,Anika Kapoor,Mumbai,Poonam Chandra,Broker Referral,41465000,0,0,41465000,Home Loan,33793182,7671818
TX802143,2025-01-16,RE5117,B9056,Karthik Jadhav,Bangalore,Imran Sheikh,Online Portal,5691000,0,0,5691000,Home Loan,3869717,1821283
TX800626,2025-01-17,RE5075,B9182,Vaishnavi Gaikwad,Bangalore,Sneha Kapoor,Broker Referral,13027000,5,651400,12375600,Home Loan,9479347,2896253
TX801154,2025-01-17,RE5030,B9113,Ananya Singh,Pune,Imran Sheikh,Walk-in,5599000,3,168000,5431000,Home Loan,4022736,1408264
TX801709,2025-01-17,RE5030,B9217,Kavita Jadhav,Hyderabad,Arvind Rathi,Walk-in,5599000,8,447900,5151100,Full Payment,0,5151100
TX801873,2025-01-17,RE5070,B9104,Nidhi Pillai,Delhi NCR,Sneha Kapoor,Walk-in,15405000,8,1232400,14172600,Home Loan,11104590,3068010
TX802207,2025-01-17,RE5027,B9093,Mahesh Kumar,Bangalore,Imran Sheikh,Broker Referral,4750000,0,0,4750000,Home Loan,3450302,1299698
TX800227,2025-01-18,RE5091,B9167,Prakash Gaikwad,Nashik,Arvind Rathi,Walk-in,3687000,2,73700,3613300,Home Loan,2606482,1006818
TX800940,2025-01-18,RE5116,B9005,Aishwarya Deshmukh,Hyderabad,Ritu Saxena,Broker Referral,11141000,2,222800,10918200,Home Loan,8448141,2470059
TX801037,2025-01-18,RE5014,B9117,Ravi Jadhav,Nashik,Arvind Rathi,Walk-in,4926000,5,246300,4679700,Builder Finance Plan,2549467,2130233
TX801411,2025-01-18,RE5061,B9260,Rajesh Shah,Bangalore,Farida Sheikh,Online Portal,16199000,0,0,16199000,Full Payment,0,16199000
TX801492,2025-01-18,RE5122,B9224,Aarav Gupta,Ahmedabad,Latika Bose,Property Expo,12299000,6,737900,11561100,Home Loan,7939070,3622030
TX802451,2025-01-18,RE5092,B9012,Ganesh Bhosale,Mumbai,Devendra Solanki,Online Portal,20099000,1,201000,19898000,Home Loan,16651926,3246074
TX800299,2025-01-19,RE5100,B9064,Rahul Sharma,Nagpur,Imran Sheikh,Property Expo,2996000,0,0,2996000,Home Loan,2025889,970111
TX801945,2025-01-19,RE5122,B9248,Vivaan Patil,Hyderabad,Imran Sheikh,Walk-in,12299000,4,492000,11807000,Full Payment,0,11807000
TX802061,2025-01-19,RE5074,B9223,Swati Reddy,Hyderabad,Rohit Ahluwalia,Broker Referral,13595000,5,679800,12915200,Home Loan,10675078,2240122
TX802440,2025-01-19,RE5018,B9113,Ananya Singh,Pune,Arvind Rathi,Property Expo,14837000,3,445100,14391900,Home Loan,9409682,4982218
TX802558,2025-01-19,RE5140,B9041,Suresh Kulkarni,Nashik,Nandita Rao,Broker Referral,8481000,3,254400,8226600,Builder Finance Plan,4155406,4071194
TX800225,2025-01-20,RE5099,B9070,Ashok Gupta,Pune,Sameer Khanna,Online Portal,17476000,0,0,17476000,Home Loan,13828732,3647268
TX802360,2025-01-20,RE5052,B9189,Yash Rao,Hyderabad,Sameer Khanna,Online Portal,45599000,0,0,45599000,Home Loan,37991201,7607799
TX800506,2025-01-21,RE5013,B9211,Amit Malhotra,Bangalore,Sneha Kapoor,Online Portal,14405000,8,1152400,13252600,Home Loan,9330287,3922313
TX800875,2025-01-21,RE5064,B9201,Vihaan Pillai,Hyderabad,Nandita Rao,Walk-in,6493000,6,389600,6103400,Home Loan,4476460,1626940
TX800997,2025-01-21,RE5058,B9134,Diya Kale,Chennai,Farida Sheikh,Property Expo,13282000,1,132800,13149200,Full Payment,0,13149200
TX801412,2025-01-21,RE5032,B9180,Ritu More,Hyderabad,Poonam Chandra,Property Expo,6845000,6,410700,6434300,Home Loan,4749543,1684757
TX802211,2025-01-21,RE5113,B9012,Ganesh Bhosale,Mumbai,Rohit Ahluwalia,Property Expo,33319000,6,1999100,31319900,Full Payment,0,31319900
TX802408,2025-01-21,RE5059,B9222,Aadhya Deshmukh,Hyderabad,Latika Bose,Walk-in,10108000,5,505400,9602600,Home Loan,7256098,2346502
TX802526,2025-01-21,RE5086,B9169,Rahul Jadhav,Pune,Ritu Saxena,Broker Referral,7023000,0,0,7023000,Full Payment,0,7023000
TX801241,2025-01-22,RE5123,B9196,Anjali More,Chennai,Farida Sheikh,Broker Referral,4902000,6,294100,4607900,Full Payment,0,4607900
TX802315,2025-01-22,RE5059,B9120,Sneha Shah,Hyderabad,Latika Bose,Broker Referral,10108000,2,202200,9905800,Builder Finance Plan,5911311,3994489
TX800822,2025-01-23,RE5122,B9155,Neha Pawar,Mumbai,Devendra Solanki,Broker Referral,12299000,0,0,12299000,Home Loan,10400614,1898386
TX801293,2025-01-23,RE5061,B9041,Suresh Kulkarni,Nashik,Sameer Khanna,Broker Referral,16199000,6,971900,15227100,Home Loan,11758532,3468568
TX801818,2025-01-23,RE5062,B9244,Vivaan Iyer,Mumbai,Ritu Saxena,Online Portal,4684000,4,187400,4496600,Home Loan,3082183,1414417
TX800143,2025-01-24,RE5023,B9037,Vihaan More,Chennai,Ritu Saxena,Broker Referral,6237000,0,0,6237000,Full Payment,0,6237000
TX800793,2025-01-24,RE5125,B9035,Ishita Agarwal,Delhi NCR,Nandita Rao,Online Portal,5517000,3,165500,5351500,Home Loan,3791450,1560050
TX800901,2025-01-24,RE5066,B9055,Aadhya Verma,Nashik,Arvind Rathi,Walk-in,5628000,6,337700,5290300,Home Loan,3792027,1498273
TX800289,2025-01-25,RE5009,B9001,Vijay Reddy,Chennai,Farida Sheikh,Online Portal,11535000,1,115400,11419600,Builder Finance Plan,6742177,4677423
TX801238,2025-01-25,RE5035,B9257,Vaishnavi Deshmukh,Ahmedabad,Sameer Khanna,Walk-in,4560000,8,364800,4195200,Home Loan,2732641,1462559
TX801933,2025-01-25,RE5115,B9151,Amit Kulkarni,Bangalore,Manish Tiwari,Online Portal,9810000,2,196200,9613800,Home Loan,6319758,3294042
TX802015,2025-01-25,RE5076,B9044,Siddharth Singh,Mumbai,Latika Bose,Walk-in,12143000,0,0,12143000,Home Loan,7905144,4237856
TX800313,2025-01-26,RE5024,B9239,Anjali Jadhav,Pune,Ritu Saxena,Property Expo,9685000,0,0,9685000,Home Loan,7515469,2169531
TX800080,2025-01-27,RE5024,B9250,Kavita Iyer,Nashik,Devendra Solanki,Broker Referral,9685000,2,193700,9491300,Full Payment,0,9491300
TX800918,2025-01-27,RE5110,B9214,Anil Verma,Nagpur,Sameer Khanna,Broker Referral,11297000,2,225900,11071100,Home Loan,9066060,2005040
TX801165,2025-01-27,RE5030,B9165,Komal Sharma,Pune,Manish Tiwari,Online Portal,5599000,1,56000,5543000,Home Loan,4335154,1207846
TX802038,2025-01-27,RE5105,B9145,Aditya Kulkarni,Nashik,Poonam Chandra,Walk-in,15306000,4,612200,14693800,Home Loan,10431346,4262454
TX800829,2025-01-28,RE5037,B9188,Nikhil Pillai,Delhi NCR,Sneha Kapoor,Online Portal,5785000,2,115700,5669300,Builder Finance Plan,3182631,2486669
TX801982,2025-01-28,RE5047,B9240,Ishita Pawar,Mumbai,Sameer Khanna,Online Portal,3321000,1,33200,3287800,Home Loan,2692690,595110
TX800224,2025-02-01,RE5089,B9108,Sanjay Shah,Nagpur,Nandita Rao,Online Portal,13626000,0,0,13626000,Full Payment,0,13626000
TX801024,2025-02-01,RE5128,B9018,Ritika Kapoor,Bangalore,Nandita Rao,Broker Referral,6347000,5,317400,6029600,Full Payment,0,6029600
TX802032,2025-02-01,RE5105,B9178,Rajiv Naik,Hyderabad,Rohit Ahluwalia,Broker Referral,15306000,0,0,15306000,Full Payment,0,15306000
TX801571,2025-02-02,RE5103,B9072,Priya Jadhav,Nagpur,Ritu Saxena,Property Expo,6658000,0,0,6658000,Home Loan,4353519,2304481
TX801641,2025-02-02,RE5127,B9182,Vaishnavi Gaikwad,Bangalore,Poonam Chandra,Online Portal,7365000,8,589200,6775800,Home Loan,4902865,1872935
TX801131,2025-02-03,RE5031,B9132,Swati Kulkarni,Hyderabad,Latika Bose,Online Portal,5915000,3,177400,5737600,Home Loan,4413882,1323718
TX801347,2025-02-03,RE5071,B9199,Rahul Bansal,Nashik,Latika Bose,Broker Referral,3409000,0,0,3409000,Home Loan,2418989,990011
TX802103,2025-02-03,RE5036,B9010,Saanvi Kapoor,Hyderabad,Devendra Solanki,Broker Referral,4110000,6,246600,3863400,Home Loan,2870551,992849
TX802284,2025-02-03,RE5078,B9251,Karan Mehta,Mumbai,Imran Sheikh,Online Portal,14198000,0,0,14198000,Home Loan,10779887,3418113
TX800206,2025-02-04,RE5062,B9016,Vihaan Kapoor,Nashik,Nandita Rao,Broker Referral,4684000,0,0,4684000,Home Loan,3872977,811023
TX800684,2025-02-04,RE5086,B9123,Ravi Shah,Nashik,Arvind Rathi,Walk-in,7023000,0,0,7023000,Home Loan,5719450,1303550
TX801930,2025-02-04,RE5045,B9078,Nikita Gupta,Hyderabad,Rohit Ahluwalia,Broker Referral,94090000,0,0,94090000,Home Loan,79130298,14959702
TX801964,2025-02-04,RE5086,B9075,Komal Deshmukh,Pune,Manish Tiwari,Property Expo,7023000,2,140500,6882500,Full Payment,0,6882500
TX802365,2025-02-04,RE5126,B9083,Ritu Verma,Delhi NCR,Poonam Chandra,Walk-in,20113000,6,1206800,18906200,Home Loan,12402261,6503939
TX801917,2025-02-05,RE5034,B9026,Vivaan Kumar,Pune,Manish Tiwari,Property Expo,6639000,2,132800,6506200,Home Loan,4492064,2014136
TX802238,2025-02-05,RE5055,B9116,Navya Pawar,Ahmedabad,Manish Tiwari,Walk-in,4339000,0,0,4339000,Home Loan,3292616,1046384
TX801785,2025-02-06,RE5022,B9051,Shweta Jadhav,Pune,Sameer Khanna,Broker Referral,3810000,1,38100,3771900,Home Loan,3137004,634896
TX801263,2025-02-07,RE5094,B9017,Komal Deshmukh,Nashik,Imran Sheikh,Online Portal,8924000,0,0,8924000,Full Payment,0,8924000
TX801530,2025-02-07,RE5085,B9101,Priya Shah,Nashik,Sameer Khanna,Online Portal,5697000,0,0,5697000,Home Loan,4718353,978647
TX801553,2025-02-07,RE5080,B9216,Siddharth More,Bangalore,Imran Sheikh,Online Portal,2660000,0,0,2660000,Builder Finance Plan,1566771,1093229
TX800625,2025-02-08,RE5137,B9083,Ritu Verma,Delhi NCR,Farida Sheikh,Walk-in,8263000,1,82600,8180400,Full Payment,0,8180400
TX800631,2025-02-08,RE5030,B9216,Siddharth More,Bangalore,Devendra Solanki,Online Portal,5599000,1,56000,5543000,Home Loan,3721391,1821609
TX800734,2025-02-08,RE5106,B9075,Komal Deshmukh,Pune,Ritu Saxena,Walk-in,8581000,0,0,8581000,Full Payment,0,8581000
TX801128,2025-02-08,RE5053,B9018,Ritika Kapoor,Bangalore,Devendra Solanki,Broker Referral,5798000,5,289900,5508100,Builder Finance Plan,2833587,2674513
TX801469,2025-02-08,RE5061,B9024,Ravi Gupta,Bangalore,Farida Sheikh,Online Portal,16199000,4,648000,15551000,Home Loan,13086623,2464377
TX801513,2025-02-08,RE5108,B9084,Nitin Gaikwad,Bangalore,Manish Tiwari,Broker Referral,11538000,0,0,11538000,Home Loan,9643756,1894244
TX800718,2025-02-09,RE5055,B9183,Nitin Bansal,Mumbai,Imran Sheikh,Online Portal,4339000,0,0,4339000,Builder Finance Plan,2018640,2320360
TX800949,2025-02-09,RE5055,B9018,Ritika Kapoor,Bangalore,Imran Sheikh,Online Portal,4339000,0,0,4339000,Home Loan,3558148,780852
TX801607,2025-02-09,RE5058,B9258,Swati Iyer,Hyderabad,Imran Sheikh,Online Portal,13282000,3,398500,12883500,Builder Finance Plan,5315493,7568007
TX801751,2025-02-09,RE5012,B9183,Nitin Bansal,Mumbai,Sameer Khanna,Walk-in,3863000,8,309000,3554000,Full Payment,0,3554000
TX802512,2025-02-09,RE5026,B9226,Kavita Kale,Delhi NCR,Sameer Khanna,Walk-in,2963000,0,0,2963000,Home Loan,2312330,650670
TX800999,2025-02-10,RE5086,B9229,Bhavna Jadhav,Nashik,Arvind Rathi,Property Expo,7023000,6,421400,6601600,Home Loan,4420554,2181046
TX801714,2025-02-10,RE5057,B9167,Prakash Gaikwad,Nashik,Rohit Ahluwalia,Broker Referral,12463000,0,0,12463000,Home Loan,9538428,2924572
TX801092,2025-02-11,RE5086,B9194,Manoj Agarwal,Hyderabad,Poonam Chandra,Online Portal,7023000,6,421400,6601600,Home Loan,5448288,1153312
TX801845,2025-02-11,RE5048,B9043,Saanvi Rao,Chennai,Devendra Solanki,Online Portal,10440000,0,0,10440000,Home Loan,7436814,3003186
TX800656,2025-02-12,RE5052,B9142,Rahul Kumar,Pune,Ritu Saxena,Walk-in,45599000,5,2280000,43319000,Home Loan,36448386,6870614
TX802415,2025-02-12,RE5128,B9026,Vivaan Kumar,Pune,Nandita Rao,Broker Referral,6347000,3,190400,6156600,Home Loan,4512184,1644416
TX801799,2025-02-13,RE5055,B9038,Ishita Mehta,Nashik,Latika Bose,Broker Referral,4339000,4,173600,4165400,Full Payment,0,4165400
TX801856,2025-02-13,RE5037,B9013,Meena Patil,Chennai,Latika Bose,Online Portal,5785000,1,57800,5727200,Home Loan,3906515,1820685
TX800054,2025-02-14,RE5023,B9124,Prakash Kulkarni,Chennai,Poonam Chandra,Broker Referral,6237000,0,0,6237000,Home Loan,4885482,1351518
TX800752,2025-02-14,RE5076,B9194,Manoj Agarwal,Hyderabad,Rohit Ahluwalia,Walk-in,12143000,1,121400,12021600,Home Loan,9030500,2991100
TX801365,2025-02-14,RE5036,B9155,Neha Pawar,Mumbai,Manish Tiwari,Walk-in,4110000,0,0,4110000,Full Payment,0,4110000
TX801388,2025-02-14,RE5108,B9043,Saanvi Rao,Chennai,Rohit Ahluwalia,Broker Referral,11538000,4,461500,11076500,Home Loan,7315866,3760634
TX802180,2025-02-14,RE5032,B9170,Saanvi Menon,Chennai,Rohit Ahluwalia,Online Portal,6845000,5,342200,6502800,Home Loan,5284129,1218671
TX802282,2025-02-14,RE5128,B9174,Anika Shah,Mumbai,Sneha Kapoor,Online Portal,6347000,0,0,6347000,Home Loan,5146242,1200758
TX802334,2025-02-14,RE5042,B9085,Mahesh Jadhav,Mumbai,Latika Bose,Online Portal,4080000,3,122400,3957600,Home Loan,2920165,1037435
TX802587,2025-02-14,RE5092,B9034,Meena Jadhav,Hyderabad,Nandita Rao,Online Portal,20099000,0,0,20099000,Home Loan,15936304,4162696
TX800665,2025-02-15,RE5008,B9075,Komal Deshmukh,Pune,Arvind Rathi,Walk-in,4351000,4,174000,4177000,Home Loan,3384642,792358
TX801523,2025-02-15,RE5080,B9079,Pallavi Patil,Bangalore,Nandita Rao,Broker Referral,2660000,0,0,2660000,Builder Finance Plan,1144462,1515538
TX801932,2025-02-15,RE5099,B9222,Aadhya Deshmukh,Hyderabad,Poonam Chandra,Walk-in,17476000,0,0,17476000,Builder Finance Plan,9978285,7497715
TX801942,2025-02-15,RE5014,B9103,Ishita Nair,Pune,Sameer Khanna,Online Portal,4926000,0,0,4926000,Builder Finance Plan,2939761,1986239
TX801991,2025-02-15,RE5095,B9200,Nikhil Deshmukh,Ahmedabad,Poonam Chandra,Broker Referral,11454000,1,114500,11339500,Home Loan,8814644,2524856
TX802535,2025-02-15,RE5052,B9108,Sanjay Shah,Nagpur,Nandita Rao,Property Expo,45599000,1,456000,45143000,Builder Finance Plan,23124332,22018668
TX801724,2025-02-16,RE5140,B9150,Anika More,Pune,Rohit Ahluwalia,Online Portal,8481000,5,424000,8057000,Home Loan,5699558,2357442
TX800705,2025-02-17,RE5080,B9005,Aishwarya Deshmukh,Hyderabad,Nandita Rao,Broker Referral,2660000,0,0,2660000,Home Loan,2134109,525891
TX802361,2025-02-17,RE5138,B9170,Saanvi Menon,Chennai,Arvind Rathi,Online Portal,8071000,3,242100,7828900,Home Loan,6356612,1472288
TX801193,2025-02-18,RE5062,B9128,Sneha Mehta,Mumbai,Rohit Ahluwalia,Online Portal,4684000,5,234200,4449800,Home Loan,3528852,920948
TX801733,2025-02-18,RE5026,B9182,Vaishnavi Gaikwad,Bangalore,Poonam Chandra,Online Portal,2963000,5,148200,2814800,Full Payment,0,2814800
TX800025,2025-02-19,RE5028,B9031,Karthik Deshmukh,Delhi NCR,Imran Sheikh,Online Portal,11529000,0,0,11529000,Full Payment,0,11529000
TX800686,2025-02-19,RE5088,B9050,Divya Shinde,Nashik,Devendra Solanki,Property Expo,16482000,2,329600,16152400,Home Loan,12959971,3192429
TX802257,2025-02-19,RE5115,B9026,Vivaan Kumar,Pune,Imran Sheikh,Broker Referral,9810000,4,392400,9417600,Full Payment,0,9417600
TX802422,2025-02-19,RE5078,B9056,Karthik Jadhav,Bangalore,Arvind Rathi,Online Portal,14198000,1,142000,14056000,Home Loan,11731755,2324245
TX800396,2025-02-20,RE5117,B9031,Karthik Deshmukh,Delhi NCR,Imran Sheikh,Online Portal,5691000,6,341500,5349500,Builder Finance Plan,2918784,2430716
TX800824,2025-02-20,RE5135,B9040,Navya Pawar,Ahmedabad,Devendra Solanki,Broker Referral,7660000,6,459600,7200400,Builder Finance Plan,3962513,3237887
TX802124,2025-02-20,RE5007,B9009,Aishwarya Pillai,Chennai,Ritu Saxena,Walk-in,40078000,0,0,40078000,Home Loan,32444183,7633817
TX800128,2025-02-21,RE5037,B9124,Prakash Kulkarni,Chennai,Arvind Rathi,Walk-in,5785000,1,57800,5727200,Home Loan,4207367,1519833
TX800868,2025-02-21,RE5094,B9239,Anjali Jadhav,Pune,Devendra Solanki,Broker Referral,8924000,0,0,8924000,Home Loan,5926669,2997331
TX800842,2025-02-22,RE5121,B9040,Navya Pawar,Ahmedabad,Latika Bose,Property Expo,21312000,0,0,21312000,Home Loan,14189128,7122872
TX802297,2025-02-22,RE5043,B9079,Pallavi Patil,Bangalore,Nandita Rao,Online Portal,2576000,5,128800,2447200,Full Payment,0,2447200
TX802331,2025-02-22,RE5115,B9229,Bhavna Jadhav,Nashik,Farida Sheikh,Online Portal,9810000,0,0,9810000,Builder Finance Plan,5163988,4646012
TX800165,2025-02-23,RE5030,B9026,Vivaan Kumar,Pune,Poonam Chandra,Broker Referral,5599000,0,0,5599000,Home Loan,4538934,1060066
TX800646,2025-02-23,RE5125,B9194,Manoj Agarwal,Hyderabad,Poonam Chandra,Walk-in,5517000,0,0,5517000,Full Payment,0,5517000
TX800924,2025-02-23,RE5068,B9021,Rajiv Naik,Nashik,Arvind Rathi,Walk-in,12581000,1,125800,12455200,Home Loan,10211195,2244005
TX801162,2025-02-24,RE5076,B9061,Aishwarya Reddy,Ahmedabad,Sneha Kapoor,Broker Referral,12143000,2,242900,11900100,Home Loan,9815920,2084180
TX801721,2025-02-24,RE5088,B9153,Vihaan Verma,Ahmedabad,Nandita Rao,Online Portal,16482000,2,329600,16152400,Full Payment,0,16152400
TX800357,2025-02-25,RE5093,B9041,Suresh Kulkarni,Nashik,Sameer Khanna,Online Portal,5216000,0,0,5216000,Home Loan,3551780,1664220
TX801343,2025-02-25,RE5001,B9188,Nikhil Pillai,Delhi NCR,Ritu Saxena,Property Expo,5254000,2,105100,5148900,Home Loan,3604923,1543977
TX800093,2025-02-26,RE5106,B9030,Aditya Kulkarni,Nagpur,Manish Tiwari,Online Portal,8581000,0,0,8581000,Home Loan,6811622,1769378
TX800365,2025-02-26,RE5103,B9024,Ravi Gupta,Bangalore,Nandita Rao,Online Portal,6658000,1,66600,6591400,Home Loan,5534698,1056702
TX801697,2025-02-27,RE5135,B9057,Karan Menon,Bangalore,Manish Tiwari,Online Portal,7660000,8,612800,7047200,Home Loan,4597579,2449621
TX800507,2025-02-28,RE5117,B9013,Meena Patil,Chennai,Farida Sheikh,Property Expo,5691000,5,284600,5406400,Home Loan,4567645,838755
TX800815,2025-02-28,RE5008,B9218,Prakash Joshi,Hyderabad,Ritu Saxena,Online Portal,4351000,6,261100,4089900,Home Loan,2882712,1207188
TX801542,2025-03-01,RE5047,B9177,Sneha Deshmukh,Pune,Poonam Chandra,Property Expo,3321000,0,0,3321000,Home Loan,2391457,929543
TX801808,2025-03-01,RE5051,B9089,Bhavna Verma,Pune,Poonam Chandra,Walk-in,18820000,2,376400,18443600,Full Payment,0,18443600
TX802223,2025-03-01,RE5041,B9181,Arjun Shinde,Delhi NCR,Devendra Solanki,Walk-in,6416000,0,0,6416000,Home Loan,5179120,1236880
TX800834,2025-03-02,RE5008,B9152,Sanjay Gupta,Pune,Sneha Kapoor,Online Portal,4351000,8,348100,4002900,Full Payment,0,4002900
TX801203,2025-03-02,RE5076,B9036,Anil Nair,Ahmedabad,Nandita Rao,Walk-in,12143000,0,0,12143000,Home Loan,9307738,2835262
TX802247,2025-03-02,RE5115,B9137,Nikita Deshmukh,Hyderabad,Imran Sheikh,Broker Referral,9810000,2,196200,9613800,Home Loan,7532641,2081159
TX802313,2025-03-02,RE5059,B9229,Bhavna Jadhav,Nashik,Poonam Chandra,Online Portal,10108000,4,404300,9703700,Home Loan,7442678,2261022
TX802513,2025-03-02,RE5063,B9219,Shweta Gupta,Mumbai,Devendra Solanki,Online Portal,9206000,5,460300,8745700,Home Loan,6671069,2074631
TX800627,2025-03-04,RE5050,B9048,Deepak Reddy,Mumbai,Poonam Chandra,Property Expo,17781000,2,355600,17425400,Home Loan,13545016,3880384
TX802373,2025-03-04,RE5073,B9046,Mahesh Chopra,Nagpur,Latika Bose,Online Portal,2689000,2,53800,2635200,Builder Finance Plan,1423339,1211861
TX802507,2025-03-04,RE5120,B9053,Nidhi Shah,Bangalore,Arvind Rathi,Property Expo,5862000,0,0,5862000,Home Loan,4976739,885261
TX802516,2025-03-04,RE5108,B9106,Shreya Deshmukh,Chennai,Ritu Saxena,Online Portal,11538000,1,115400,11422600,Home Loan,7920579,3502021
TX801978,2025-03-05,RE5029,B9057,Karan Menon,Bangalore,Sameer Khanna,Online Portal,4467000,6,268000,4199000,Builder Finance Plan,2150955,2048045
TX800864,2025-03-06,RE5063,B9135,Vikram Singh,Delhi NCR,Nandita Rao,Broker Referral,9206000,5,460300,8745700,Home Loan,7169848,1575852
TX801477,2025-03-06,RE5071,B9158,Anika Rao,Hyderabad,Poonam Chandra,Online Portal,3409000,0,0,3409000,Home Loan,2590947,818053
TX801701,2025-03-06,RE5122,B9163,Diya Verma,Chennai,Arvind Rathi,Walk-in,12299000,6,737900,11561100,Home Loan,8570212,2990888
TX801884,2025-03-06,RE5020,B9238,Nitin Naik,Nagpur,Rohit Ahluwalia,Broker Referral,26898000,0,0,26898000,Builder Finance Plan,15061617,11836383
TX802076,2025-03-06,RE5062,B9112,Anika Nair,Nagpur,Rohit Ahluwalia,Online Portal,4684000,2,93700,4590300,Full Payment,0,4590300
TX802381,2025-03-06,RE5111,B9005,Aishwarya Deshmukh,Hyderabad,Imran Sheikh,Property Expo,58958000,6,3537500,55420500,Home Loan,42326388,13094112
TX800088,2025-03-07,RE5128,B9125,Swati Jadhav,Pune,Farida Sheikh,Broker Referral,6347000,8,507800,5839200,Full Payment,0,5839200
TX800304,2025-03-07,RE5102,B9111,Naveen Sharma,Delhi NCR,Devendra Solanki,Online Portal,7947000,6,476800,7470200,Home Loan,4901075,2569125
TX801205,2025-03-07,RE5055,B9074,Vijay Kapoor,Hyderabad,Nandita Rao,Online Portal,4339000,0,0,4339000,Home Loan,3684125,654875
TX801725,2025-03-07,RE5043,B9127,Sunita Gupta,Ahmedabad,Arvind Rathi,Broker Referral,2576000,1,25800,2550200,Home Loan,1674509,875691
TX800550,2025-03-08,RE5028,B9211,Amit Malhotra,Bangalore,Devendra Solanki,Broker Referral,11529000,2,230600,11298400,Builder Finance Plan,5518350,5780050
TX800966,2025-03-08,RE5027,B9226,Kavita Kale,Delhi NCR,Latika Bose,Online Portal,4750000,0,0,4750000,Home Loan,3921493,828507
TX801175,2025-03-08,RE5073,B9104,Nidhi Pillai,Delhi NCR,Nandita Rao,Broker Referral,2689000,4,107600,2581400,Full Payment,0,2581400
TX802158,2025-03-08,RE5079,B9079,Pallavi Patil,Bangalore,Devendra Solanki,Broker Referral,6084000,2,121700,5962300,Full Payment,0,5962300
TX800159,2025-03-09,RE5099,B9118,Suresh Chopra,Mumbai,Sneha Kapoor,Online Portal,17476000,0,0,17476000,Home Loan,13541248,3934752
TX800353,2025-03-10,RE5024,B9057,Karan Menon,Bangalore,Ritu Saxena,Broker Referral,9685000,5,484200,9200800,Home Loan,6894302,2306498
TX800162,2025-03-11,RE5053,B9044,Siddharth Singh,Mumbai,Latika Bose,Online Portal,5798000,0,0,5798000,Home Loan,4240778,1557222
TX800587,2025-03-11,RE5122,B9121,Aishwarya Jadhav,Hyderabad,Sameer Khanna,Broker Referral,12299000,0,0,12299000,Full Payment,0,12299000
TX801681,2025-03-11,RE5083,B9210,Ashok Kale,Ahmedabad,Arvind Rathi,Online Portal,20903000,0,0,20903000,Full Payment,0,20903000
TX802301,2025-03-11,RE5121,B9018,Ritika Kapoor,Bangalore,Manish Tiwari,Online Portal,21312000,2,426200,20885800,Home Loan,16108378,4777422
TX801310,2025-03-12,RE5071,B9052,Aishwarya Malhotra,Ahmedabad,Devendra Solanki,Broker Referral,3409000,6,204500,3204500,Builder Finance Plan,1479540,1724960
TX801759,2025-03-12,RE5139,B9190,Rajesh Verma,Bangalore,Poonam Chandra,Online Portal,10653000,0,0,10653000,Home Loan,8175670,2477330
TX800302,2025-03-13,RE5072,B9257,Vaishnavi Deshmukh,Ahmedabad,Rohit Ahluwalia,Online Portal,8658000,0,0,8658000,Home Loan,7004689,1653311
TX800332,2025-03-13,RE5063,B9003,Nikita Iyer,Bangalore,Sneha Kapoor,Property Expo,9206000,1,92100,9113900,Home Loan,6717613,2396287
TX801449,2025-03-13,RE5100,B9182,Vaishnavi Gaikwad,Bangalore,Manish Tiwari,Property Expo,2996000,4,119800,2876200,Full Payment,0,2876200
TX801916,2025-03-13,RE5085,B9231,Ritika Joshi,Delhi NCR,Arvind Rathi,Broker Referral,5697000,3,170900,5526100,Home Loan,4314338,1211762
TX800431,2025-03-14,RE5103,B9143,Suresh Nair,Ahmedabad,Imran Sheikh,Online Portal,6658000,4,266300,6391700,Home Loan,4536921,1854779
TX800914,2025-03-14,RE5063,B9190,Rajesh Verma,Bangalore,Sameer Khanna,Online Portal,9206000,0,0,9206000,Full Payment,0,9206000
TX801093,2025-03-14,RE5101,B9018,Ritika Kapoor,Bangalore,Nandita Rao,Online Portal,12091000,0,0,12091000,Full Payment,0,12091000
TX801960,2025-03-14,RE5110,B9044,Siddharth Singh,Mumbai,Devendra Solanki,Walk-in,11297000,1,113000,11184000,Builder Finance Plan,6259080,4924920
TX800056,2025-03-15,RE5101,B9159,Vijay Gupta,Ahmedabad,Latika Bose,Online Portal,12091000,3,362700,11728300,Home Loan,8931174,2797126
TX800465,2025-03-15,RE5009,B9133,Aadhya Kulkarni,Mumbai,Sneha Kapoor,Property Expo,11535000,0,0,11535000,Full Payment,0,11535000
TX801778,2025-03-15,RE5060,B9154,Vikram Pawar,Nashik,Ritu Saxena,Online Portal,4058000,3,121700,3936300,Home Loan,3340521,595779
TX802510,2025-03-15,RE5116,B9002,Shweta Patil,Bangalore,Latika Bose,Online Portal,11141000,6,668500,10472500,Builder Finance Plan,6222344,4250156
TX800394,2025-03-16,RE5074,B9161,Nikita Joshi,Delhi NCR,Arvind Rathi,Online Portal,13595000,0,0,13595000,Home Loan,9581023,4013977
TX801228,2025-03-16,RE5125,B9124,Prakash Kulkarni,Chennai,Arvind Rathi,Walk-in,5517000,0,0,5517000,Home Loan,3988331,1528669
TX801682,2025-03-16,RE5012,B9071,Ravi Shah,Bangalore,Rohit Ahluwalia,Broker Referral,3863000,4,154500,3708500,Builder Finance Plan,1607957,2100543
TX800709,2025-03-17,RE5041,B9040,Navya Pawar,Ahmedabad,Devendra Solanki,Broker Referral,6416000,4,256600,6159400,Home Loan,4541783,1617617
TX800742,2025-03-17,RE5032,B9234,Suresh Malhotra,Nashik,Farida Sheikh,Broker Referral,6845000,1,68400,6776600,Full Payment,0,6776600
TX801054,2025-03-17,RE5075,B9089,Bhavna Verma,Pune,Farida Sheikh,Online Portal,13027000,6,781600,12245400,Builder Finance Plan,6809897,5435503
TX801140,2025-03-17,RE5111,B9155,Neha Pawar,Mumbai,Poonam Chandra,Property Expo,58958000,1,589600,58368400,Builder Finance Plan,25815053,32553347
TX801500,2025-03-17,RE5072,B9003,Nikita Iyer,Bangalore,Latika Bose,Online Portal,8658000,0,0,8658000,Full Payment,0,8658000
TX800461,2025-03-18,RE5139,B9178,Rajiv Naik,Hyderabad,Manish Tiwari,Broker Referral,10653000,0,0,10653000,Home Loan,7714241,2938759
TX800948,2025-03-18,RE5004,B9221,Sandeep Nair,Bangalore,Arvind Rathi,Property Expo,4450000,0,0,4450000,Home Loan,3237384,1212616
TX801534,2025-03-18,RE5116,B9156,Pallavi Kumar,Nagpur,Devendra Solanki,Walk-in,11141000,3,334200,10806800,Builder Finance Plan,6030578,4776222
TX801667,2025-03-18,RE5091,B9236,Suresh Naik,Hyderabad,Latika Bose,Online Portal,3687000,6,221200,3465800,Home Loan,2427787,1038013
TX802343,2025-03-18,RE5054,B9094,Pallavi More,Nashik,Arvind Rathi,Online Portal,11868000,0,0,11868000,Full Payment,0,11868000
TX800798,2025-03-19,RE5114,B9174,Anika Shah,Mumbai,Latika Bose,Walk-in,7105000,0,0,7105000,Home Loan,5416890,1688110
TX801208,2025-03-19,RE5024,B9008,Ganesh Bhosale,Ahmedabad,Imran Sheikh,Broker Referral,9685000,3,290600,9394400,Full Payment,0,9394400
TX801987,2025-03-19,RE5102,B9091,Vaishnavi Pillai,Mumbai,Devendra Solanki,Broker Referral,7947000,3,238400,7708600,Home Loan,5761263,1947337
TX800603,2025-03-22,RE5028,B9084,Nitin Gaikwad,Bangalore,Manish Tiwari,Walk-in,11529000,0,0,11529000,Home Loan,9461937,2067063
TX801101,2025-03-22,RE5043,B9182,Vaishnavi Gaikwad,Bangalore,Sneha Kapoor,Walk-in,2576000,6,154600,2421400,Full Payment,0,2421400
TX801307,2025-03-22,RE5094,B9063,Diya Agarwal,Pune,Imran Sheikh,Online Portal,8924000,0,0,8924000,Home Loan,6513933,2410067
TX802096,2025-03-22,RE5092,B9251,Karan Mehta,Mumbai,Rohit Ahluwalia,Online Portal,20099000,8,1607900,18491100,Home Loan,12668887,5822213
TX802212,2025-03-22,RE5122,B9111,Naveen Sharma,Delhi NCR,Sameer Khanna,Walk-in,12299000,6,737900,11561100,Builder Finance Plan,6475681,5085419
TX800621,2025-03-23,RE5074,B9236,Suresh Naik,Hyderabad,Manish Tiwari,Property Expo,13595000,0,0,13595000,Home Loan,9612518,3982482
TX800089,2025-03-24,RE5059,B9155,Neha Pawar,Mumbai,Manish Tiwari,Property Expo,10108000,6,606500,9501500,Home Loan,7428005,2073495
TX800110,2025-03-24,RE5135,B9005,Aishwarya Deshmukh,Hyderabad,Manish Tiwari,Online Portal,7660000,8,612800,7047200,Home Loan,5543002,1504198
TX801602,2025-03-24,RE5115,B9253,Navya Patil,Nashik,Nandita Rao,Broker Referral,9810000,0,0,9810000,Home Loan,6534859,3275141
TX801918,2025-03-24,RE5079,B9252,Prakash Joshi,Pune,Rohit Ahluwalia,Property Expo,6084000,5,304200,5779800,Builder Finance Plan,3401835,2377965
TX801992,2025-03-24,RE5086,B9051,Shweta Jadhav,Pune,Manish Tiwari,Online Portal,7023000,3,210700,6812300,Home Loan,5497521,1314779
TX802336,2025-03-24,RE5131,B9220,Vaishnavi Kumar,Nashik,Arvind Rathi,Broker Referral,34174000,5,1708700,32465300,Home Loan,24767394,7697906
TX800144,2025-03-25,RE5097,B9151,Amit Kulkarni,Bangalore,Farida Sheikh,Online Portal,16374000,0,0,16374000,Home Loan,10973403,5400597
TX801056,2025-03-25,RE5053,B9116,Navya Pawar,Ahmedabad,Imran Sheikh,Broker Referral,5798000,1,58000,5740000,Full Payment,0,5740000
TX801731,2025-03-25,RE5060,B9109,Shweta Jadhav,Hyderabad,Manish Tiwari,Online Portal,4058000,0,0,4058000,Full Payment,0,4058000
TX802047,2025-03-25,RE5088,B9207,Manoj Bhosale,Bangalore,Sneha Kapoor,Walk-in,16482000,3,494500,15987500,Home Loan,11187446,4800054
TX800163,2025-03-26,RE5036,B9076,Anil Sharma,Pune,Nandita Rao,Walk-in,4110000,2,82200,4027800,Home Loan,3363131,664669
TX800780,2025-03-26,RE5079,B9119,Sunita Chopra,Nashik,Imran Sheikh,Online Portal,6084000,0,0,6084000,Home Loan,4955182,1128818
TX802285,2025-03-26,RE5028,B9109,Shweta Jadhav,Hyderabad,Rohit Ahluwalia,Online Portal,11529000,5,576400,10952600,Home Loan,8143586,2809014
TX800462,2025-03-27,RE5115,B9253,Navya Patil,Nashik,Rohit Ahluwalia,Online Portal,9810000,8,784800,9025200,Home Loan,7541443,1483757
TX800584,2025-03-27,RE5101,B9232,Aditya Joshi,Delhi NCR,Manish Tiwari,Online Portal,12091000,0,0,12091000,Full Payment,0,12091000
TX801456,2025-03-27,RE5088,B9063,Diya Agarwal,Pune,Arvind Rathi,Online Portal,16482000,0,0,16482000,Home Loan,11355678,5126322
TX801944,2025-03-28,RE5073,B9232,Aditya Joshi,Delhi NCR,Rohit Ahluwalia,Property Expo,2689000,5,134400,2554600,Home Loan,1706844,847756
TX802591,2025-03-28,RE5072,B9233,Anjali Kumar,Pune,Ritu Saxena,Broker Referral,8658000,0,0,8658000,Home Loan,6214203,2443797
TX801610,2025-04-02,RE5074,B9187,Divya Iyer,Nashik,Imran Sheikh,Walk-in,13595000,0,0,13595000,Full Payment,0,13595000
TX801644,2025-04-02,RE5062,B9162,Ritika Gaikwad,Hyderabad,Sameer Khanna,Broker Referral,4684000,5,234200,4449800,Home Loan,3357168,1092632
TX802232,2025-04-02,RE5137,B9111,Naveen Sharma,Delhi NCR,Latika Bose,Online Portal,8263000,0,0,8263000,Full Payment,0,8263000
TX800617,2025-04-03,RE5021,B9052,Aishwarya Malhotra,Ahmedabad,Poonam Chandra,Online Portal,9561000,0,0,9561000,Home Loan,6707629,2853371
TX801457,2025-04-03,RE5040,B9095,Shweta Verma,Delhi NCR,Latika Bose,Walk-in,7062000,3,211900,6850100,Home Loan,5377267,1472833
TX800363,2025-04-04,RE5016,B9196,Anjali More,Chennai,Devendra Solanki,Online Portal,16170000,0,0,16170000,Home Loan,13126070,3043930
TX801095,2025-04-04,RE5112,B9129,Myra Shah,Ahmedabad,Farida Sheikh,Online Portal,11440000,2,228800,11211200,Builder Finance Plan,5144913,6066287
TX801188,2025-04-05,RE5043,B9251,Karan Mehta,Mumbai,Sameer Khanna,Broker Referral,2576000,0,0,2576000,Home Loan,1685568,890432
TX801315,2025-04-05,RE5012,B9113,Ananya Singh,Pune,Rohit Ahluwalia,Broker Referral,3863000,1,38600,3824400,Full Payment,0,3824400
TX801417,2025-04-05,RE5038,B9176,Ananya Bansal,Hyderabad,Devendra Solanki,Online Portal,57033000,0,0,57033000,Home Loan,38371744,18661256
TX802138,2025-04-05,RE5033,B9063,Diya Agarwal,Pune,Nandita Rao,Property Expo,11449000,4,458000,10991000,Home Loan,7966043,3024957
TX802461,2025-04-05,RE5044,B9040,Navya Pawar,Ahmedabad,Rohit Ahluwalia,Walk-in,12357000,0,0,12357000,Full Payment,0,12357000
TX800539,2025-04-06,RE5029,B9224,Aarav Gupta,Ahmedabad,Poonam Chandra,Online Portal,4467000,0,0,4467000,Builder Finance Plan,2247931,2219069
TX800604,2025-04-06,RE5031,B9253,Navya Patil,Nashik,Devendra Solanki,Online Portal,5915000,1,59200,5855800,Home Loan,4619445,1236355
TX801325,2025-04-06,RE5044,B9198,Anika Kapoor,Mumbai,Farida Sheikh,Property Expo,12357000,0,0,12357000,Home Loan,9194221,3162779
TX802369,2025-04-06,RE5072,B9257,Vaishnavi Deshmukh,Ahmedabad,Poonam Chandra,Walk-in,8658000,6,519500,8138500,Builder Finance Plan,4135033,4003467
TX800309,2025-04-07,RE5079,B9173,Priya Rao,Delhi NCR,Sameer Khanna,Online Portal,6084000,8,486700,5597300,Home Loan,4330306,1266994
TX800329,2025-04-07,RE5137,B9083,Ritu Verma,Delhi NCR,Poonam Chandra,Walk-in,8263000,0,0,8263000,Full Payment,0,8263000
TX800405,2025-04-07,RE5062,B9095,Shweta Verma,Delhi NCR,Latika Bose,Property Expo,4684000,0,0,4684000,Home Loan,3579593,1104407
TX800910,2025-04-07,RE5026,B9257,Vaishnavi Deshmukh,Ahmedabad,Imran Sheikh,Walk-in,2963000,0,0,2963000,Home Loan,2336543,626457
TX801442,2025-04-07,RE5136,B9212,Ashok Sharma,Ahmedabad,Devendra Solanki,Online Portal,18919000,0,0,18919000,Home Loan,14957689,3961311
TX801665,2025-04-07,RE5040,B9219,Shweta Gupta,Mumbai,Nandita Rao,Broker Referral,7062000,6,423700,6638300,Home Loan,5549681,1088619
TX801953,2025-04-07,RE5102,B9045,Aishwarya Verma,Nagpur,Latika Bose,Online Portal,7947000,3,238400,7708600,Home Loan,5576283,2132317
TX800160,2025-04-08,RE5082,B9062,Prakash Nair,Chennai,Sneha Kapoor,Walk-in,4953000,0,0,4953000,Full Payment,0,4953000
TX800500,2025-04-08,RE5127,B9133,Aadhya Kulkarni,Mumbai,Ritu Saxena,Online Portal,7365000,0,0,7365000,Home Loan,5819210,1545790
TX801124,2025-04-08,RE5031,B9239,Anjali Jadhav,Pune,Nandita Rao,Online Portal,5915000,0,0,5915000,Home Loan,4635478,1279522
TX801383,2025-04-08,RE5023,B9006,Komal Shah,Ahmedabad,Sneha Kapoor,Online Portal,6237000,0,0,6237000,Home Loan,4142648,2094352
TX802052,2025-04-08,RE5007,B9236,Suresh Naik,Hyderabad,Arvind Rathi,Broker Referral,40078000,0,0,40078000,Full Payment,0,40078000
TX802182,2025-04-08,RE5080,B9235,Kavita Gupta,Mumbai,Ritu Saxena,Online Portal,2660000,1,26600,2633400,Full Payment,0,2633400
TX802556,2025-04-08,RE5096,B9176,Ananya Bansal,Hyderabad,Sneha Kapoor,Online Portal,8684000,6,521000,8163000,Builder Finance Plan,3565645,4597355
TX802568,2025-04-08,RE5074,B9096,Vikram Singh,Nashik,Latika Bose,Walk-in,13595000,0,0,13595000,Full Payment,0,13595000
TX800105,2025-04-09,RE5135,B9193,Pallavi Deshmukh,Chennai,Imran Sheikh,Online Portal,7660000,6,459600,7200400,Home Loan,5013466,2186934
TX800993,2025-04-09,RE5083,B9208,Vihaan More,Chennai,Rohit Ahluwalia,Walk-in,20903000,3,627100,20275900,Home Loan,16774051,3501849
TX801461,2025-04-09,RE5036,B9214,Anil Verma,Nagpur,Sameer Khanna,Broker Referral,4110000,2,82200,4027800,Home Loan,2863702,1164098
TX802554,2025-04-09,RE5059,B9207,Manoj Bhosale,Bangalore,Farida Sheikh,Online Portal,10108000,3,303200,9804800,Builder Finance Plan,4876103,4928697
TX800647,2025-04-10,RE5105,B9074,Vijay Kapoor,Hyderabad,Latika Bose,Broker Referral,15306000,0,0,15306000,Home Loan,10792459,4513541
TX801221,2025-04-10,RE5071,B9157,Ritu Patil,Mumbai,Nandita Rao,Property Expo,3409000,0,0,3409000,Full Payment,0,3409000
TX801252,2025-04-10,RE5067,B9117,Ravi Jadhav,Nashik,Manish Tiwari,Online Portal,6066000,0,0,6066000,Home Loan,4066960,1999040
TX801508,2025-04-10,RE5057,B9013,Meena Patil,Chennai,Nandita Rao,Online Portal,12463000,5,623200,11839800,Full Payment,0,11839800
TX801158,2025-04-11,RE5083,B9123,Ravi Shah,Nashik,Devendra Solanki,Property Expo,20903000,5,1045200,19857800,Full Payment,0,19857800
TX801339,2025-04-11,RE5042,B9206,Karan Shah,Chennai,Farida Sheikh,Broker Referral,4080000,0,0,4080000,Home Loan,2892803,1187197
TX801781,2025-04-11,RE5060,B9193,Pallavi Deshmukh,Chennai,Devendra Solanki,Online Portal,4058000,0,0,4058000,Home Loan,3016645,1041355
TX801373,2025-04-12,RE5068,B9019,Sunita Kumar,Pune,Nandita Rao,Walk-in,12581000,4,503200,12077800,Home Loan,9048603,3029197
TX802327,2025-04-12,RE5072,B9084,Nitin Gaikwad,Bangalore,Farida Sheikh,Walk-in,8658000,0,0,8658000,Home Loan,6107728,2550272
TX802482,2025-04-12,RE5083,B9189,Yash Rao,Hyderabad,Sameer Khanna,Online Portal,20903000,0,0,20903000,Full Payment,0,20903000
TX800963,2025-04-13,RE5139,B9160,Deepak Joshi,Nashik,Sameer Khanna,Property Expo,10653000,4,426100,10226900,Builder Finance Plan,6124262,4102638
TX801107,2025-04-13,RE5037,B9211,Amit Malhotra,Bangalore,Sameer Khanna,Online Portal,5785000,6,347100,5437900,Home Loan,4281007,1156893
TX801507,2025-04-13,RE5023,B9223,Swati Reddy,Hyderabad,Ritu Saxena,Broker Referral,6237000,0,0,6237000,Home Loan,4718704,1518296
TX801687,2025-04-13,RE5012,B9160,Deepak Joshi,Nashik,Arvind Rathi,Online Portal,3863000,3,115900,3747100,Home Loan,3034338,712762
TX801705,2025-04-13,RE5002,B9211,Amit Malhotra,Bangalore,Imran Sheikh,Online Portal,4714000,0,0,4714000,Home Loan,3307956,1406044
TX802093,2025-04-13,RE5102,B9126,Aishwarya Shah,Nashik,Imran Sheikh,Broker Referral,7947000,0,0,7947000,Home Loan,5615623,2331377
TX802110,2025-04-14,RE5094,B9171,Swati Singh,Nashik,Arvind Rathi,Broker Referral,8924000,8,713900,8210100,Full Payment,0,8210100
TX800296,2025-04-15,RE5090,B9035,Ishita Agarwal,Delhi NCR,Latika Bose,Broker Referral,10862000,0,0,10862000,Home Loan,8095770,2766230
TX800435,2025-04-15,RE5054,B9133,Aadhya Kulkarni,Mumbai,Nandita Rao,Online Portal,11868000,6,712100,11155900,Home Loan,8725388,2430512
TX800652,2025-04-15,RE5012,B9190,Rajesh Verma,Bangalore,Manish Tiwari,Broker Referral,3863000,0,0,3863000,Full Payment,0,3863000
TX801258,2025-04-15,RE5129,B9155,Neha Pawar,Mumbai,Farida Sheikh,Broker Referral,27963000,5,1398200,26564800,Builder Finance Plan,12282122,14282678
TX801863,2025-04-15,RE5082,B9027,Ravi Gaikwad,Delhi NCR,Imran Sheikh,Walk-in,4953000,2,99100,4853900,Builder Finance Plan,2831477,2022423
TX802194,2025-04-15,RE5092,B9078,Nikita Gupta,Hyderabad,Farida Sheikh,Walk-in,20099000,0,0,20099000,Home Loan,14585795,5513205
TX801707,2025-04-16,RE5008,B9208,Vihaan More,Chennai,Rohit Ahluwalia,Online Portal,4351000,0,0,4351000,Home Loan,3507383,843617
TX802222,2025-04-16,RE5034,B9136,Deepak Jadhav,Ahmedabad,Sneha Kapoor,Broker Referral,6639000,6,398300,6240700,Builder Finance Plan,2511199,3729501
TX800049,2025-04-17,RE5100,B9202,Meena Kapoor,Chennai,Nandita Rao,Broker Referral,2996000,4,119800,2876200,Home Loan,2065283,810917
TX800334,2025-04-17,RE5094,B9133,Aadhya Kulkarni,Mumbai,Arvind Rathi,Broker Referral,8924000,0,0,8924000,Builder Finance Plan,4331277,4592723
TX800802,2025-04-18,RE5109,B9230,Siddharth Pawar,Chennai,Sameer Khanna,Online Portal,13206000,0,0,13206000,Full Payment,0,13206000
TX801487,2025-04-18,RE5094,B9181,Arjun Shinde,Delhi NCR,Devendra Solanki,Broker Referral,8924000,0,0,8924000,Home Loan,6370403,2553597
TX800210,2025-04-19,RE5114,B9045,Aishwarya Verma,Nagpur,Latika Bose,Online Portal,7105000,1,71000,7034000,Full Payment,0,7034000
TX800757,2025-04-19,RE5139,B9215,Aadhya Nair,Bangalore,Latika Bose,Broker Referral,10653000,2,213100,10439900,Builder Finance Plan,5173654,5266246
TX801047,2025-04-19,RE5045,B9138,Aditya Shinde,Nashik,Imran Sheikh,Online Portal,94090000,4,3763600,90326400,Home Loan,62691800,27634600
TX801902,2025-04-19,RE5095,B9121,Aishwarya Jadhav,Hyderabad,Ritu Saxena,Online Portal,11454000,3,343600,11110400,Home Loan,8065211,3045189
TX802511,2025-04-19,RE5022,B9242,Pooja Sharma,Ahmedabad,Nandita Rao,Property Expo,3810000,0,0,3810000,Home Loan,2821905,988095
TX802441,2025-04-20,RE5135,B9056,Karthik Jadhav,Bangalore,Arvind Rathi,Property Expo,7660000,0,0,7660000,Home Loan,5176076,2483924
TX800292,2025-04-21,RE5128,B9088,Ganesh Shinde,Chennai,Manish Tiwari,Online Portal,6347000,4,253900,6093100,Full Payment,0,6093100
TX801462,2025-04-21,RE5105,B9194,Manoj Agarwal,Hyderabad,Latika Bose,Broker Referral,15306000,0,0,15306000,Builder Finance Plan,8821459,6484541
TX801484,2025-04-21,RE5112,B9188,Nikhil Pillai,Delhi NCR,Devendra Solanki,Online Portal,11440000,2,228800,11211200,Home Loan,9115343,2095857
TX801816,2025-04-21,RE5090,B9062,Prakash Nair,Chennai,Sneha Kapoor,Walk-in,10862000,6,651700,10210300,Builder Finance Plan,4342689,5867611
TX802531,2025-04-21,RE5044,B9169,Rahul Jadhav,Pune,Poonam Chandra,Online Portal,12357000,4,494300,11862700,Home Loan,8318919,3543781
TX802562,2025-04-21,RE5028,B9080,Priya Sharma,Chennai,Sneha Kapoor,Walk-in,11529000,0,0,11529000,Home Loan,8850778,2678222
TX800980,2025-04-22,RE5103,B9174,Anika Shah,Mumbai,Latika Bose,Property Expo,6658000,4,266300,6391700,Home Loan,4807230,1584470
TX801044,2025-04-22,RE5064,B9227,Amit Reddy,Nashik,Arvind Rathi,Walk-in,6493000,0,0,6493000,Full Payment,0,6493000
TX802101,2025-04-22,RE5121,B9199,Rahul Bansal,Nashik,Sameer Khanna,Online Portal,21312000,5,1065600,20246400,Home Loan,13465012,6781388
TX800042,2025-04-23,RE5082,B9186,Ashok Rao,Delhi NCR,Devendra Solanki,Broker Referral,4953000,2,99100,4853900,Home Loan,3947998,905902
TX800079,2025-04-23,RE5099,B9195,Yash Sharma,Chennai,Manish Tiwari,Online Portal,17476000,0,0,17476000,Home Loan,12911580,4564420
TX801866,2025-04-23,RE5139,B9203,Nikhil Nair,Hyderabad,Imran Sheikh,Online Portal,10653000,6,639200,10013800,Builder Finance Plan,5714319,4299481
TX802417,2025-04-23,RE5007,B9149,Nitin Singh,Bangalore,Nandita Rao,Online Portal,40078000,0,0,40078000,Home Loan,33152174,6925826
TX802478,2025-04-23,RE5032,B9184,Ritu Shinde,Nagpur,Nandita Rao,Broker Referral,6845000,0,0,6845000,Home Loan,4550171,2294829
TX801083,2025-04-24,RE5060,B9141,Aishwarya Gupta,Bangalore,Manish Tiwari,Walk-in,4058000,0,0,4058000,Home Loan,3028890,1029110
TX802049,2025-04-24,RE5066,B9161,Nikita Joshi,Delhi NCR,Imran Sheikh,Property Expo,5628000,0,0,5628000,Home Loan,3710132,1917868
TX802372,2025-04-24,RE5004,B9137,Nikita Deshmukh,Hyderabad,Farida Sheikh,Online Portal,4450000,3,133500,4316500,Home Loan,2841308,1475192
TX802392,2025-04-24,RE5094,B9151,Amit Kulkarni,Bangalore,Farida Sheikh,Broker Referral,8924000,0,0,8924000,Home Loan,6036410,2887590
TX800843,2025-04-25,RE5008,B9060,Vikram Pawar,Bangalore,Nandita Rao,Property Expo,4351000,1,43500,4307500,Home Loan,3582442,725058
TX800794,2025-04-26,RE5101,B9152,Sanjay Gupta,Pune,Poonam Chandra,Property Expo,12091000,0,0,12091000,Home Loan,8393541,3697459
TX801087,2025-04-26,RE5123,B9124,Prakash Kulkarni,Chennai,Sameer Khanna,Online Portal,4902000,5,245100,4656900,Home Loan,3128006,1528894
TX801465,2025-04-26,RE5019,B9173,Priya Rao,Delhi NCR,Devendra Solanki,Online Portal,15490000,8,1239200,14250800,Builder Finance Plan,7376746,6874054
TX801963,2025-04-26,RE5093,B9123,Ravi Shah,Nashik,Manish Tiwari,Walk-in,5216000,1,52200,5163800,Home Loan,4293092,870708
TX802137,2025-04-26,RE5115,B9117,Ravi Jadhav,Nashik,Sneha Kapoor,Walk-in,9810000,0,0,9810000,Builder Finance Plan,4093197,5716803
TX800070,2025-04-27,RE5128,B9104,Nidhi Pillai,Delhi NCR,Devendra Solanki,Walk-in,6347000,1,63500,6283500,Home Loan,4926564,1356936
TX800198,2025-04-27,RE5035,B9112,Anika Nair,Nagpur,Devendra Solanki,Online Portal,4560000,0,0,4560000,Home Loan,3614344,945656
TX800642,2025-04-27,RE5098,B9046,Mahesh Chopra,Nagpur,Devendra Solanki,Broker Referral,7099000,0,0,7099000,Full Payment,0,7099000
TX801652,2025-04-27,RE5103,B9231,Ritika Joshi,Delhi NCR,Latika Bose,Broker Referral,6658000,5,332900,6325100,Home Loan,4796265,1528835
TX801906,2025-04-27,RE5079,B9088,Ganesh Shinde,Chennai,Devendra Solanki,Broker Referral,6084000,0,0,6084000,Home Loan,4131360,1952640
TX802229,2025-04-27,RE5089,B9135,Vikram Singh,Delhi NCR,Sameer Khanna,Broker Referral,13626000,6,817600,12808400,Full Payment,0,12808400
TX800623,2025-04-28,RE5023,B9127,Sunita Gupta,Ahmedabad,Devendra Solanki,Broker Referral,6237000,1,62400,6174600,Home Loan,4413417,1761183
TX800196,2025-05-01,RE5101,B9037,Vihaan More,Chennai,Sneha Kapoor,Online Portal,12091000,8,967300,11123700,Home Loan,7842343,3281357
TX800344,2025-05-01,RE5051,B9198,Anika Kapoor,Mumbai,Ritu Saxena,Broker Referral,18820000,4,752800,18067200,Home Loan,12770746,5296454
TX801234,2025-05-01,RE5065,B9178,Rajiv Naik,Hyderabad,Ritu Saxena,Walk-in,29199000,3,876000,28323000,Home Loan,23044291,5278709
TX801838,2025-05-01,RE5072,B9020,Ananya More,Delhi NCR,Ritu Saxena,Broker Referral,8658000,0,0,8658000,Home Loan,6787659,1870341
TX802000,2025-05-01,RE5090,B9247,Anika Chopra,Pune,Rohit Ahluwalia,Property Expo,10862000,0,0,10862000,Home Loan,7328603,3533397
TX802202,2025-05-01,RE5066,B9054,Karthik Menon,Mumbai,Imran Sheikh,Broker Referral,5628000,0,0,5628000,Builder Finance Plan,3356130,2271870
TX801050,2025-05-02,RE5007,B9092,Sanjay Reddy,Chennai,Farida Sheikh,Walk-in,40078000,5,2003900,38074100,Home Loan,29758315,8315785
TX801225,2025-05-02,RE5029,B9206,Karan Shah,Chennai,Farida Sheikh,Walk-in,4467000,1,44700,4422300,Home Loan,3138956,1283344
TX801292,2025-05-02,RE5063,B9170,Saanvi Menon,Chennai,Sneha Kapoor,Online Portal,9206000,6,552400,8653600,Home Loan,6705867,1947733
TX801543,2025-05-02,RE5032,B9214,Anil Verma,Nagpur,Manish Tiwari,Online Portal,6845000,0,0,6845000,Full Payment,0,6845000
TX802557,2025-05-02,RE5128,B9038,Ishita Mehta,Nashik,Arvind Rathi,Online Portal,6347000,8,507800,5839200,Home Loan,4210281,1628919
TX800579,2025-05-03,RE5030,B9117,Ravi Jadhav,Nashik,Poonam Chandra,Property Expo,5599000,4,224000,5375000,Home Loan,3990721,1384279
TX801422,2025-05-03,RE5040,B9132,Swati Kulkarni,Hyderabad,Poonam Chandra,Broker Referral,7062000,5,353100,6708900,Full Payment,0,6708900
TX800359,2025-05-04,RE5117,B9030,Aditya Kulkarni,Nagpur,Arvind Rathi,Broker Referral,5691000,6,341500,5349500,Full Payment,0,5349500
TX801030,2025-05-04,RE5043,B9093,Mahesh Kumar,Bangalore,Imran Sheikh,Broker Referral,2576000,0,0,2576000,Full Payment,0,2576000
TX800505,2025-05-05,RE5112,B9115,Sneha Bhosale,Bangalore,Ritu Saxena,Broker Referral,11440000,8,915200,10524800,Home Loan,8193165,2331635
TX801349,2025-05-05,RE5122,B9154,Vikram Pawar,Nashik,Nandita Rao,Broker Referral,12299000,3,369000,11930000,Home Loan,9694485,2235515
TX801583,2025-05-05,RE5040,B9039,Deepak Rao,Ahmedabad,Sameer Khanna,Online Portal,7062000,0,0,7062000,Home Loan,5834262,1227738
TX801796,2025-05-05,RE5112,B9024,Ravi Gupta,Bangalore,Manish Tiwari,Walk-in,11440000,2,228800,11211200,Full Payment,0,11211200
TX800872,2025-05-06,RE5040,B9196,Anjali More,Chennai,Nandita Rao,Online Portal,7062000,8,565000,6497000,Full Payment,0,6497000
TX802348,2025-05-07,RE5127,B9154,Vikram Pawar,Nashik,Imran Sheikh,Walk-in,7365000,2,147300,7217700,Home Loan,4734357,2483343
TX802403,2025-05-07,RE5124,B9196,Anjali More,Chennai,Imran Sheikh,Online Portal,70065000,4,2802600,67262400,Home Loan,48856970,18405430
TX802214,2025-05-08,RE5008,B9113,Ananya Singh,Pune,Imran Sheikh,Property Expo,4351000,2,87000,4264000,Home Loan,2794425,1469575
TX800813,2025-05-09,RE5122,B9068,Nitin Kale,Nagpur,Latika Bose,Broker Referral,12299000,8,983900,11315100,Home Loan,7960839,3354261
TX801703,2025-05-09,RE5051,B9154,Vikram Pawar,Nashik,Latika Bose,Online Portal,18820000,0,0,18820000,Home Loan,13533283,5286717
TX802117,2025-05-09,RE5032,B9004,Nitin Bansal,Delhi NCR,Poonam Chandra,Broker Referral,6845000,0,0,6845000,Home Loan,5444456,1400544
TX802176,2025-05-09,RE5073,B9063,Diya Agarwal,Pune,Latika Bose,Walk-in,2689000,0,0,2689000,Home Loan,2088815,600185
TX802553,2025-05-09,RE5009,B9243,Sneha Chopra,Bangalore,Latika Bose,Online Portal,11535000,0,0,11535000,Home Loan,7707124,3827876
TX800125,2025-05-10,RE5054,B9155,Neha Pawar,Mumbai,Latika Bose,Broker Referral,11868000,0,0,11868000,Full Payment,0,11868000
TX800637,2025-05-10,RE5127,B9154,Vikram Pawar,Nashik,Poonam Chandra,Broker Referral,7365000,3,221000,7144000,Home Loan,4771022,2372978
TX800797,2025-05-10,RE5112,B9001,Vijay Reddy,Chennai,Manish Tiwari,Online Portal,11440000,3,343200,11096800,Full Payment,0,11096800
TX801771,2025-05-10,RE5114,B9044,Siddharth Singh,Mumbai,Latika Bose,Online Portal,7105000,4,284200,6820800,Full Payment,0,6820800
TX801897,2025-05-10,RE5042,B9224,Aarav Gupta,Ahmedabad,Sneha Kapoor,Broker Referral,4080000,3,122400,3957600,Home Loan,3178093,779507
TX802026,2025-05-10,RE5139,B9259,Yash Menon,Nashik,Latika Bose,Property Expo,10653000,1,106500,10546500,Home Loan,8035432,2511068
TX800107,2025-05-11,RE5138,B9137,Nikita Deshmukh,Hyderabad,Manish Tiwari,Walk-in,8071000,8,645700,7425300,Builder Finance Plan,3210102,4215198
TX800807,2025-05-11,RE5105,B9126,Aishwarya Shah,Nashik,Poonam Chandra,Online Portal,15306000,2,306100,14999900,Full Payment,0,14999900
TX800361,2025-05-12,RE5030,B9209,Yash Pillai,Pune,Sneha Kapoor,Online Portal,5599000,3,168000,5431000,Full Payment,0,5431000
TX802126,2025-05-12,RE5036,B9202,Meena Kapoor,Chennai,Farida Sheikh,Online Portal,4110000,0,0,4110000,Full Payment,0,4110000
TX802376,2025-05-12,RE5063,B9026,Vivaan Kumar,Pune,Imran Sheikh,Walk-in,9206000,0,0,9206000,Home Loan,6797388,2408612
TX800745,2025-05-13,RE5086,B9131,Rahul Kapoor,Ahmedabad,Latika Bose,Online Portal,7023000,0,0,7023000,Home Loan,5653437,1369563
TX800971,2025-05-13,RE5016,B9046,Mahesh Chopra,Nagpur,Nandita Rao,Broker Referral,16170000,6,970200,15199800,Full Payment,0,15199800
TX801923,2025-05-13,RE5121,B9096,Vikram Singh,Nashik,Rohit Ahluwalia,Walk-in,21312000,2,426200,20885800,Home Loan,16416653,4469147
TX802120,2025-05-13,RE5116,B9014,Manoj Iyer,Bangalore,Sameer Khanna,Broker Referral,11141000,0,0,11141000,Home Loan,7540321,3600679
TX800390,2025-05-14,RE5023,B9169,Rahul Jadhav,Pune,Imran Sheikh,Property Expo,6237000,3,187100,6049900,Home Loan,3936870,2113030
TX800716,2025-05-14,RE5074,B9133,Aadhya Kulkarni,Mumbai,Arvind Rathi,Walk-in,13595000,0,0,13595000,Builder Finance Plan,7860164,5734836
TX801071,2025-05-14,RE5074,B9039,Deepak Rao,Ahmedabad,Latika Bose,Broker Referral,13595000,0,0,13595000,Builder Finance Plan,6177430,7417570
TX801582,2025-05-14,RE5101,B9111,Naveen Sharma,Delhi NCR,Nandita Rao,Walk-in,12091000,0,0,12091000,Full Payment,0,12091000
TX800366,2025-05-15,RE5027,B9188,Nikhil Pillai,Delhi NCR,Sameer Khanna,Broker Referral,4750000,1,47500,4702500,Home Loan,3568161,1134339
TX801200,2025-05-15,RE5016,B9022,Ganesh Reddy,Nashik,Nandita Rao,Online Portal,16170000,0,0,16170000,Home Loan,11539931,4630069
TX802519,2025-05-15,RE5028,B9067,Aditya More,Mumbai,Latika Bose,Walk-in,11529000,4,461200,11067800,Home Loan,7578564,3489236
TX800319,2025-05-16,RE5079,B9007,Ananya Kumar,Mumbai,Arvind Rathi,Online Portal,6084000,6,365000,5719000,Home Loan,3803961,1915039
TX801453,2025-05-16,RE5117,B9179,Sneha Verma,Bangalore,Devendra Solanki,Broker Referral,5691000,4,227600,5463400,Home Loan,4314403,1148997
TX801546,2025-05-16,RE5137,B9166,Anika Kale,Ahmedabad,Rohit Ahluwalia,Broker Referral,8263000,0,0,8263000,Home Loan,6585861,1677139
TX802419,2025-05-16,RE5114,B9216,Siddharth More,Bangalore,Poonam Chandra,Online Portal,7105000,0,0,7105000,Full Payment,0,7105000
TX800517,2025-05-17,RE5018,B9061,Aishwarya Reddy,Ahmedabad,Nandita Rao,Property Expo,14837000,0,0,14837000,Home Loan,11312596,3524404
TX800880,2025-05-17,RE5044,B9223,Swati Reddy,Hyderabad,Farida Sheikh,Walk-in,12357000,0,0,12357000,Full Payment,0,12357000
TX801301,2025-05-17,RE5093,B9182,Vaishnavi Gaikwad,Bangalore,Poonam Chandra,Online Portal,5216000,0,0,5216000,Full Payment,0,5216000
TX801734,2025-05-17,RE5009,B9017,Komal Deshmukh,Nashik,Poonam Chandra,Online Portal,11535000,0,0,11535000,Home Loan,7819926,3715074
TX801837,2025-05-17,RE5004,B9002,Shweta Patil,Bangalore,Sneha Kapoor,Property Expo,4450000,0,0,4450000,Full Payment,0,4450000
TX802001,2025-05-17,RE5042,B9150,Anika More,Pune,Rohit Ahluwalia,Property Expo,4080000,8,326400,3753600,Home Loan,2874819,878781
TX802090,2025-05-17,RE5110,B9172,Sandeep Pillai,Mumbai,Imran Sheikh,Online Portal,11297000,0,0,11297000,Builder Finance Plan,4565247,6731753
TX802570,2025-05-17,RE5138,B9098,Yash Kale,Mumbai,Imran Sheikh,Property Expo,8071000,0,0,8071000,Home Loan,6552155,1518845
TX800634,2025-05-18,RE5103,B9077,Ravi Menon,Mumbai,Rohit Ahluwalia,Broker Referral,6658000,0,0,6658000,Full Payment,0,6658000
TX800943,2025-05-18,RE5112,B9109,Shweta Jadhav,Hyderabad,Ritu Saxena,Broker Referral,11440000,0,0,11440000,Builder Finance Plan,6800745,4639255
TX801222,2025-05-18,RE5121,B9253,Navya Patil,Nashik,Farida Sheikh,Walk-in,21312000,3,639400,20672600,Home Loan,14421323,6251277
TX801280,2025-05-18,RE5063,B9107,Swati Agarwal,Hyderabad,Poonam Chandra,Broker Referral,9206000,0,0,9206000,Home Loan,7527360,1678640
TX801619,2025-05-18,RE5074,B9041,Suresh Kulkarni,Nashik,Sneha Kapoor,Online Portal,13595000,0,0,13595000,Home Loan,10586549,3008451
TX802204,2025-05-19,RE5110,B9128,Sneha Mehta,Mumbai,Latika Bose,Online Portal,11297000,0,0,11297000,Full Payment,0,11297000
TX802276,2025-05-19,RE5095,B9161,Nikita Joshi,Delhi NCR,Poonam Chandra,Online Portal,11454000,6,687200,10766800,Home Loan,8494184,2272616
TX800290,2025-05-20,RE5122,B9163,Diya Verma,Chennai,Arvind Rathi,Online Portal,12299000,4,492000,11807000,Home Loan,9900777,1906223
TX800766,2025-05-20,RE5028,B9071,Ravi Shah,Bangalore,Arvind Rathi,Online Portal,11529000,0,0,11529000,Home Loan,8042478,3486522
TX801601,2025-05-20,RE5135,B9181,Arjun Shinde,Delhi NCR,Arvind Rathi,Broker Referral,7660000,6,459600,7200400,Home Loan,5189184,2011216
TX801802,2025-05-20,RE5116,B9217,Kavita Jadhav,Hyderabad,Rohit Ahluwalia,Online Portal,11141000,5,557000,10584000,Home Loan,7561854,3022146
TX800784,2025-05-21,RE5105,B9078,Nikita Gupta,Hyderabad,Sameer Khanna,Broker Referral,15306000,0,0,15306000,Home Loan,12948963,2357037
TX800955,2025-05-21,RE5117,B9119,Sunita Chopra,Nashik,Devendra Solanki,Walk-in,5691000,4,227600,5463400,Home Loan,3689801,1773599
TX801854,2025-05-21,RE5105,B9015,Priya Kapoor,Ahmedabad,Sneha Kapoor,Walk-in,15306000,3,459200,14846800,Home Loan,10674802,4171998
TX802289,2025-05-21,RE5055,B9211,Amit Malhotra,Bangalore,Sneha Kapoor,Walk-in,4339000,6,260300,4078700,Home Loan,3385742,692958
TX802521,2025-05-21,RE5099,B9085,Mahesh Jadhav,Mumbai,Manish Tiwari,Walk-in,17476000,5,873800,16602200,Builder Finance Plan,9217912,7384288
TX800067,2025-05-22,RE5059,B9042,Aishwarya Patil,Delhi NCR,Rohit Ahluwalia,Walk-in,10108000,5,505400,9602600,Home Loan,6949667,2652933
TX800121,2025-05-22,RE5054,B9033,Amit Kapoor,Ahmedabad,Sameer Khanna,Broker Referral,11868000,0,0,11868000,Home Loan,9206958,2661042
TX800335,2025-05-22,RE5116,B9143,Suresh Nair,Ahmedabad,Latika Bose,Walk-in,11141000,0,0,11141000,Home Loan,7505926,3635074
TX800609,2025-05-22,RE5040,B9155,Neha Pawar,Mumbai,Sameer Khanna,Online Portal,7062000,0,0,7062000,Full Payment,0,7062000
TX801136,2025-05-22,RE5019,B9253,Navya Patil,Nashik,Manish Tiwari,Walk-in,15490000,0,0,15490000,Home Loan,12862815,2627185
TX801160,2025-05-22,RE5035,B9258,Swati Iyer,Hyderabad,Devendra Solanki,Online Portal,4560000,6,273600,4286400,Home Loan,3479620,806780
TX802206,2025-05-22,RE5102,B9177,Sneha Deshmukh,Pune,Farida Sheikh,Broker Referral,7947000,0,0,7947000,Full Payment,0,7947000
TX802241,2025-05-22,RE5038,B9200,Nikhil Deshmukh,Ahmedabad,Nandita Rao,Property Expo,57033000,1,570300,56462700,Home Loan,43849669,12613031
TX800256,2025-05-23,RE5095,B9115,Sneha Bhosale,Bangalore,Manish Tiwari,Property Expo,11454000,1,114500,11339500,Home Loan,9229445,2110055
TX801509,2025-05-23,RE5014,B9255,Sandeep Nair,Mumbai,Manish Tiwari,Online Portal,4926000,0,0,4926000,Full Payment,0,4926000
TX801995,2025-05-23,RE5058,B9151,Amit Kulkarni,Bangalore,Nandita Rao,Online Portal,13282000,0,0,13282000,Home Loan,8843136,4438864
TX802264,2025-05-23,RE5086,B9244,Vivaan Iyer,Mumbai,Poonam Chandra,Broker Referral,7023000,0,0,7023000,Home Loan,4841414,2181586
TX800008,2025-05-24,RE5022,B9151,Amit Kulkarni,Bangalore,Sameer Khanna,Walk-in,3810000,5,190500,3619500,Home Loan,2681427,938073
TX800057,2025-05-24,RE5068,B9249,Anika Sharma,Nashik,Sneha Kapoor,Broker Referral,12581000,0,0,12581000,Home Loan,9407760,3173240
TX800746,2025-05-24,RE5091,B9163,Diya Verma,Chennai,Devendra Solanki,Online Portal,3687000,0,0,3687000,Full Payment,0,3687000
TX800886,2025-05-24,RE5035,B9110,Sneha Bansal,Chennai,Rohit Ahluwalia,Online Portal,4560000,2,91200,4468800,Full Payment,0,4468800
TX801326,2025-05-24,RE5108,B9031,Karthik Deshmukh,Delhi NCR,Rohit Ahluwalia,Walk-in,11538000,2,230800,11307200,Home Loan,7621519,3685681
TX801657,2025-05-24,RE5030,B9110,Sneha Bansal,Chennai,Latika Bose,Online Portal,5599000,6,335900,5263100,Builder Finance Plan,2421228,2841872
TX802437,2025-05-24,RE5037,B9055,Aadhya Verma,Nashik,Sameer Khanna,Property Expo,5785000,1,57800,5727200,Home Loan,4199232,1527968
TX800776,2025-05-25,RE5051,B9236,Suresh Naik,Hyderabad,Sneha Kapoor,Online Portal,18820000,0,0,18820000,Builder Finance Plan,9370858,9449142
TX802418,2025-05-25,RE5117,B9154,Vikram Pawar,Nashik,Rohit Ahluwalia,Walk-in,5691000,0,0,5691000,Home Loan,3988009,1702991
TX801459,2025-05-26,RE5115,B9038,Ishita Mehta,Nashik,Farida Sheikh,Online Portal,9810000,0,0,9810000,Full Payment,0,9810000
TX801842,2025-05-26,RE5029,B9006,Komal Shah,Ahmedabad,Latika Bose,Broker Referral,4467000,3,134000,4333000,Full Payment,0,4333000
TX802398,2025-05-26,RE5032,B9003,Nikita Iyer,Bangalore,Rohit Ahluwalia,Walk-in,6845000,0,0,6845000,Home Loan,5510717,1334283
TX802459,2025-05-26,RE5023,B9065,Anjali Pillai,Pune,Manish Tiwari,Broker Referral,6237000,0,0,6237000,Builder Finance Plan,3219838,3017162
TX800147,2025-05-27,RE5103,B9079,Pallavi Patil,Bangalore,Arvind Rathi,Online Portal,6658000,8,532600,6125400,Full Payment,0,6125400
TX800722,2025-05-27,RE5086,B9253,Navya Patil,Nashik,Farida Sheikh,Online Portal,7023000,4,280900,6742100,Home Loan,5669683,1072417
TX801436,2025-05-27,RE5035,B9001,Vijay Reddy,Chennai,Nandita Rao,Walk-in,4560000,0,0,4560000,Builder Finance Plan,2501749,2058251
TX802053,2025-05-27,RE5082,B9048,Deepak Reddy,Mumbai,Farida Sheikh,Broker Referral,4953000,5,247600,4705400,Home Loan,3307724,1397676
TX802210,2025-05-28,RE5066,B9129,Myra Shah,Ahmedabad,Manish Tiwari,Online Portal,5628000,0,0,5628000,Full Payment,0,5628000
TX800178,2025-06-01,RE5075,B9031,Karthik Deshmukh,Delhi NCR,Imran Sheikh,Broker Referral,13027000,8,1042200,11984800,Builder Finance Plan,5079288,6905512
TX800883,2025-06-01,RE5054,B9152,Sanjay Gupta,Pune,Ritu Saxena,Broker Referral,11868000,1,118700,11749300,Home Loan,8757670,2991630
TX801273,2025-06-01,RE5002,B9058,Pallavi Verma,Nagpur,Sneha Kapoor,Online Portal,4714000,0,0,4714000,Home Loan,3699802,1014198
TX801860,2025-06-01,RE5111,B9002,Shweta Patil,Bangalore,Manish Tiwari,Broker Referral,58958000,0,0,58958000,Home Loan,45779698,13178302
TX800129,2025-06-02,RE5090,B9191,Prakash Bansal,Ahmedabad,Rohit Ahluwalia,Broker Referral,10862000,0,0,10862000,Home Loan,7946474,2915526
TX800501,2025-06-02,RE5078,B9254,Neha Singh,Ahmedabad,Poonam Chandra,Broker Referral,14198000,6,851900,13346100,Home Loan,10056814,3289286
TX800960,2025-06-02,RE5059,B9147,Anika Shinde,Chennai,Sameer Khanna,Online Portal,10108000,0,0,10108000,Home Loan,7103792,3004208
TX801752,2025-06-02,RE5023,B9191,Prakash Bansal,Ahmedabad,Sameer Khanna,Walk-in,6237000,0,0,6237000,Home Loan,4677088,1559912
TX801840,2025-06-02,RE5122,B9116,Navya Pawar,Ahmedabad,Devendra Solanki,Online Portal,12299000,0,0,12299000,Builder Finance Plan,6542251,5756749
TX801901,2025-06-02,RE5093,B9167,Prakash Gaikwad,Nashik,Arvind Rathi,Property Expo,5216000,5,260800,4955200,Home Loan,3803396,1151804
TX802128,2025-06-02,RE5136,B9134,Diya Kale,Chennai,Poonam Chandra,Online Portal,18919000,5,946000,17973000,Home Loan,13519504,4453496
TX800908,2025-06-03,RE5012,B9091,Vaishnavi Pillai,Mumbai,Farida Sheikh,Broker Referral,3863000,0,0,3863000,Full Payment,0,3863000
TX801236,2025-06-03,RE5064,B9047,Sunita Singh,Pune,Devendra Solanki,Online Portal,6493000,0,0,6493000,Full Payment,0,6493000
TX802144,2025-06-03,RE5073,B9256,Nikhil Patil,Nagpur,Manish Tiwari,Property Expo,2689000,5,134400,2554600,Home Loan,1922923,631677
TX802471,2025-06-03,RE5055,B9258,Swati Iyer,Hyderabad,Latika Bose,Walk-in,4339000,0,0,4339000,Home Loan,2852922,1486078
TX801753,2025-06-04,RE5014,B9216,Siddharth More,Bangalore,Manish Tiwari,Broker Referral,4926000,5,246300,4679700,Home Loan,3974224,705476
TX802031,2025-06-04,RE5072,B9209,Yash Pillai,Pune,Imran Sheikh,Broker Referral,8658000,8,692600,7965400,Home Loan,5780478,2184922
TX802530,2025-06-04,RE5058,B9225,Manoj More,Pune,Farida Sheikh,Online Portal,13282000,6,796900,12485100,Full Payment,0,12485100
TX800182,2025-06-05,RE5120,B9254,Neha Singh,Ahmedabad,Rohit Ahluwalia,Walk-in,5862000,8,469000,5393000,Builder Finance Plan,2332094,3060906
TX800262,2025-06-05,RE5063,B9046,Mahesh Chopra,Nagpur,Farida Sheikh,Broker Referral,9206000,0,0,9206000,Home Loan,7337674,1868326
TX800467,2025-06-05,RE5079,B9094,Pallavi More,Nashik,Manish Tiwari,Online Portal,6084000,6,365000,5719000,Home Loan,4716003,1002997
TX800576,2025-06-05,RE5013,B9212,Ashok Sharma,Ahmedabad,Latika Bose,Broker Referral,14405000,0,0,14405000,Home Loan,9899389,4505611
TX800895,2025-06-05,RE5019,B9234,Suresh Malhotra,Nashik,Poonam Chandra,Online Portal,15490000,0,0,15490000,Builder Finance Plan,8420360,7069640
TX800922,2025-06-05,RE5027,B9029,Priya Kapoor,Bangalore,Latika Bose,Walk-in,4750000,6,285000,4465000,Home Loan,2996016,1468984
TX802377,2025-06-05,RE5050,B9034,Meena Jadhav,Hyderabad,Latika Bose,Online Portal,17781000,4,711200,17069800,Home Loan,13730227,3339573
TX802428,2025-06-05,RE5055,B9032,Karan Pawar,Delhi NCR,Rohit Ahluwalia,Broker Referral,4339000,0,0,4339000,Home Loan,3083567,1255433
TX800024,2025-06-06,RE5100,B9176,Ananya Bansal,Hyderabad,Devendra Solanki,Online Portal,2996000,8,239700,2756300,Home Loan,2069919,686381
TX800073,2025-06-06,RE5074,B9053,Nidhi Shah,Bangalore,Latika Bose,Online Portal,13595000,0,0,13595000,Home Loan,10128570,3466430
TX801478,2025-06-06,RE5080,B9115,Sneha Bhosale,Bangalore,Sneha Kapoor,Broker Referral,2660000,0,0,2660000,Home Loan,2251961,408039
TX801488,2025-06-06,RE5026,B9117,Ravi Jadhav,Nashik,Ritu Saxena,Online Portal,2963000,5,148200,2814800,Home Loan,2248303,566497
TX801862,2025-06-06,RE5091,B9147,Anika Shinde,Chennai,Latika Bose,Broker Referral,3687000,0,0,3687000,Full Payment,0,3687000
TX800756,2025-06-07,RE5088,B9215,Aadhya Nair,Bangalore,Manish Tiwari,Property Expo,16482000,8,1318600,15163400,Home Loan,12141290,3022110
TX801034,2025-06-07,RE5108,B9031,Karthik Deshmukh,Delhi NCR,Devendra Solanki,Property Expo,11538000,6,692300,10845700,Home Loan,7450302,3395398
TX801055,2025-06-07,RE5117,B9218,Prakash Joshi,Hyderabad,Ritu Saxena,Walk-in,5691000,1,56900,5634100,Home Loan,3952336,1681764
TX801850,2025-06-07,RE5099,B9176,Ananya Bansal,Hyderabad,Poonam Chandra,Walk-in,17476000,0,0,17476000,Builder Finance Plan,7227612,10248388
TX800188,2025-06-08,RE5076,B9157,Ritu Patil,Mumbai,Poonam Chandra,Broker Referral,12143000,0,0,12143000,Builder Finance Plan,5091327,7051673
TX800300,2025-06-08,RE5028,B9149,Nitin Singh,Bangalore,Devendra Solanki,Broker Referral,11529000,0,0,11529000,Home Loan,7627083,3901917
TX800640,2025-06-08,RE5014,B9010,Saanvi Kapoor,Hyderabad,Devendra Solanki,Walk-in,4926000,0,0,4926000,Home Loan,3232089,1693911
TX802016,2025-06-08,RE5056,B9060,Vikram Pawar,Bangalore,Latika Bose,Broker Referral,12967000,4,518700,12448300,Home Loan,9340527,3107773
TX802112,2025-06-08,RE5088,B9137,Nikita Deshmukh,Hyderabad,Rohit Ahluwalia,Broker Referral,16482000,0,0,16482000,Home Loan,11877526,4604474
TX801455,2025-06-09,RE5072,B9238,Nitin Naik,Nagpur,Ritu Saxena,Walk-in,8658000,4,346300,8311700,Builder Finance Plan,3522840,4788860
TX802266,2025-06-09,RE5051,B9081,Mahesh Singh,Hyderabad,Latika Bose,Walk-in,18820000,0,0,18820000,Home Loan,15308738,3511262
TX800191,2025-06-10,RE5102,B9074,Vijay Kapoor,Hyderabad,Devendra Solanki,Property Expo,7947000,3,238400,7708600,Full Payment,0,7708600
TX802293,2025-06-10,RE5140,B9031,Karthik Deshmukh,Delhi NCR,Poonam Chandra,Property Expo,8481000,0,0,8481000,Full Payment,0,8481000
TX802517,2025-06-10,RE5114,B9182,Vaishnavi Gaikwad,Bangalore,Arvind Rathi,Broker Referral,7105000,0,0,7105000,Home Loan,5833797,1271203
TX800606,2025-06-11,RE5018,B9190,Rajesh Verma,Bangalore,Farida Sheikh,Broker Referral,14837000,6,890200,13946800,Home Loan,10245836,3700964
TX800741,2025-06-11,RE5072,B9017,Komal Deshmukh,Nashik,Farida Sheikh,Walk-in,8658000,0,0,8658000,Home Loan,7113719,1544281
TX801762,2025-06-11,RE5086,B9138,Aditya Shinde,Nashik,Poonam Chandra,Broker Referral,7023000,0,0,7023000,Builder Finance Plan,4069078,2953922
TX802165,2025-06-11,RE5037,B9108,Sanjay Shah,Nagpur,Latika Bose,Online Portal,5785000,3,173600,5611400,Full Payment,0,5611400
TX802209,2025-06-11,RE5106,B9229,Bhavna Jadhav,Nashik,Devendra Solanki,Online Portal,8581000,0,0,8581000,Home Loan,5614827,2966173
TX802586,2025-06-11,RE5094,B9180,Ritu More,Hyderabad,Sameer Khanna,Broker Referral,8924000,5,446200,8477800,Builder Finance Plan,3564967,4912833
TX801004,2025-06-12,RE5040,B9084,Nitin Gaikwad,Bangalore,Ritu Saxena,Online Portal,7062000,6,423700,6638300,Home Loan,5273276,1365024
TX802458,2025-06-12,RE5051,B9115,Sneha Bhosale,Bangalore,Nandita Rao,Broker Referral,18820000,0,0,18820000,Home Loan,14128951,4691049
TX800437,2025-06-13,RE5093,B9147,Anika Shinde,Chennai,Sameer Khanna,Property Expo,5216000,2,104300,5111700,Builder Finance Plan,2839467,2272233
TX801112,2025-06-13,RE5040,B9041,Suresh Kulkarni,Nashik,Rohit Ahluwalia,Walk-in,7062000,0,0,7062000,Full Payment,0,7062000
TX802328,2025-06-13,RE5013,B9047,Sunita Singh,Pune,Imran Sheikh,Broker Referral,14405000,8,1152400,13252600,Home Loan,9876111,3376489
TX802281,2025-06-14,RE5128,B9111,Naveen Sharma,Delhi NCR,Manish Tiwari,Walk-in,6347000,0,0,6347000,Home Loan,5203075,1143925
TX800016,2025-06-15,RE5113,B9144,Shweta Sharma,Mumbai,Ritu Saxena,Broker Referral,33319000,0,0,33319000,Home Loan,24007130,9311870
TX800520,2025-06-15,RE5065,B9009,Aishwarya Pillai,Chennai,Poonam Chandra,Online Portal,29199000,1,292000,28907000,Home Loan,20172357,8734643
TX802359,2025-06-15,RE5041,B9098,Yash Kale,Mumbai,Nandita Rao,Online Portal,6416000,8,513300,5902700,Home Loan,3993238,1909462
TX800355,2025-06-16,RE5112,B9048,Deepak Reddy,Mumbai,Latika Bose,Walk-in,11440000,0,0,11440000,Home Loan,8968974,2471026
TX800696,2025-06-16,RE5076,B9143,Suresh Nair,Ahmedabad,Sneha Kapoor,Online Portal,12143000,6,728600,11414400,Full Payment,0,11414400
TX800808,2025-06-16,RE5013,B9154,Vikram Pawar,Nashik,Manish Tiwari,Online Portal,14405000,0,0,14405000,Full Payment,0,14405000
TX801801,2025-06-16,RE5010,B9251,Karan Mehta,Mumbai,Nandita Rao,Online Portal,6411000,5,320600,6090400,Home Loan,4909094,1181306
TX800069,2025-06-17,RE5024,B9191,Prakash Bansal,Ahmedabad,Devendra Solanki,Online Portal,9685000,4,387400,9297600,Home Loan,6255896,3041704
TX800781,2025-06-17,RE5136,B9213,Ishita Joshi,Delhi NCR,Nandita Rao,Broker Referral,18919000,6,1135100,17783900,Home Loan,13477428,4306472
TX801511,2025-06-17,RE5027,B9170,Saanvi Menon,Chennai,Arvind Rathi,Broker Referral,4750000,3,142500,4607500,Home Loan,3514924,1092576
TX801765,2025-06-17,RE5082,B9056,Karthik Jadhav,Bangalore,Sneha Kapoor,Broker Referral,4953000,8,396200,4556800,Builder Finance Plan,2251772,2305028
TX802102,2025-06-17,RE5037,B9014,Manoj Iyer,Bangalore,Sameer Khanna,Online Portal,5785000,0,0,5785000,Home Loan,4775343,1009657
TX800009,2025-06-18,RE5032,B9198,Anika Kapoor,Mumbai,Farida Sheikh,Online Portal,6845000,4,273800,6571200,Home Loan,4679357,1891843
TX800115,2025-06-18,RE5012,B9023,Vikram Agarwal,Nagpur,Farida Sheikh,Online Portal,3863000,0,0,3863000,Home Loan,2762595,1100405
TX800317,2025-06-18,RE5041,B9187,Divya Iyer,Nashik,Devendra Solanki,Online Portal,6416000,0,0,6416000,Home Loan,5373984,1042016
TX800136,2025-06-19,RE5071,B9029,Priya Kapoor,Bangalore,Devendra Solanki,Property Expo,3409000,4,136400,3272600,Full Payment,0,3272600
TX800509,2025-06-19,RE5117,B9130,Komal Nair,Ahmedabad,Arvind Rathi,Online Portal,5691000,1,56900,5634100,Home Loan,4181974,1452126
TX800765,2025-06-20,RE5072,B9037,Vihaan More,Chennai,Sneha Kapoor,Broker Referral,8658000,1,86600,8571400,Home Loan,6039605,2531795
TX800783,2025-06-20,RE5071,B9196,Anjali More,Chennai,Arvind Rathi,Broker Referral,3409000,0,0,3409000,Home Loan,2882979,526021
TX800804,2025-06-20,RE5134,B9091,Vaishnavi Pillai,Mumbai,Farida Sheikh,Online Portal,11093000,0,0,11093000,Full Payment,0,11093000
TX800169,2025-06-21,RE5137,B9026,Vivaan Kumar,Pune,Sameer Khanna,Broker Referral,8263000,0,0,8263000,Builder Finance Plan,4669866,3593134
TX800495,2025-06-21,RE5015,B9156,Pallavi Kumar,Nagpur,Arvind Rathi,Walk-in,23075000,0,0,23075000,Builder Finance Plan,10537764,12537236
TX801141,2025-06-21,RE5135,B9104,Nidhi Pillai,Delhi NCR,Arvind Rathi,Online Portal,7660000,0,0,7660000,Home Loan,5191039,2468961
TX802250,2025-06-21,RE5084,B9168,Vihaan Patil,Bangalore,Latika Bose,Walk-in,20567000,5,1028400,19538600,Home Loan,14585892,4952708
TX802254,2025-06-21,RE5103,B9183,Nitin Bansal,Mumbai,Poonam Chandra,Online Portal,6658000,0,0,6658000,Full Payment,0,6658000
TX800981,2025-06-22,RE5019,B9089,Bhavna Verma,Pune,Devendra Solanki,Online Portal,15490000,5,774500,14715500,Home Loan,10691162,4024338
TX801094,2025-06-22,RE5129,B9206,Karan Shah,Chennai,Imran Sheikh,Property Expo,27963000,5,1398200,26564800,Full Payment,0,26564800
TX802335,2025-06-22,RE5007,B9094,Pallavi More,Nashik,Rohit Ahluwalia,Broker Referral,40078000,4,1603100,38474900,Full Payment,0,38474900
TX800350,2025-06-23,RE5074,B9166,Anika Kale,Ahmedabad,Imran Sheikh,Property Expo,13595000,5,679800,12915200,Full Payment,0,12915200
TX800835,2025-06-23,RE5048,B9145,Aditya Kulkarni,Nashik,Sneha Kapoor,Online Portal,10440000,4,417600,10022400,Full Payment,0,10022400
TX801467,2025-06-23,RE5116,B9141,Aishwarya Gupta,Bangalore,Farida Sheikh,Broker Referral,11141000,0,0,11141000,Home Loan,7754048,3386952
TX801637,2025-06-23,RE5026,B9036,Anil Nair,Ahmedabad,Imran Sheikh,Online Portal,2963000,4,118500,2844500,Builder Finance Plan,1269309,1575191
TX801708,2025-06-23,RE5102,B9026,Vivaan Kumar,Pune,Arvind Rathi,Walk-in,7947000,0,0,7947000,Home Loan,5744681,2202319
TX801893,2025-06-23,RE5009,B9229,Bhavna Jadhav,Nashik,Imran Sheikh,Walk-in,11535000,0,0,11535000,Builder Finance Plan,6085919,5449081
TX801282,2025-06-24,RE5014,B9026,Vivaan Kumar,Pune,Arvind Rathi,Property Expo,4926000,2,98500,4827500,Full Payment,0,4827500
TX801376,2025-06-24,RE5092,B9221,Sandeep Nair,Bangalore,Nandita Rao,Walk-in,20099000,0,0,20099000,Home Loan,16980596,3118404
TX800811,2025-06-25,RE5085,B9040,Navya Pawar,Ahmedabad,Devendra Solanki,Broker Referral,5697000,4,227900,5469100,Home Loan,4614327,854773
TX801048,2025-06-25,RE5001,B9255,Sandeep Nair,Mumbai,Rohit Ahluwalia,Walk-in,5254000,0,0,5254000,Home Loan,3439818,1814182
TX801848,2025-06-25,RE5024,B9186,Ashok Rao,Delhi NCR,Imran Sheikh,Broker Referral,9685000,4,387400,9297600,Home Loan,7664108,1633492
TX800103,2025-06-26,RE5123,B9256,Nikhil Patil,Nagpur,Farida Sheikh,Online Portal,4902000,2,98000,4804000,Home Loan,3990683,813317
TX800187,2025-06-26,RE5041,B9201,Vihaan Pillai,Hyderabad,Poonam Chandra,Online Portal,6416000,6,385000,6031000,Home Loan,4462526,1568474
TX800750,2025-06-26,RE5008,B9048,Deepak Reddy,Mumbai,Ritu Saxena,Broker Referral,4351000,2,87000,4264000,Home Loan,3274249,989751
TX801262,2025-06-26,RE5109,B9166,Anika Kale,Ahmedabad,Ritu Saxena,Online Portal,13206000,0,0,13206000,Home Loan,8994628,4211372
TX801678,2025-06-26,RE5030,B9140,Vikram Pillai,Nashik,Latika Bose,Broker Referral,5599000,2,112000,5487000,Full Payment,0,5487000
TX801831,2025-06-26,RE5094,B9152,Sanjay Gupta,Pune,Poonam Chandra,Online Portal,8924000,0,0,8924000,Home Loan,7355857,1568143
TX800061,2025-06-27,RE5035,B9189,Yash Rao,Hyderabad,Manish Tiwari,Broker Referral,4560000,1,45600,4514400,Home Loan,3446175,1068225
TX801096,2025-06-27,RE5137,B9091,Vaishnavi Pillai,Mumbai,Sneha Kapoor,Walk-in,8263000,0,0,8263000,Home Loan,5874791,2388209
TX801717,2025-06-27,RE5062,B9081,Mahesh Singh,Hyderabad,Imran Sheikh,Online Portal,4684000,5,234200,4449800,Home Loan,3747411,702389
TX800293,2025-06-28,RE5079,B9173,Priya Rao,Delhi NCR,Imran Sheikh,Property Expo,6084000,3,182500,5901500,Builder Finance Plan,2524765,3376735
TX800490,2025-06-28,RE5070,B9183,Nitin Bansal,Mumbai,Nandita Rao,Broker Referral,15405000,8,1232400,14172600,Home Loan,10757772,3414828
TX800763,2025-06-28,RE5071,B9172,Sandeep Pillai,Mumbai,Farida Sheikh,Broker Referral,3409000,2,68200,3340800,Full Payment,0,3340800
TX800877,2025-06-28,RE5065,B9172,Sandeep Pillai,Mumbai,Manish Tiwari,Walk-in,29199000,0,0,29199000,Full Payment,0,29199000
TX800978,2025-06-28,RE5092,B9242,Pooja Sharma,Ahmedabad,Farida Sheikh,Online Portal,20099000,4,804000,19295000,Home Loan,14334085,4960915
TX801036,2025-06-28,RE5115,B9084,Nitin Gaikwad,Bangalore,Imran Sheikh,Online Portal,9810000,0,0,9810000,Builder Finance Plan,4966009,4843991
TX801145,2025-06-28,RE5020,B9108,Sanjay Shah,Nagpur,Manish Tiwari,Online Portal,26898000,8,2151800,24746200,Home Loan,18691544,6054656
TX802358,2025-06-28,RE5068,B9092,Sanjay Reddy,Chennai,Nandita Rao,Walk-in,12581000,2,251600,12329400,Home Loan,9530043,2799357
TX800403,2025-07-01,RE5140,B9189,Yash Rao,Hyderabad,Latika Bose,Walk-in,8481000,0,0,8481000,Full Payment,0,8481000
TX801954,2025-07-01,RE5132,B9220,Vaishnavi Kumar,Nashik,Poonam Chandra,Broker Referral,5980000,1,59800,5920200,Home Loan,4396066,1524134
TX802399,2025-07-01,RE5127,B9068,Nitin Kale,Nagpur,Farida Sheikh,Walk-in,7365000,0,0,7365000,Full Payment,0,7365000
TX800682,2025-07-02,RE5021,B9208,Vihaan More,Chennai,Sneha Kapoor,Broker Referral,9561000,0,0,9561000,Home Loan,7533758,2027242
TX802007,2025-07-02,RE5095,B9201,Vihaan Pillai,Hyderabad,Arvind Rathi,Walk-in,11454000,0,0,11454000,Full Payment,0,11454000
TX802084,2025-07-02,RE5004,B9144,Shweta Sharma,Mumbai,Rohit Ahluwalia,Online Portal,4450000,4,178000,4272000,Home Loan,3120992,1151008
TX802198,2025-07-02,RE5088,B9076,Anil Sharma,Pune,Devendra Solanki,Online Portal,16482000,1,164800,16317200,Home Loan,11853422,4463778
TX800078,2025-07-03,RE5003,B9226,Kavita Kale,Delhi NCR,Sneha Kapoor,Online Portal,19960000,0,0,19960000,Home Loan,15186550,4773450
TX800699,2025-07-03,RE5066,B9058,Pallavi Verma,Nagpur,Latika Bose,Broker Referral,5628000,1,56300,5571700,Builder Finance Plan,2858263,2713437
TX801495,2025-07-03,RE5032,B9201,Vihaan Pillai,Hyderabad,Manish Tiwari,Online Portal,6845000,5,342200,6502800,Full Payment,0,6502800
TX802192,2025-07-03,RE5054,B9085,Mahesh Jadhav,Mumbai,Arvind Rathi,Broker Referral,11868000,0,0,11868000,Full Payment,0,11868000
TX802274,2025-07-03,RE5090,B9159,Vijay Gupta,Ahmedabad,Manish Tiwari,Online Portal,10862000,2,217200,10644800,Home Loan,8038739,2606061
TX800158,2025-07-04,RE5134,B9123,Ravi Shah,Nashik,Nandita Rao,Broker Referral,11093000,1,110900,10982100,Home Loan,8875840,2106260
TX801189,2025-07-04,RE5125,B9155,Neha Pawar,Mumbai,Imran Sheikh,Online Portal,5517000,0,0,5517000,Home Loan,4055266,1461734
TX802029,2025-07-04,RE5094,B9249,Anika Sharma,Nashik,Sneha Kapoor,Broker Referral,8924000,0,0,8924000,Home Loan,7115608,1808392
TX802332,2025-07-04,RE5125,B9053,Nidhi Shah,Bangalore,Imran Sheikh,Online Portal,5517000,3,165500,5351500,Home Loan,3789333,1562167
TX800362,2025-07-05,RE5007,B9206,Karan Shah,Chennai,Sameer Khanna,Property Expo,40078000,1,400800,39677200,Home Loan,33651084,6026116
TX800778,2025-07-05,RE5100,B9048,Deepak Reddy,Mumbai,Sameer Khanna,Online Portal,2996000,1,30000,2966000,Home Loan,2088681,877319
TX801041,2025-07-05,RE5113,B9082,Ashok Gaikwad,Bangalore,Farida Sheikh,Online Portal,33319000,1,333200,32985800,Home Loan,25575502,7410298
TX801070,2025-07-05,RE5022,B9232,Aditya Joshi,Delhi NCR,Imran Sheikh,Online Portal,3810000,0,0,3810000,Home Loan,2973188,836812
TX800542,2025-07-06,RE5044,B9151,Amit Kulkarni,Bangalore,Nandita Rao,Walk-in,12357000,0,0,12357000,Home Loan,8415839,3941161
TX801156,2025-07-06,RE5033,B9188,Nikhil Pillai,Delhi NCR,Arvind Rathi,Property Expo,11449000,0,0,11449000,Home Loan,7691096,3757904
TX801227,2025-07-06,RE5026,B9117,Ravi Jadhav,Nashik,Sneha Kapoor,Online Portal,2963000,2,59300,2903700,Home Loan,2073962,829738
TX801470,2025-07-06,RE5004,B9152,Sanjay Gupta,Pune,Rohit Ahluwalia,Walk-in,4450000,3,133500,4316500,Full Payment,0,4316500
TX801576,2025-07-06,RE5098,B9044,Siddharth Singh,Mumbai,Imran Sheikh,Online Portal,7099000,0,0,7099000,Full Payment,0,7099000
TX801869,2025-07-06,RE5004,B9213,Ishita Joshi,Delhi NCR,Arvind Rathi,Walk-in,4450000,8,356000,4094000,Builder Finance Plan,2116543,1977457
TX802287,2025-07-06,RE5088,B9098,Yash Kale,Mumbai,Poonam Chandra,Property Expo,16482000,0,0,16482000,Home Loan,12594891,3887109
TX800142,2025-07-07,RE5085,B9233,Anjali Kumar,Pune,Sameer Khanna,Online Portal,5697000,4,227900,5469100,Full Payment,0,5469100
TX800311,2025-07-07,RE5085,B9249,Anika Sharma,Nashik,Latika Bose,Online Portal,5697000,5,284800,5412200,Home Loan,3701068,1711132
TX800708,2025-07-07,RE5027,B9205,Ritika Shinde,Hyderabad,Ritu Saxena,Online Portal,4750000,0,0,4750000,Home Loan,3237857,1512143
TX801163,2025-07-07,RE5092,B9205,Ritika Shinde,Hyderabad,Latika Bose,Walk-in,20099000,0,0,20099000,Home Loan,16544726,3554274
TX801655,2025-07-07,RE5123,B9175,Vikram Kapoor,Nagpur,Latika Bose,Online Portal,4902000,1,49000,4853000,Home Loan,3985422,867578
TX802166,2025-07-07,RE5012,B9120,Sneha Shah,Hyderabad,Sameer Khanna,Broker Referral,3863000,1,38600,3824400,Home Loan,2667184,1157216
TX802462,2025-07-07,RE5128,B9233,Anjali Kumar,Pune,Sameer Khanna,Online Portal,6347000,0,0,6347000,Home Loan,4240175,2106825
TX802563,2025-07-07,RE5043,B9260,Rajesh Shah,Bangalore,Sneha Kapoor,Broker Referral,2576000,8,206100,2369900,Home Loan,1979671,390229
TX800038,2025-07-08,RE5140,B9107,Swati Agarwal,Hyderabad,Arvind Rathi,Property Expo,8481000,0,0,8481000,Full Payment,0,8481000
TX800432,2025-07-08,RE5093,B9044,Siddharth Singh,Mumbai,Sneha Kapoor,Walk-in,5216000,3,156500,5059500,Home Loan,3798552,1260948
TX800693,2025-07-08,RE5027,B9157,Ritu Patil,Mumbai,Farida Sheikh,Online Portal,4750000,0,0,4750000,Home Loan,3715382,1034618
TX801624,2025-07-08,RE5027,B9035,Ishita Agarwal,Delhi NCR,Arvind Rathi,Online Portal,4750000,0,0,4750000,Home Loan,3971369,778631
TX801937,2025-07-08,RE5051,B9241,Mahesh Kapoor,Nashik,Arvind Rathi,Broker Referral,18820000,0,0,18820000,Home Loan,15592006,3227994
TX802062,2025-07-09,RE5055,B9220,Vaishnavi Kumar,Nashik,Farida Sheikh,Broker Referral,4339000,4,173600,4165400,Home Loan,3009747,1155653
TX802163,2025-07-09,RE5059,B9015,Priya Kapoor,Ahmedabad,Nandita Rao,Online Portal,10108000,0,0,10108000,Home Loan,8002149,2105851
TX801910,2025-07-10,RE5138,B9199,Rahul Bansal,Nashik,Sameer Khanna,Walk-in,8071000,6,484300,7586700,Home Loan,5435697,2151003
TX802404,2025-07-10,RE5023,B9065,Anjali Pillai,Pune,Sneha Kapoor,Online Portal,6237000,1,62400,6174600,Home Loan,4812986,1361614
TX802573,2025-07-10,RE5094,B9032,Karan Pawar,Delhi NCR,Sneha Kapoor,Online Portal,8924000,0,0,8924000,Home Loan,7376199,1547801
TX800179,2025-07-11,RE5047,B9078,Nikita Gupta,Hyderabad,Nandita Rao,Online Portal,3321000,1,33200,3287800,Builder Finance Plan,1901278,1386522
TX801066,2025-07-11,RE5036,B9019,Sunita Kumar,Pune,Poonam Chandra,Broker Referral,4110000,0,0,4110000,Builder Finance Plan,2001980,2108020
TX801100,2025-07-11,RE5029,B9244,Vivaan Iyer,Mumbai,Manish Tiwari,Broker Referral,4467000,4,178700,4288300,Home Loan,3040881,1247419
TX801174,2025-07-11,RE5072,B9256,Nikhil Patil,Nagpur,Rohit Ahluwalia,Online Portal,8658000,0,0,8658000,Home Loan,6764828,1893172
TX801260,2025-07-11,RE5099,B9096,Vikram Singh,Nashik,Sneha Kapoor,Property Expo,17476000,0,0,17476000,Home Loan,14176797,3299203
TX801839,2025-07-11,RE5088,B9044,Siddharth Singh,Mumbai,Latika Bose,Walk-in,16482000,5,824100,15657900,Home Loan,11585105,4072795
TX800157,2025-07-12,RE5036,B9084,Nitin Gaikwad,Bangalore,Ritu Saxena,Property Expo,4110000,0,0,4110000,Home Loan,3127949,982051
TX800388,2025-07-12,RE5103,B9087,Prakash Kapoor,Nashik,Sneha Kapoor,Broker Referral,6658000,5,332900,6325100,Home Loan,5221502,1103598
TX801988,2025-07-12,RE5016,B9011,Kavita Gupta,Nashik,Devendra Solanki,Walk-in,16170000,1,161700,16008300,Home Loan,10767099,5241201
TX802022,2025-07-12,RE5059,B9072,Priya Jadhav,Nagpur,Devendra Solanki,Broker Referral,10108000,0,0,10108000,Home Loan,8445435,1662565
TX800406,2025-07-13,RE5040,B9142,Rahul Kumar,Pune,Poonam Chandra,Online Portal,7062000,0,0,7062000,Full Payment,0,7062000
TX801206,2025-07-13,RE5003,B9060,Vikram Pawar,Bangalore,Imran Sheikh,Online Portal,19960000,1,199600,19760400,Home Loan,16198852,3561548
TX801664,2025-07-13,RE5028,B9179,Sneha Verma,Bangalore,Sameer Khanna,Walk-in,11529000,0,0,11529000,Builder Finance Plan,5565901,5963099
TX801696,2025-07-13,RE5053,B9158,Anika Rao,Hyderabad,Sneha Kapoor,Online Portal,5798000,4,231900,5566100,Home Loan,4655624,910476
TX802003,2025-07-13,RE5114,B9205,Ritika Shinde,Hyderabad,Rohit Ahluwalia,Property Expo,7105000,0,0,7105000,Full Payment,0,7105000
TX801330,2025-07-14,RE5122,B9110,Sneha Bansal,Chennai,Arvind Rathi,Walk-in,12299000,0,0,12299000,Full Payment,0,12299000
TX801557,2025-07-14,RE5112,B9197,Amit Kale,Bangalore,Rohit Ahluwalia,Online Portal,11440000,6,686400,10753600,Home Loan,8056785,2696815
TX801639,2025-07-14,RE5033,B9123,Ravi Shah,Nashik,Devendra Solanki,Online Portal,11449000,0,0,11449000,Builder Finance Plan,4997021,6451979
TX801700,2025-07-14,RE5004,B9238,Nitin Naik,Nagpur,Poonam Chandra,Online Portal,4450000,6,267000,4183000,Full Payment,0,4183000
TX802483,2025-07-14,RE5124,B9138,Aditya Shinde,Nashik,Sneha Kapoor,Broker Referral,70065000,0,0,70065000,Builder Finance Plan,28461370,41603630
TX800022,2025-07-15,RE5083,B9079,Pallavi Patil,Bangalore,Farida Sheikh,Walk-in,20903000,0,0,20903000,Builder Finance Plan,10816895,10086105
TX800132,2025-07-15,RE5130,B9014,Manoj Iyer,Bangalore,Sneha Kapoor,Online Portal,36077000,0,0,36077000,Home Loan,30628869,5448131
TX801496,2025-07-15,RE5011,B9105,Pallavi Kumar,Pune,Poonam Chandra,Online Portal,12893000,0,0,12893000,Home Loan,8675435,4217565
TX801569,2025-07-15,RE5114,B9212,Ashok Sharma,Ahmedabad,Latika Bose,Online Portal,7105000,0,0,7105000,Home Loan,5431596,1673404
TX802540,2025-07-15,RE5094,B9034,Meena Jadhav,Hyderabad,Farida Sheikh,Broker Referral,8924000,1,89200,8834800,Home Loan,5840580,2994220
TX800062,2025-07-16,RE5117,B9207,Manoj Bhosale,Bangalore,Rohit Ahluwalia,Broker Referral,5691000,0,0,5691000,Builder Finance Plan,2962307,2728693
TX800164,2025-07-16,RE5102,B9035,Ishita Agarwal,Delhi NCR,Rohit Ahluwalia,Broker Referral,7947000,3,238400,7708600,Builder Finance Plan,4241982,3466618
TX800197,2025-07-16,RE5066,B9017,Komal Deshmukh,Nashik,Rohit Ahluwalia,Broker Referral,5628000,6,337700,5290300,Builder Finance Plan,3136850,2153450
TX800575,2025-07-16,RE5078,B9052,Aishwarya Malhotra,Ahmedabad,Imran Sheikh,Walk-in,14198000,6,851900,13346100,Home Loan,10799272,2546828
TX800608,2025-07-16,RE5026,B9204,Vikram Agarwal,Chennai,Latika Bose,Broker Referral,2963000,6,177800,2785200,Home Loan,2248340,536860
TX800984,2025-07-16,RE5027,B9041,Suresh Kulkarni,Nashik,Devendra Solanki,Online Portal,4750000,5,237500,4512500,Home Loan,3819091,693409
TX801666,2025-07-16,RE5016,B9187,Divya Iyer,Nashik,Rohit Ahluwalia,Broker Referral,16170000,0,0,16170000,Home Loan,11904423,4265577
TX802448,2025-07-16,RE5005,B9253,Navya Patil,Nashik,Devendra Solanki,Online Portal,18501000,5,925000,17576000,Home Loan,11765321,5810679
TX800453,2025-07-17,RE5038,B9210,Ashok Kale,Ahmedabad,Ritu Saxena,Broker Referral,57033000,4,2281300,54751700,Home Loan,42800435,11951265
TX800853,2025-07-17,RE5102,B9013,Meena Patil,Chennai,Poonam Chandra,Broker Referral,7947000,0,0,7947000,Builder Finance Plan,4565459,3381541
TX800384,2025-07-18,RE5085,B9124,Prakash Kulkarni,Chennai,Sameer Khanna,Broker Referral,5697000,0,0,5697000,Home Loan,4587418,1109582
TX800654,2025-07-18,RE5080,B9040,Navya Pawar,Ahmedabad,Ritu Saxena,Walk-in,2660000,4,106400,2553600,Home Loan,1842601,710999
TX801392,2025-07-18,RE5024,B9260,Rajesh Shah,Bangalore,Devendra Solanki,Online Portal,9685000,3,290600,9394400,Home Loan,7470781,1923619
TX801728,2025-07-18,RE5023,B9012,Ganesh Bhosale,Mumbai,Sneha Kapoor,Walk-in,6237000,4,249500,5987500,Home Loan,4418647,1568853
TX800433,2025-07-20,RE5056,B9127,Sunita Gupta,Ahmedabad,Sameer Khanna,Property Expo,12967000,0,0,12967000,Builder Finance Plan,7754830,5212170
TX800532,2025-07-20,RE5127,B9185,Shreya Sharma,Mumbai,Nandita Rao,Property Expo,7365000,2,147300,7217700,Full Payment,0,7217700
TX800779,2025-07-20,RE5076,B9243,Sneha Chopra,Bangalore,Rohit Ahluwalia,Broker Referral,12143000,0,0,12143000,Home Loan,9485559,2657441
TX801855,2025-07-20,RE5116,B9027,Ravi Gaikwad,Delhi NCR,Sameer Khanna,Broker Referral,11141000,8,891300,10249700,Full Payment,0,10249700
TX802035,2025-07-20,RE5001,B9114,Ishita More,Bangalore,Poonam Chandra,Online Portal,5254000,0,0,5254000,Home Loan,4023088,1230912
TX801899,2025-07-21,RE5064,B9084,Nitin Gaikwad,Bangalore,Arvind Rathi,Online Portal,6493000,0,0,6493000,Builder Finance Plan,3092412,3400588
TX802544,2025-07-21,RE5043,B9140,Vikram Pillai,Nashik,Latika Bose,Online Portal,2576000,6,154600,2421400,Builder Finance Plan,1026724,1394676
TX802600,2025-07-21,RE5018,B9227,Amit Reddy,Nashik,Poonam Chandra,Property Expo,14837000,6,890200,13946800,Home Loan,10189764,3757036
TX801153,2025-07-22,RE5055,B9192,Vaishnavi Deshmukh,Nashik,Imran Sheikh,Online Portal,4339000,3,130200,4208800,Full Payment,0,4208800
TX801249,2025-07-22,RE5094,B9177,Sneha Deshmukh,Pune,Farida Sheikh,Walk-in,8924000,0,0,8924000,Full Payment,0,8924000
TX801768,2025-07-22,RE5029,B9085,Mahesh Jadhav,Mumbai,Latika Bose,Broker Referral,4467000,0,0,4467000,Full Payment,0,4467000
TX801861,2025-07-22,RE5139,B9060,Vikram Pawar,Bangalore,Poonam Chandra,Online Portal,10653000,0,0,10653000,Full Payment,0,10653000
TX802216,2025-07-22,RE5121,B9082,Ashok Gaikwad,Bangalore,Imran Sheikh,Broker Referral,21312000,2,426200,20885800,Builder Finance Plan,11755201,9130599
TX801250,2025-07-23,RE5093,B9189,Yash Rao,Hyderabad,Sameer Khanna,Online Portal,5216000,6,313000,4903000,Builder Finance Plan,2006989,2896011
TX801673,2025-07-23,RE5023,B9095,Shweta Verma,Delhi NCR,Farida Sheikh,Property Expo,6237000,6,374200,5862800,Home Loan,4721815,1140985
TX802522,2025-07-23,RE5092,B9259,Yash Menon,Nashik,Arvind Rathi,Property Expo,20099000,0,0,20099000,Home Loan,14015272,6083728
TX800122,2025-07-24,RE5032,B9136,Deepak Jadhav,Ahmedabad,Arvind Rathi,Online Portal,6845000,5,342200,6502800,Home Loan,4514535,1988265
TX800245,2025-07-24,RE5070,B9136,Deepak Jadhav,Ahmedabad,Latika Bose,Online Portal,15405000,8,1232400,14172600,Home Loan,10113055,4059545
TX800703,2025-07-24,RE5013,B9169,Rahul Jadhav,Pune,Rohit Ahluwalia,Property Expo,14405000,0,0,14405000,Builder Finance Plan,6209790,8195210
TX800921,2025-07-24,RE5047,B9137,Nikita Deshmukh,Hyderabad,Farida Sheikh,Broker Referral,3321000,0,0,3321000,Home Loan,2330691,990309
TX801316,2025-07-24,RE5139,B9117,Ravi Jadhav,Nashik,Farida Sheikh,Online Portal,10653000,1,106500,10546500,Full Payment,0,10546500
TX800884,2025-07-25,RE5042,B9016,Vihaan Kapoor,Nashik,Sneha Kapoor,Online Portal,4080000,3,122400,3957600,Full Payment,0,3957600
TX801334,2025-07-25,RE5140,B9159,Vijay Gupta,Ahmedabad,Nandita Rao,Property Expo,8481000,4,339200,8141800,Home Loan,6034221,2107579
TX801540,2025-07-25,RE5105,B9113,Ananya Singh,Pune,Nandita Rao,Walk-in,15306000,0,0,15306000,Home Loan,9980296,5325704
TX800401,2025-07-26,RE5090,B9074,Vijay Kapoor,Hyderabad,Sameer Khanna,Property Expo,10862000,0,0,10862000,Full Payment,0,10862000
TX800882,2025-07-26,RE5128,B9106,Shreya Deshmukh,Chennai,Poonam Chandra,Broker Referral,6347000,4,253900,6093100,Home Loan,4265921,1827179
TX801296,2025-07-26,RE5030,B9046,Mahesh Chopra,Nagpur,Rohit Ahluwalia,Broker Referral,5599000,3,168000,5431000,Home Loan,3670780,1760220
TX801359,2025-07-26,RE5109,B9225,Manoj More,Pune,Imran Sheikh,Online Portal,13206000,0,0,13206000,Home Loan,9734540,3471460
TX801688,2025-07-26,RE5059,B9029,Priya Kapoor,Bangalore,Arvind Rathi,Broker Referral,10108000,1,101100,10006900,Home Loan,8436254,1570646
TX802323,2025-07-26,RE5098,B9204,Vikram Agarwal,Chennai,Sneha Kapoor,Broker Referral,7099000,1,71000,7028000,Builder Finance Plan,3812419,3215581
TX802505,2025-07-26,RE5011,B9073,Meena Patil,Mumbai,Arvind Rathi,Walk-in,12893000,0,0,12893000,Builder Finance Plan,5913570,6979430
TX800020,2025-07-27,RE5112,B9160,Deepak Joshi,Nashik,Devendra Solanki,Online Portal,11440000,6,686400,10753600,Home Loan,7988308,2765292
TX800133,2025-07-27,RE5012,B9226,Kavita Kale,Delhi NCR,Sameer Khanna,Broker Referral,3863000,2,77300,3785700,Full Payment,0,3785700
TX800273,2025-07-27,RE5024,B9098,Yash Kale,Mumbai,Nandita Rao,Broker Referral,9685000,1,96800,9588200,Full Payment,0,9588200
TX801892,2025-07-27,RE5135,B9101,Priya Shah,Nashik,Arvind Rathi,Broker Referral,7660000,0,0,7660000,Home Loan,5435201,2224799
TX800382,2025-07-28,RE5048,B9063,Diya Agarwal,Pune,Rohit Ahluwalia,Online Portal,10440000,0,0,10440000,Home Loan,7041449,3398551
TX800440,2025-07-28,RE5014,B9080,Priya Sharma,Chennai,Ritu Saxena,Property Expo,4926000,2,98500,4827500,Home Loan,3669766,1157734
TX800681,2025-07-28,RE5028,B9007,Ananya Kumar,Mumbai,Sameer Khanna,Online Portal,11529000,0,0,11529000,Home Loan,9676105,1852895
TX801217,2025-07-28,RE5054,B9186,Ashok Rao,Delhi NCR,Devendra Solanki,Broker Referral,11868000,0,0,11868000,Home Loan,8273437,3594563
TX802043,2025-07-28,RE5094,B9125,Swati Jadhav,Pune,Latika Bose,Online Portal,8924000,5,446200,8477800,Full Payment,0,8477800
TX802280,2025-07-28,RE5099,B9226,Kavita Kale,Delhi NCR,Poonam Chandra,Walk-in,17476000,4,699000,16777000,Home Loan,14100634,2676366
TX802283,2025-07-28,RE5140,B9030,Aditya Kulkarni,Nagpur,Rohit Ahluwalia,Walk-in,8481000,2,169600,8311400,Full Payment,0,8311400
TX802426,2025-07-28,RE5107,B9183,Nitin Bansal,Mumbai,Ritu Saxena,Property Expo,52523000,0,0,52523000,Home Loan,36439153,16083847
TX800047,2025-08-01,RE5072,B9131,Rahul Kapoor,Ahmedabad,Sameer Khanna,Online Portal,8658000,8,692600,7965400,Full Payment,0,7965400
TX800812,2025-08-01,RE5060,B9181,Arjun Shinde,Delhi NCR,Farida Sheikh,Walk-in,4058000,0,0,4058000,Home Loan,3445396,612604
TX800826,2025-08-01,RE5066,B9259,Yash Menon,Nashik,Rohit Ahluwalia,Walk-in,5628000,2,112600,5515400,Home Loan,3760358,1755042
TX801358,2025-08-01,RE5120,B9001,Vijay Reddy,Chennai,Manish Tiwari,Broker Referral,5862000,6,351700,5510300,Full Payment,0,5510300
TX802068,2025-08-01,RE5095,B9193,Pallavi Deshmukh,Chennai,Ritu Saxena,Online Portal,11454000,5,572700,10881300,Full Payment,0,10881300
TX800082,2025-08-02,RE5076,B9111,Naveen Sharma,Delhi NCR,Arvind Rathi,Broker Referral,12143000,8,971400,11171600,Home Loan,8306665,2864935
TX800620,2025-08-02,RE5089,B9146,Swati Singh,Hyderabad,Sneha Kapoor,Online Portal,13626000,6,817600,12808400,Home Loan,8940637,3867763
TX802307,2025-08-02,RE5124,B9037,Vihaan More,Chennai,Ritu Saxena,Online Portal,70065000,0,0,70065000,Builder Finance Plan,34443425,35621575
TX802317,2025-08-02,RE5121,B9197,Amit Kale,Bangalore,Nandita Rao,Walk-in,21312000,6,1278700,20033300,Home Loan,14831718,5201582
TX800018,2025-08-03,RE5115,B9075,Komal Deshmukh,Pune,Sameer Khanna,Broker Referral,9810000,0,0,9810000,Home Loan,8277579,1532421
TX800214,2025-08-03,RE5068,B9073,Meena Patil,Mumbai,Sneha Kapoor,Property Expo,12581000,0,0,12581000,Full Payment,0,12581000
TX802129,2025-08-03,RE5042,B9229,Bhavna Jadhav,Nashik,Sneha Kapoor,Online Portal,4080000,0,0,4080000,Full Payment,0,4080000
TX802500,2025-08-03,RE5072,B9152,Sanjay Gupta,Pune,Nandita Rao,Online Portal,8658000,3,259700,8398300,Home Loan,6128831,2269469
TX800228,2025-08-04,RE5001,B9123,Ravi Shah,Nashik,Poonam Chandra,Broker Referral,5254000,8,420300,4833700,Home Loan,3748028,1085672
TX800528,2025-08-05,RE5081,B9106,Shreya Deshmukh,Chennai,Manish Tiwari,Broker Referral,16171000,0,0,16171000,Home Loan,11334782,4836218
TX800928,2025-08-05,RE5064,B9098,Yash Kale,Mumbai,Imran Sheikh,Online Portal,6493000,5,324600,6168400,Full Payment,0,6168400
TX801179,2025-08-05,RE5073,B9010,Saanvi Kapoor,Hyderabad,Manish Tiwari,Walk-in,2689000,2,53800,2635200,Full Payment,0,2635200
TX801959,2025-08-05,RE5026,B9063,Diya Agarwal,Pune,Poonam Chandra,Property Expo,2963000,1,29600,2933400,Home Loan,2055493,877907
TX802011,2025-08-05,RE5085,B9163,Diya Verma,Chennai,Imran Sheikh,Online Portal,5697000,0,0,5697000,Full Payment,0,5697000
TX800259,2025-08-06,RE5064,B9039,Deepak Rao,Ahmedabad,Ritu Saxena,Broker Referral,6493000,0,0,6493000,Builder Finance Plan,3432817,3060183
TX800662,2025-08-06,RE5011,B9238,Nitin Naik,Nagpur,Poonam Chandra,Online Portal,12893000,4,515700,12377300,Home Loan,8216487,4160813
TX801560,2025-08-06,RE5060,B9063,Diya Agarwal,Pune,Imran Sheikh,Broker Referral,4058000,6,243500,3814500,Home Loan,2739610,1074890
TX800220,2025-08-07,RE5042,B9235,Kavita Gupta,Mumbai,Sameer Khanna,Online Portal,4080000,8,326400,3753600,Home Loan,3068412,685188
TX800307,2025-08-07,RE5085,B9057,Karan Menon,Bangalore,Nandita Rao,Broker Referral,5697000,8,455800,5241200,Home Loan,3942302,1298898
TX800744,2025-08-07,RE5109,B9069,Anjali Naik,Nagpur,Manish Tiwari,Walk-in,13206000,0,0,13206000,Home Loan,10637246,2568754
TX801336,2025-08-07,RE5028,B9120,Sneha Shah,Hyderabad,Imran Sheikh,Property Expo,11529000,5,576400,10952600,Builder Finance Plan,5361769,5590831
TX801520,2025-08-07,RE5097,B9050,Divya Shinde,Nashik,Sameer Khanna,Walk-in,16374000,5,818700,15555300,Home Loan,10637051,4918249
TX802466,2025-08-07,RE5095,B9169,Rahul Jadhav,Pune,Imran Sheikh,Property Expo,11454000,3,343600,11110400,Builder Finance Plan,6571440,4538960
TX800098,2025-08-08,RE5079,B9079,Pallavi Patil,Bangalore,Imran Sheikh,Walk-in,6084000,0,0,6084000,Home Loan,4820266,1263734
TX800247,2025-08-08,RE5004,B9241,Mahesh Kapoor,Nashik,Imran Sheikh,Online Portal,4450000,0,0,4450000,Full Payment,0,4450000
TX800291,2025-08-08,RE5097,B9211,Amit Malhotra,Bangalore,Imran Sheikh,Online Portal,16374000,0,0,16374000,Full Payment,0,16374000
TX800306,2025-08-08,RE5132,B9085,Mahesh Jadhav,Mumbai,Nandita Rao,Property Expo,5980000,2,119600,5860400,Home Loan,4014238,1846162
TX800416,2025-08-08,RE5109,B9199,Rahul Bansal,Nashik,Sameer Khanna,Walk-in,13206000,1,132100,13073900,Home Loan,10610842,2463058
TX800489,2025-08-08,RE5064,B9191,Prakash Bansal,Ahmedabad,Arvind Rathi,Broker Referral,6493000,6,389600,6103400,Full Payment,0,6103400
TX800907,2025-08-08,RE5041,B9017,Komal Deshmukh,Nashik,Rohit Ahluwalia,Online Portal,6416000,8,513300,5902700,Home Loan,4711655,1191045
TX801089,2025-08-08,RE5035,B9196,Anjali More,Chennai,Sameer Khanna,Broker Referral,4560000,6,273600,4286400,Home Loan,3174507,1111893
TX801683,2025-08-08,RE5012,B9104,Nidhi Pillai,Delhi NCR,Sameer Khanna,Online Portal,3863000,0,0,3863000,Builder Finance Plan,1739226,2123774
TX801870,2025-08-08,RE5080,B9012,Ganesh Bhosale,Mumbai,Ritu Saxena,Property Expo,2660000,0,0,2660000,Home Loan,1853058,806942
TX802010,2025-08-08,RE5034,B9073,Meena Patil,Mumbai,Imran Sheikh,Walk-in,6639000,2,132800,6506200,Home Loan,5421019,1085181
TX800027,2025-08-09,RE5004,B9101,Priya Shah,Nashik,Manish Tiwari,Online Portal,4450000,0,0,4450000,Builder Finance Plan,2237758,2212242
TX800725,2025-08-09,RE5085,B9253,Navya Patil,Nashik,Nandita Rao,Broker Referral,5697000,8,455800,5241200,Home Loan,3411940,1829260
TX801871,2025-08-09,RE5037,B9102,Navya Kale,Delhi NCR,Nandita Rao,Broker Referral,5785000,6,347100,5437900,Home Loan,4497084,940816
TX802543,2025-08-09,RE5011,B9167,Prakash Gaikwad,Nashik,Ritu Saxena,Online Portal,12893000,0,0,12893000,Home Loan,9037706,3855294
TX800090,2025-08-10,RE5012,B9098,Yash Kale,Mumbai,Ritu Saxena,Walk-in,3863000,0,0,3863000,Builder Finance Plan,1821000,2042000
TX800777,2025-08-10,RE5041,B9194,Manoj Agarwal,Hyderabad,Imran Sheikh,Walk-in,6416000,8,513300,5902700,Full Payment,0,5902700
TX800867,2025-08-10,RE5068,B9166,Anika Kale,Ahmedabad,Ritu Saxena,Walk-in,12581000,3,377400,12203600,Full Payment,0,12203600
TX800973,2025-08-10,RE5067,B9238,Nitin Naik,Nagpur,Latika Bose,Walk-in,6066000,6,364000,5702000,Full Payment,0,5702000
TX801348,2025-08-10,RE5028,B9127,Sunita Gupta,Ahmedabad,Sneha Kapoor,Property Expo,11529000,1,115300,11413700,Home Loan,8205630,3208070
TX801618,2025-08-10,RE5082,B9259,Yash Menon,Nashik,Sneha Kapoor,Online Portal,4953000,0,0,4953000,Home Loan,3674628,1278372
TX801690,2025-08-10,RE5083,B9101,Priya Shah,Nashik,Farida Sheikh,Walk-in,20903000,0,0,20903000,Home Loan,16842460,4060540
TX801777,2025-08-10,RE5028,B9014,Manoj Iyer,Bangalore,Nandita Rao,Walk-in,11529000,6,691700,10837300,Home Loan,7909301,2927999
TX800577,2025-08-11,RE5080,B9049,Aarav Verma,Hyderabad,Ritu Saxena,Walk-in,2660000,5,133000,2527000,Full Payment,0,2527000
TX800749,2025-08-11,RE5022,B9096,Vikram Singh,Nashik,Sneha Kapoor,Online Portal,3810000,1,38100,3771900,Home Loan,2596305,1175595
TX801049,2025-08-11,RE5056,B9177,Sneha Deshmukh,Pune,Sneha Kapoor,Property Expo,12967000,3,389000,12578000,Home Loan,9967133,2610867
TX801052,2025-08-11,RE5037,B9154,Vikram Pawar,Nashik,Latika Bose,Property Expo,5785000,0,0,5785000,Home Loan,4355716,1429284
TX801451,2025-08-11,RE5073,B9255,Sandeep Nair,Mumbai,Imran Sheikh,Online Portal,2689000,2,53800,2635200,Full Payment,0,2635200
TX801595,2025-08-11,RE5080,B9103,Ishita Nair,Pune,Farida Sheikh,Online Portal,2660000,3,79800,2580200,Builder Finance Plan,1296899,1283301
TX802387,2025-08-11,RE5102,B9052,Aishwarya Malhotra,Ahmedabad,Sameer Khanna,Walk-in,7947000,5,397400,7549600,Full Payment,0,7549600
TX800688,2025-08-12,RE5112,B9227,Amit Reddy,Nashik,Imran Sheikh,Property Expo,11440000,5,572000,10868000,Home Loan,8236288,2631712
TX801367,2025-08-12,RE5074,B9142,Rahul Kumar,Pune,Devendra Solanki,Broker Referral,13595000,8,1087600,12507400,Home Loan,8561893,3945507
TX801793,2025-08-12,RE5012,B9100,Karthik Kale,Nagpur,Manish Tiwari,Property Expo,3863000,0,0,3863000,Home Loan,2938175,924825
TX800039,2025-08-13,RE5038,B9226,Kavita Kale,Delhi NCR,Ritu Saxena,Online Portal,57033000,0,0,57033000,Home Loan,47022458,10010542
TX800488,2025-08-13,RE5041,B9121,Aishwarya Jadhav,Hyderabad,Imran Sheikh,Walk-in,6416000,8,513300,5902700,Home Loan,3847977,2054723
TX800678,2025-08-13,RE5080,B9020,Ananya More,Delhi NCR,Sameer Khanna,Online Portal,2660000,0,0,2660000,Home Loan,1913661,746339
TX801694,2025-08-13,RE5110,B9145,Aditya Kulkarni,Nashik,Farida Sheikh,Broker Referral,11297000,4,451900,10845100,Full Payment,0,10845100
TX802430,2025-08-13,RE5041,B9010,Saanvi Kapoor,Hyderabad,Arvind Rathi,Broker Referral,6416000,0,0,6416000,Full Payment,0,6416000
TX800844,2025-08-14,RE5094,B9148,Anil Patil,Nashik,Latika Bose,Walk-in,8924000,0,0,8924000,Home Loan,6465386,2458614
TX801168,2025-08-14,RE5093,B9171,Swati Singh,Nashik,Devendra Solanki,Walk-in,5216000,0,0,5216000,Home Loan,4226197,989803
TX801529,2025-08-14,RE5030,B9109,Shweta Jadhav,Hyderabad,Sneha Kapoor,Online Portal,5599000,0,0,5599000,Full Payment,0,5599000
TX801608,2025-08-14,RE5074,B9252,Prakash Joshi,Pune,Sameer Khanna,Online Portal,13595000,1,136000,13459000,Home Loan,9088541,4370459
TX802270,2025-08-14,RE5016,B9041,Suresh Kulkarni,Nashik,Nandita Rao,Walk-in,16170000,6,970200,15199800,Home Loan,10103077,5096723
TX800567,2025-08-15,RE5084,B9031,Karthik Deshmukh,Delhi NCR,Farida Sheikh,Online Portal,20567000,3,617000,19950000,Home Loan,15746677,4203323
TX800825,2025-08-15,RE5017,B9165,Komal Sharma,Pune,Farida Sheikh,Walk-in,16319000,0,0,16319000,Builder Finance Plan,6859288,9459712
TX801533,2025-08-15,RE5108,B9080,Priya Sharma,Chennai,Ritu Saxena,Online Portal,11538000,6,692300,10845700,Full Payment,0,10845700
TX801672,2025-08-15,RE5053,B9141,Aishwarya Gupta,Bangalore,Sneha Kapoor,Broker Referral,5798000,5,289900,5508100,Home Loan,4435955,1072145
TX801887,2025-08-15,RE5123,B9187,Divya Iyer,Nashik,Manish Tiwari,Broker Referral,4902000,2,98000,4804000,Home Loan,3813737,990263
TX802378,2025-08-15,RE5094,B9218,Prakash Joshi,Hyderabad,Arvind Rathi,Online Portal,8924000,3,267700,8656300,Full Payment,0,8656300
TX802552,2025-08-15,RE5024,B9254,Neha Singh,Ahmedabad,Arvind Rathi,Walk-in,9685000,0,0,9685000,Home Loan,7134530,2550470
TX800762,2025-08-16,RE5049,B9007,Ananya Kumar,Mumbai,Devendra Solanki,Broker Referral,27973000,0,0,27973000,Home Loan,22091601,5881399
TX801475,2025-08-16,RE5071,B9222,Aadhya Deshmukh,Hyderabad,Farida Sheikh,Online Portal,3409000,0,0,3409000,Full Payment,0,3409000
TX801993,2025-08-16,RE5015,B9129,Myra Shah,Ahmedabad,Sneha Kapoor,Broker Referral,23075000,0,0,23075000,Full Payment,0,23075000
TX800790,2025-08-17,RE5027,B9258,Swati Iyer,Hyderabad,Latika Bose,Online Portal,4750000,0,0,4750000,Home Loan,3112366,1637634
TX801297,2025-08-17,RE5029,B9040,Navya Pawar,Ahmedabad,Ritu Saxena,Broker Referral,4467000,0,0,4467000,Home Loan,3770081,696919
TX801545,2025-08-17,RE5083,B9250,Kavita Iyer,Nashik,Sameer Khanna,Online Portal,20903000,0,0,20903000,Home Loan,15563561,5339439
TX802136,2025-08-17,RE5127,B9179,Sneha Verma,Bangalore,Sneha Kapoor,Property Expo,7365000,3,221000,7144000,Home Loan,5898605,1245395
TX800903,2025-08-18,RE5030,B9011,Kavita Gupta,Nashik,Sneha Kapoor,Online Portal,5599000,8,447900,5151100,Home Loan,3790015,1361085
TX801598,2025-08-18,RE5042,B9158,Anika Rao,Hyderabad,Sameer Khanna,Broker Referral,4080000,5,204000,3876000,Home Loan,2969109,906891
TX802169,2025-08-18,RE5047,B9111,Naveen Sharma,Delhi NCR,Sameer Khanna,Online Portal,3321000,6,199300,3121700,Builder Finance Plan,1863716,1257984
TX801578,2025-08-19,RE5040,B9197,Amit Kale,Bangalore,Arvind Rathi,Online Portal,7062000,0,0,7062000,Full Payment,0,7062000
TX802460,2025-08-19,RE5070,B9175,Vikram Kapoor,Nagpur,Ritu Saxena,Online Portal,15405000,6,924300,14480700,Home Loan,10965666,3515034
TX802495,2025-08-19,RE5072,B9260,Rajesh Shah,Bangalore,Rohit Ahluwalia,Broker Referral,8658000,0,0,8658000,Full Payment,0,8658000
TX800927,2025-08-20,RE5074,B9179,Sneha Verma,Bangalore,Poonam Chandra,Broker Referral,13595000,8,1087600,12507400,Full Payment,0,12507400
TX801097,2025-08-20,RE5051,B9124,Prakash Kulkarni,Chennai,Latika Bose,Online Portal,18820000,3,564600,18255400,Home Loan,12195247,6060153
TX801181,2025-08-20,RE5072,B9027,Ravi Gaikwad,Delhi NCR,Poonam Chandra,Broker Referral,8658000,0,0,8658000,Full Payment,0,8658000
TX801443,2025-08-20,RE5122,B9042,Aishwarya Patil,Delhi NCR,Latika Bose,Walk-in,12299000,0,0,12299000,Home Loan,9377841,2921159
TX801501,2025-08-20,RE5026,B9062,Prakash Nair,Chennai,Poonam Chandra,Walk-in,2963000,0,0,2963000,Home Loan,2003469,959531
TX801791,2025-08-20,RE5024,B9061,Aishwarya Reddy,Ahmedabad,Poonam Chandra,Online Portal,9685000,0,0,9685000,Full Payment,0,9685000
TX802006,2025-08-20,RE5135,B9024,Ravi Gupta,Bangalore,Manish Tiwari,Online Portal,7660000,0,0,7660000,Full Payment,0,7660000
TX800212,2025-08-21,RE5022,B9103,Ishita Nair,Pune,Latika Bose,Broker Referral,3810000,0,0,3810000,Builder Finance Plan,2104408,1705592
TX800594,2025-08-21,RE5034,B9247,Anika Chopra,Pune,Arvind Rathi,Broker Referral,6639000,0,0,6639000,Full Payment,0,6639000
TX802074,2025-08-21,RE5076,B9253,Navya Patil,Nashik,Nandita Rao,Walk-in,12143000,3,364300,11778700,Home Loan,8960331,2818369
TX801472,2025-08-22,RE5044,B9222,Aadhya Deshmukh,Hyderabad,Sneha Kapoor,Online Portal,12357000,3,370700,11986300,Home Loan,8738500,3247800
TX801539,2025-08-22,RE5092,B9016,Vihaan Kapoor,Nashik,Farida Sheikh,Broker Referral,20099000,0,0,20099000,Home Loan,15385023,4713977
TX802134,2025-08-22,RE5123,B9194,Manoj Agarwal,Hyderabad,Manish Tiwari,Broker Referral,4902000,0,0,4902000,Home Loan,3754233,1147767
TX800072,2025-08-23,RE5115,B9226,Kavita Kale,Delhi NCR,Manish Tiwari,Property Expo,9810000,0,0,9810000,Builder Finance Plan,5153378,4656622
TX802267,2025-08-23,RE5127,B9037,Vihaan More,Chennai,Sameer Khanna,Broker Referral,7365000,6,441900,6923100,Home Loan,5197024,1726076
TX802379,2025-08-23,RE5012,B9223,Swati Reddy,Hyderabad,Devendra Solanki,Broker Referral,3863000,0,0,3863000,Home Loan,2917932,945068
TX800457,2025-08-24,RE5128,B9015,Priya Kapoor,Ahmedabad,Sameer Khanna,Online Portal,6347000,0,0,6347000,Home Loan,5056869,1290131
TX800493,2025-08-24,RE5065,B9106,Shreya Deshmukh,Chennai,Arvind Rathi,Online Portal,29199000,0,0,29199000,Builder Finance Plan,14004773,15194227
TX801385,2025-08-24,RE5110,B9177,Sneha Deshmukh,Pune,Latika Bose,Online Portal,11297000,3,338900,10958100,Home Loan,8376111,2581989
TX802394,2025-08-24,RE5051,B9054,Karthik Menon,Mumbai,Farida Sheikh,Walk-in,18820000,0,0,18820000,Full Payment,0,18820000
TX800653,2025-08-25,RE5108,B9137,Nikita Deshmukh,Hyderabad,Arvind Rathi,Broker Referral,11538000,0,0,11538000,Home Loan,7526147,4011853
TX801804,2025-08-25,RE5074,B9203,Nikhil Nair,Hyderabad,Farida Sheikh,Broker Referral,13595000,0,0,13595000,Full Payment,0,13595000
TX800330,2025-08-26,RE5083,B9168,Vihaan Patil,Bangalore,Poonam Chandra,Broker Referral,20903000,0,0,20903000,Home Loan,17172531,3730469
TX800856,2025-08-26,RE5112,B9190,Rajesh Verma,Bangalore,Arvind Rathi,Broker Referral,11440000,0,0,11440000,Home Loan,7853158,3586842
TX801491,2025-08-27,RE5016,B9226,Kavita Kale,Delhi NCR,Sneha Kapoor,Broker Referral,16170000,4,646800,15523200,Home Loan,12261964,3261236
TX801790,2025-08-27,RE5023,B9058,Pallavi Verma,Nagpur,Arvind Rathi,Broker Referral,6237000,8,499000,5738000,Home Loan,4672545,1065455
TX801876,2025-08-27,RE5088,B9186,Ashok Rao,Delhi NCR,Manish Tiwari,Online Portal,16482000,8,1318600,15163400,Home Loan,10807403,4355997
TX800340,2025-08-28,RE5026,B9155,Neha Pawar,Mumbai,Sneha Kapoor,Broker Referral,2963000,0,0,2963000,Home Loan,2172665,790335
TX800942,2025-08-28,RE5099,B9116,Navya Pawar,Ahmedabad,Poonam Chandra,Walk-in,17476000,1,174800,17301200,Builder Finance Plan,9665885,7635315
TX801972,2025-08-28,RE5109,B9256,Nikhil Patil,Nagpur,Farida Sheikh,Online Portal,13206000,0,0,13206000,Home Loan,10156283,3049717
TX802312,2025-08-28,RE5007,B9247,Anika Chopra,Pune,Imran Sheikh,Online Portal,40078000,0,0,40078000,Home Loan,33635574,6442426
TX802429,2025-08-28,RE5090,B9149,Nitin Singh,Bangalore,Sneha Kapoor,Online Portal,10862000,1,108600,10753400,Home Loan,8481020,2272380
TX800455,2025-09-01,RE5127,B9216,Siddharth More,Bangalore,Imran Sheikh,Broker Referral,7365000,0,0,7365000,Builder Finance Plan,3310579,4054421
TX800809,2025-09-01,RE5076,B9257,Vaishnavi Deshmukh,Ahmedabad,Latika Bose,Online Portal,12143000,0,0,12143000,Full Payment,0,12143000
TX801119,2025-09-01,RE5140,B9060,Vikram Pawar,Bangalore,Farida Sheikh,Online Portal,8481000,3,254400,8226600,Home Loan,6992320,1234280
TX801190,2025-09-01,RE5109,B9151,Amit Kulkarni,Bangalore,Latika Bose,Broker Referral,13206000,0,0,13206000,Home Loan,9914870,3291130
TX801919,2025-09-01,RE5041,B9173,Priya Rao,Delhi NCR,Farida Sheikh,Walk-in,6416000,2,128300,6287700,Home Loan,4912448,1375252
TX800456,2025-09-02,RE5056,B9053,Nidhi Shah,Bangalore,Arvind Rathi,Broker Referral,12967000,5,648400,12318600,Home Loan,10041654,2276946
TX800957,2025-09-02,RE5073,B9211,Amit Malhotra,Bangalore,Rohit Ahluwalia,Walk-in,2689000,8,215100,2473900,Home Loan,2065542,408358
TX801244,2025-09-02,RE5123,B9034,Meena Jadhav,Hyderabad,Manish Tiwari,Broker Referral,4902000,1,49000,4853000,Home Loan,3571532,1281468
TX800118,2025-09-03,RE5037,B9194,Manoj Agarwal,Hyderabad,Farida Sheikh,Property Expo,5785000,0,0,5785000,Full Payment,0,5785000
TX801994,2025-09-03,RE5024,B9160,Deepak Joshi,Nashik,Devendra Solanki,Broker Referral,9685000,0,0,9685000,Home Loan,6911782,2773218
TX800333,2025-09-04,RE5116,B9132,Swati Kulkarni,Hyderabad,Sneha Kapoor,Online Portal,11141000,8,891300,10249700,Full Payment,0,10249700
TX800926,2025-09-04,RE5080,B9157,Ritu Patil,Mumbai,Sameer Khanna,Property Expo,2660000,0,0,2660000,Full Payment,0,2660000
TX801042,2025-09-04,RE5104,B9071,Ravi Shah,Bangalore,Arvind Rathi,Online Portal,38169000,0,0,38169000,Home Loan,26131302,12037698
TX801398,2025-09-04,RE5050,B9103,Ishita Nair,Pune,Poonam Chandra,Broker Referral,17781000,0,0,17781000,Home Loan,12326665,5454335
TX801749,2025-09-04,RE5129,B9160,Deepak Joshi,Nashik,Devendra Solanki,Online Portal,27963000,8,2237000,25726000,Full Payment,0,25726000
TX802119,2025-09-04,RE5100,B9221,Sandeep Nair,Bangalore,Farida Sheikh,Broker Referral,2996000,3,89900,2906100,Home Loan,2397179,508921
TX800879,2025-09-05,RE5137,B9115,Sneha Bhosale,Bangalore,Farida Sheikh,Broker Referral,8263000,6,495800,7767200,Full Payment,0,7767200
TX801040,2025-09-05,RE5060,B9253,Navya Patil,Nashik,Rohit Ahluwalia,Broker Referral,4058000,0,0,4058000,Home Loan,3274309,783691
TX801428,2025-09-05,RE5066,B9098,Yash Kale,Mumbai,Rohit Ahluwalia,Broker Referral,5628000,0,0,5628000,Home Loan,4252868,1375132
TX801485,2025-09-05,RE5073,B9168,Vihaan Patil,Bangalore,Imran Sheikh,Walk-in,2689000,0,0,2689000,Home Loan,2134362,554638
TX801803,2025-09-05,RE5067,B9184,Ritu Shinde,Nagpur,Rohit Ahluwalia,Online Portal,6066000,6,364000,5702000,Home Loan,4338235,1363765
TX802140,2025-09-05,RE5026,B9243,Sneha Chopra,Bangalore,Farida Sheikh,Online Portal,2963000,5,148200,2814800,Home Loan,2024344,790456
TX802230,2025-09-05,RE5009,B9051,Shweta Jadhav,Pune,Rohit Ahluwalia,Online Portal,11535000,1,115400,11419600,Home Loan,8226691,3192909
TX800356,2025-09-06,RE5066,B9258,Swati Iyer,Hyderabad,Farida Sheikh,Online Portal,5628000,3,168800,5459200,Home Loan,3910573,1548627
TX800560,2025-09-06,RE5058,B9154,Vikram Pawar,Nashik,Nandita Rao,Broker Referral,13282000,4,531300,12750700,Full Payment,0,12750700
TX802593,2025-09-06,RE5117,B9253,Navya Patil,Nashik,Poonam Chandra,Property Expo,5691000,0,0,5691000,Home Loan,3781298,1909702
TX800846,2025-09-07,RE5105,B9055,Aadhya Verma,Nashik,Manish Tiwari,Walk-in,15306000,0,0,15306000,Home Loan,11144816,4161184
TX800657,2025-09-08,RE5055,B9142,Rahul Kumar,Pune,Rohit Ahluwalia,Broker Referral,4339000,6,260300,4078700,Full Payment,0,4078700
TX800847,2025-09-08,RE5090,B9245,Myra Kumar,Bangalore,Sameer Khanna,Broker Referral,10862000,0,0,10862000,Home Loan,8930311,1931689
TX801075,2025-09-08,RE5076,B9105,Pallavi Kumar,Pune,Farida Sheikh,Online Portal,12143000,4,485700,11657300,Home Loan,8607133,3050167
TX801322,2025-09-08,RE5031,B9129,Myra Shah,Ahmedabad,Arvind Rathi,Online Portal,5915000,5,295800,5619200,Builder Finance Plan,3327560,2291640
TX802187,2025-09-08,RE5128,B9140,Vikram Pillai,Nashik,Manish Tiwari,Online Portal,6347000,0,0,6347000,Builder Finance Plan,2843854,3503146
TX801425,2025-09-09,RE5057,B9188,Nikhil Pillai,Delhi NCR,Poonam Chandra,Online Portal,12463000,0,0,12463000,Full Payment,0,12463000
TX801471,2025-09-09,RE5023,B9156,Pallavi Kumar,Nagpur,Devendra Solanki,Property Expo,6237000,0,0,6237000,Home Loan,4526489,1710511
TX802191,2025-09-09,RE5024,B9118,Suresh Chopra,Mumbai,Poonam Chandra,Walk-in,9685000,0,0,9685000,Home Loan,7123690,2561310
TX802290,2025-09-09,RE5072,B9105,Pallavi Kumar,Pune,Latika Bose,Online Portal,8658000,8,692600,7965400,Home Loan,5195511,2769889
TX800282,2025-09-10,RE5134,B9067,Aditya More,Mumbai,Sneha Kapoor,Walk-in,11093000,0,0,11093000,Full Payment,0,11093000
TX800497,2025-09-10,RE5039,B9176,Ananya Bansal,Hyderabad,Rohit Ahluwalia,Broker Referral,92163000,3,2764900,89398100,Home Loan,64640242,24757858
TX800952,2025-09-10,RE5085,B9030,Aditya Kulkarni,Nagpur,Devendra Solanki,Walk-in,5697000,4,227900,5469100,Home Loan,3929531,1539569
TX802048,2025-09-10,RE5115,B9031,Karthik Deshmukh,Delhi NCR,Ritu Saxena,Online Portal,9810000,5,490500,9319500,Home Loan,7069187,2250313
TX802168,2025-09-10,RE5086,B9122,Tanvi Kumar,Pune,Imran Sheikh,Online Portal,7023000,5,351200,6671800,Home Loan,5115525,1556275
TX800315,2025-09-11,RE5098,B9205,Ritika Shinde,Hyderabad,Poonam Chandra,Walk-in,7099000,0,0,7099000,Home Loan,5397945,1701055
TX801363,2025-09-11,RE5074,B9025,Karthik Mehta,Pune,Manish Tiwari,Online Portal,13595000,2,271900,13323100,Home Loan,10705294,2617806
TX800810,2025-09-12,RE5008,B9027,Ravi Gaikwad,Delhi NCR,Poonam Chandra,Online Portal,4351000,0,0,4351000,Home Loan,3388261,962739
TX802310,2025-09-12,RE5130,B9109,Shweta Jadhav,Hyderabad,Latika Bose,Online Portal,36077000,6,2164600,33912400,Home Loan,26508553,7403847
TX800487,2025-09-13,RE5103,B9178,Rajiv Naik,Hyderabad,Manish Tiwari,Broker Referral,6658000,0,0,6658000,Home Loan,4732070,1925930
TX800676,2025-09-13,RE5026,B9250,Kavita Iyer,Nashik,Devendra Solanki,Online Portal,2963000,3,88900,2874100,Home Loan,1896085,978015
TX800983,2025-09-13,RE5095,B9188,Nikhil Pillai,Delhi NCR,Nandita Rao,Online Portal,11454000,0,0,11454000,Home Loan,8523116,2930884
TX801233,2025-09-13,RE5100,B9192,Vaishnavi Deshmukh,Nashik,Poonam Chandra,Walk-in,2996000,5,149800,2846200,Home Loan,1960674,885526
TX801268,2025-09-13,RE5120,B9132,Swati Kulkarni,Hyderabad,Farida Sheikh,Broker Referral,5862000,0,0,5862000,Full Payment,0,5862000
TX801738,2025-09-13,RE5122,B9195,Yash Sharma,Chennai,Ritu Saxena,Walk-in,12299000,1,123000,12176000,Home Loan,9444006,2731994
TX800670,2025-09-14,RE5024,B9129,Myra Shah,Ahmedabad,Sneha Kapoor,Broker Referral,9685000,0,0,9685000,Full Payment,0,9685000
TX800885,2025-09-14,RE5074,B9114,Ishita More,Bangalore,Nandita Rao,Broker Referral,13595000,3,407800,13187200,Full Payment,0,13187200
TX800887,2025-09-14,RE5085,B9028,Sneha Patil,Ahmedabad,Latika Bose,Broker Referral,5697000,1,57000,5640000,Home Loan,4062900,1577100
TX800923,2025-09-14,RE5081,B9203,Nikhil Nair,Hyderabad,Arvind Rathi,Online Portal,16171000,0,0,16171000,Home Loan,12404577,3766423
TX801395,2025-09-14,RE5042,B9187,Divya Iyer,Nashik,Arvind Rathi,Walk-in,4080000,5,204000,3876000,Home Loan,2711653,1164347
TX801900,2025-09-14,RE5011,B9229,Bhavna Jadhav,Nashik,Sameer Khanna,Broker Referral,12893000,0,0,12893000,Home Loan,8787778,4105222
TX802294,2025-09-14,RE5100,B9219,Shweta Gupta,Mumbai,Poonam Chandra,Online Portal,2996000,2,59900,2936100,Home Loan,2083892,852208
TX802380,2025-09-14,RE5016,B9145,Aditya Kulkarni,Nashik,Rohit Ahluwalia,Walk-in,16170000,8,1293600,14876400,Home Loan,12012180,2864220
TX802491,2025-09-14,RE5140,B9108,Sanjay Shah,Nagpur,Imran Sheikh,Online Portal,8481000,0,0,8481000,Home Loan,7094657,1386343
TX800119,2025-09-15,RE5009,B9208,Vihaan More,Chennai,Nandita Rao,Broker Referral,11535000,3,346000,11189000,Home Loan,8565642,2623358
TX800325,2025-09-15,RE5028,B9078,Nikita Gupta,Hyderabad,Poonam Chandra,Broker Referral,11529000,6,691700,10837300,Builder Finance Plan,6032445,4804855
TX800934,2025-09-15,RE5133,B9004,Nitin Bansal,Delhi NCR,Rohit Ahluwalia,Property Expo,46392000,0,0,46392000,Builder Finance Plan,21817095,24574905
TX800524,2025-09-16,RE5032,B9036,Anil Nair,Ahmedabad,Nandita Rao,Online Portal,6845000,0,0,6845000,Builder Finance Plan,3784973,3060027
TX800674,2025-09-16,RE5064,B9071,Ravi Shah,Bangalore,Sameer Khanna,Broker Referral,6493000,1,64900,6428100,Home Loan,4729337,1698763
TX800731,2025-09-16,RE5030,B9163,Diya Verma,Chennai,Poonam Chandra,Online Portal,5599000,6,335900,5263100,Full Payment,0,5263100
TX800933,2025-09-16,RE5125,B9259,Yash Menon,Nashik,Sneha Kapoor,Online Portal,5517000,0,0,5517000,Home Loan,4641384,875616
TX800021,2025-09-17,RE5098,B9180,Ritu More,Hyderabad,Latika Bose,Broker Referral,7099000,4,284000,6815000,Home Loan,4976168,1838832
TX801541,2025-09-17,RE5112,B9195,Yash Sharma,Chennai,Farida Sheikh,Walk-in,11440000,0,0,11440000,Home Loan,8122476,3317524
TX802227,2025-09-17,RE5036,B9234,Suresh Malhotra,Nashik,Imran Sheikh,Walk-in,4110000,0,0,4110000,Full Payment,0,4110000
TX800345,2025-09-18,RE5082,B9186,Ashok Rao,Delhi NCR,Latika Bose,Online Portal,4953000,0,0,4953000,Full Payment,0,4953000
TX800711,2025-09-18,RE5037,B9223,Swati Reddy,Hyderabad,Poonam Chandra,Online Portal,5785000,1,57800,5727200,Home Loan,3728133,1999067
TX801062,2025-09-18,RE5139,B9016,Vihaan Kapoor,Nashik,Imran Sheikh,Property Expo,10653000,2,213100,10439900,Home Loan,8863819,1576081
TX801716,2025-09-18,RE5094,B9001,Vijay Reddy,Chennai,Latika Bose,Broker Referral,8924000,0,0,8924000,Home Loan,5875500,3048500
TX801812,2025-09-18,RE5094,B9109,Shweta Jadhav,Hyderabad,Devendra Solanki,Online Portal,8924000,6,535400,8388600,Home Loan,6286927,2101673
TX800192,2025-09-19,RE5012,B9258,Swati Iyer,Hyderabad,Rohit Ahluwalia,Walk-in,3863000,2,77300,3785700,Home Loan,2668019,1117681
TX800930,2025-09-19,RE5008,B9177,Sneha Deshmukh,Pune,Devendra Solanki,Broker Referral,4351000,3,130500,4220500,Home Loan,3327496,893004
TX801490,2025-09-19,RE5114,B9172,Sandeep Pillai,Mumbai,Rohit Ahluwalia,Online Portal,7105000,2,142100,6962900,Home Loan,5123393,1839507
TX802263,2025-09-19,RE5002,B9085,Mahesh Jadhav,Mumbai,Latika Bose,Online Portal,4714000,5,235700,4478300,Home Loan,2959833,1518467
TX801473,2025-09-20,RE5129,B9077,Ravi Menon,Mumbai,Imran Sheikh,Broker Referral,27963000,5,1398200,26564800,Home Loan,20812433,5752367
TX800085,2025-09-21,RE5005,B9049,Aarav Verma,Hyderabad,Farida Sheikh,Property Expo,18501000,8,1480100,17020900,Home Loan,13770981,3249919
TX801196,2025-09-21,RE5026,B9138,Aditya Shinde,Nashik,Sneha Kapoor,Broker Referral,2963000,3,88900,2874100,Home Loan,2308943,565157
TX801378,2025-09-21,RE5001,B9197,Amit Kale,Bangalore,Rohit Ahluwalia,Online Portal,5254000,0,0,5254000,Home Loan,4407829,846171
TX802037,2025-09-21,RE5134,B9215,Aadhya Nair,Bangalore,Latika Bose,Broker Referral,11093000,0,0,11093000,Full Payment,0,11093000
TX802118,2025-09-21,RE5062,B9215,Aadhya Nair,Bangalore,Arvind Rathi,Property Expo,4684000,0,0,4684000,Home Loan,3375889,1308111
TX802423,2025-09-21,RE5119,B9007,Ananya Kumar,Mumbai,Rohit Ahluwalia,Online Portal,33566000,0,0,33566000,Home Loan,26868188,6697812
TX800420,2025-09-22,RE5103,B9105,Pallavi Kumar,Pune,Manish Tiwari,Broker Referral,6658000,4,266300,6391700,Home Loan,4570053,1821647
TX802364,2025-09-22,RE5059,B9149,Nitin Singh,Bangalore,Ritu Saxena,Property Expo,10108000,5,505400,9602600,Full Payment,0,9602600
TX802532,2025-09-22,RE5015,B9075,Komal Deshmukh,Pune,Farida Sheikh,Broker Referral,23075000,3,692200,22382800,Full Payment,0,22382800
TX800389,2025-09-23,RE5051,B9141,Aishwarya Gupta,Bangalore,Arvind Rathi,Broker Referral,18820000,1,188200,18631800,Home Loan,15778299,2853501
TX802414,2025-09-23,RE5072,B9184,Ritu Shinde,Nagpur,Poonam Chandra,Broker Referral,8658000,0,0,8658000,Home Loan,6923605,1734395
TX802577,2025-09-23,RE5012,B9192,Vaishnavi Deshmukh,Nashik,Poonam Chandra,Online Portal,3863000,2,77300,3785700,Full Payment,0,3785700
TX800515,2025-09-24,RE5136,B9245,Myra Kumar,Bangalore,Latika Bose,Online Portal,18919000,4,756800,18162200,Home Loan,14453879,3708321
TX800799,2025-09-24,RE5072,B9161,Nikita Joshi,Delhi NCR,Latika Bose,Broker Referral,8658000,5,432900,8225100,Full Payment,0,8225100
TX801028,2025-09-24,RE5082,B9007,Ananya Kumar,Mumbai,Ritu Saxena,Broker Referral,4953000,0,0,4953000,Full Payment,0,4953000
TX800100,2025-09-25,RE5037,B9005,Aishwarya Deshmukh,Hyderabad,Devendra Solanki,Broker Referral,5785000,0,0,5785000,Home Loan,4487894,1297106
TX800267,2025-09-25,RE5026,B9034,Meena Jadhav,Hyderabad,Ritu Saxena,Broker Referral,2963000,0,0,2963000,Home Loan,1934841,1028159
TX800848,2025-09-25,RE5076,B9221,Sandeep Nair,Bangalore,Rohit Ahluwalia,Broker Referral,12143000,3,364300,11778700,Home Loan,8817350,2961350
TX801284,2025-09-25,RE5024,B9035,Ishita Agarwal,Delhi NCR,Devendra Solanki,Walk-in,9685000,0,0,9685000,Builder Finance Plan,5443593,4241407
TX801565,2025-09-25,RE5095,B9153,Vihaan Verma,Ahmedabad,Poonam Chandra,Online Portal,11454000,6,687200,10766800,Home Loan,8923517,1843283
TX801999,2025-09-25,RE5020,B9090,Aarav Verma,Pune,Latika Bose,Online Portal,26898000,3,806900,26091100,Home Loan,18506227,7584873
TX800219,2025-09-26,RE5080,B9044,Siddharth Singh,Mumbai,Devendra Solanki,Broker Referral,2660000,0,0,2660000,Home Loan,1757854,902146
TX800434,2025-09-26,RE5037,B9105,Pallavi Kumar,Pune,Manish Tiwari,Walk-in,5785000,0,0,5785000,Home Loan,4058003,1726997
TX800712,2025-09-26,RE5018,B9040,Navya Pawar,Ahmedabad,Farida Sheikh,Walk-in,14837000,6,890200,13946800,Full Payment,0,13946800
TX801247,2025-09-26,RE5032,B9104,Nidhi Pillai,Delhi NCR,Rohit Ahluwalia,Walk-in,6845000,4,273800,6571200,Full Payment,0,6571200
TX802541,2025-09-27,RE5115,B9180,Ritu More,Hyderabad,Poonam Chandra,Walk-in,9810000,0,0,9810000,Home Loan,7114121,2695879
TX800068,2025-09-28,RE5023,B9154,Vikram Pawar,Nashik,Poonam Chandra,Walk-in,6237000,6,374200,5862800,Full Payment,0,5862800
TX800477,2025-09-28,RE5091,B9072,Priya Jadhav,Nagpur,Manish Tiwari,Walk-in,3687000,6,221200,3465800,Builder Finance Plan,1403657,2062143
TX800994,2025-09-28,RE5058,B9156,Pallavi Kumar,Nagpur,Imran Sheikh,Broker Referral,13282000,6,796900,12485100,Home Loan,10566836,1918264
TX802071,2025-09-28,RE5068,B9180,Ritu More,Hyderabad,Farida Sheikh,Online Portal,12581000,1,125800,12455200,Home Loan,9706950,2748250
TX800968,2025-10-01,RE5116,B9033,Amit Kapoor,Ahmedabad,Farida Sheikh,Walk-in,11141000,4,445600,10695400,Full Payment,0,10695400
TX802559,2025-10-01,RE5035,B9237,Divya More,Delhi NCR,Rohit Ahluwalia,Walk-in,4560000,0,0,4560000,Builder Finance Plan,2065771,2494229
TX800260,2025-10-02,RE5140,B9132,Swati Kulkarni,Hyderabad,Imran Sheikh,Walk-in,8481000,0,0,8481000,Home Loan,6652681,1828319
TX800482,2025-10-02,RE5037,B9198,Anika Kapoor,Mumbai,Poonam Chandra,Online Portal,5785000,0,0,5785000,Home Loan,3999741,1785259
TX800932,2025-10-02,RE5021,B9048,Deepak Reddy,Mumbai,Ritu Saxena,Walk-in,9561000,0,0,9561000,Home Loan,6301957,3259043
TX801243,2025-10-02,RE5103,B9093,Mahesh Kumar,Bangalore,Rohit Ahluwalia,Broker Referral,6658000,8,532600,6125400,Home Loan,4824075,1301325
TX801306,2025-10-02,RE5114,B9072,Priya Jadhav,Nagpur,Sameer Khanna,Walk-in,7105000,0,0,7105000,Home Loan,5625734,1479266
TX801756,2025-10-02,RE5046,B9081,Mahesh Singh,Hyderabad,Sameer Khanna,Online Portal,41465000,0,0,41465000,Home Loan,33805338,7659662
TX802014,2025-10-02,RE5140,B9087,Prakash Kapoor,Nashik,Latika Bose,Online Portal,8481000,3,254400,8226600,Full Payment,0,8226600
TX802149,2025-10-03,RE5139,B9014,Manoj Iyer,Bangalore,Arvind Rathi,Online Portal,10653000,3,319600,10333400,Home Loan,8293564,2039836
TX800367,2025-10-04,RE5035,B9080,Priya Sharma,Chennai,Imran Sheikh,Online Portal,4560000,0,0,4560000,Home Loan,3165549,1394451
TX800819,2025-10-04,RE5032,B9146,Swati Singh,Hyderabad,Sneha Kapoor,Online Portal,6845000,0,0,6845000,Full Payment,0,6845000
TX800925,2025-10-04,RE5072,B9150,Anika More,Pune,Poonam Chandra,Walk-in,8658000,5,432900,8225100,Builder Finance Plan,4262808,3962292
TX801648,2025-10-04,RE5117,B9147,Anika Shinde,Chennai,Farida Sheikh,Broker Referral,5691000,0,0,5691000,Full Payment,0,5691000
TX802023,2025-10-04,RE5040,B9135,Vikram Singh,Delhi NCR,Manish Tiwari,Walk-in,7062000,0,0,7062000,Full Payment,0,7062000
TX800331,2025-10-05,RE5041,B9043,Saanvi Rao,Chennai,Latika Bose,Broker Referral,6416000,1,64200,6351800,Home Loan,5281156,1070644
TX800614,2025-10-05,RE5093,B9121,Aishwarya Jadhav,Hyderabad,Poonam Chandra,Online Portal,5216000,5,260800,4955200,Home Loan,4112873,842327
TX800891,2025-10-05,RE5060,B9225,Manoj More,Pune,Sneha Kapoor,Online Portal,4058000,0,0,4058000,Home Loan,3220174,837826
TX801025,2025-10-05,RE5031,B9226,Kavita Kale,Delhi NCR,Farida Sheikh,Online Portal,5915000,6,354900,5560100,Home Loan,4443008,1117092
TX802225,2025-10-05,RE5098,B9054,Karthik Menon,Mumbai,Poonam Chandra,Broker Referral,7099000,0,0,7099000,Home Loan,4980432,2118568
TX802249,2025-10-05,RE5036,B9079,Pallavi Patil,Bangalore,Imran Sheikh,Online Portal,4110000,0,0,4110000,Home Loan,3293744,816256
TX800533,2025-10-06,RE5111,B9136,Deepak Jadhav,Ahmedabad,Rohit Ahluwalia,Online Portal,58958000,3,1768700,57189300,Home Loan,38420687,18768613
TX800967,2025-10-06,RE5026,B9122,Tanvi Kumar,Pune,Sameer Khanna,Walk-in,2963000,0,0,2963000,Home Loan,2215069,747931
TX801039,2025-10-06,RE5127,B9017,Komal Deshmukh,Nashik,Rohit Ahluwalia,Walk-in,7365000,5,368200,6996800,Builder Finance Plan,2854663,4142137
TX801948,2025-10-06,RE5019,B9165,Komal Sharma,Pune,Ritu Saxena,Walk-in,15490000,5,774500,14715500,Builder Finance Plan,7635445,7080055
TX802272,2025-10-06,RE5016,B9176,Ananya Bansal,Hyderabad,Sameer Khanna,Online Portal,16170000,3,485100,15684900,Builder Finance Plan,7325511,8359389
TX802598,2025-10-06,RE5137,B9230,Siddharth Pawar,Chennai,Devendra Solanki,Broker Referral,8263000,0,0,8263000,Home Loan,6977538,1285462
TX800618,2025-10-07,RE5072,B9065,Anjali Pillai,Pune,Rohit Ahluwalia,Online Portal,8658000,0,0,8658000,Full Payment,0,8658000
TX800691,2025-10-07,RE5068,B9186,Ashok Rao,Delhi NCR,Imran Sheikh,Property Expo,12581000,0,0,12581000,Home Loan,9550918,3030082
TX801021,2025-10-07,RE5029,B9058,Pallavi Verma,Nagpur,Nandita Rao,Property Expo,4467000,6,268000,4199000,Builder Finance Plan,2105953,2093047
TX800564,2025-10-08,RE5122,B9033,Amit Kapoor,Ahmedabad,Latika Bose,Property Expo,12299000,0,0,12299000,Home Loan,8912447,3386553
TX801033,2025-10-08,RE5035,B9132,Swati Kulkarni,Hyderabad,Poonam Chandra,Property Expo,4560000,0,0,4560000,Full Payment,0,4560000
TX800318,2025-10-09,RE5037,B9199,Rahul Bansal,Nashik,Ritu Saxena,Property Expo,5785000,8,462800,5322200,Home Loan,3845672,1476528
TX800569,2025-10-09,RE5041,B9175,Vikram Kapoor,Nagpur,Nandita Rao,Online Portal,6416000,5,320800,6095200,Home Loan,4960345,1134855
TX801120,2025-10-09,RE5092,B9065,Anjali Pillai,Pune,Devendra Solanki,Online Portal,20099000,0,0,20099000,Home Loan,14122913,5976087
TX801125,2025-10-09,RE5080,B9210,Ashok Kale,Ahmedabad,Nandita Rao,Online Portal,2660000,1,26600,2633400,Home Loan,2207981,425419
TX801524,2025-10-09,RE5135,B9259,Yash Menon,Nashik,Arvind Rathi,Walk-in,7660000,1,76600,7583400,Home Loan,5555330,2028070
TX802132,2025-10-09,RE5109,B9071,Ravi Shah,Bangalore,Imran Sheikh,Online Portal,13206000,3,396200,12809800,Full Payment,0,12809800
TX802139,2025-10-09,RE5095,B9244,Vivaan Iyer,Mumbai,Ritu Saxena,Online Portal,11454000,0,0,11454000,Home Loan,8320924,3133076
TX802244,2025-10-09,RE5102,B9114,Ishita More,Bangalore,Arvind Rathi,Broker Referral,7947000,0,0,7947000,Builder Finance Plan,3849295,4097705
TX800297,2025-10-10,RE5092,B9241,Mahesh Kapoor,Nashik,Poonam Chandra,Broker Referral,20099000,0,0,20099000,Home Loan,16740608,3358392
TX800833,2025-10-10,RE5100,B9044,Siddharth Singh,Mumbai,Sameer Khanna,Online Portal,2996000,2,59900,2936100,Home Loan,2479722,456378
TX802097,2025-10-10,RE5128,B9256,Nikhil Patil,Nagpur,Ritu Saxena,Online Portal,6347000,0,0,6347000,Home Loan,4519175,1827825
TX802502,2025-10-10,RE5048,B9199,Rahul Bansal,Nashik,Rohit Ahluwalia,Online Portal,10440000,0,0,10440000,Home Loan,8184540,2255460
TX800271,2025-10-11,RE5009,B9135,Vikram Singh,Delhi NCR,Manish Tiwari,Broker Referral,11535000,2,230700,11304300,Home Loan,9448067,1856233
TX800536,2025-10-11,RE5029,B9124,Prakash Kulkarni,Chennai,Latika Bose,Walk-in,4467000,8,357400,4109600,Builder Finance Plan,1854308,2255292
TX801032,2025-10-11,RE5070,B9205,Ritika Shinde,Hyderabad,Farida Sheikh,Broker Referral,15405000,5,770200,14634800,Builder Finance Plan,6539437,8095363
TX801278,2025-10-11,RE5097,B9180,Ritu More,Hyderabad,Farida Sheikh,Walk-in,16374000,6,982400,15391600,Home Loan,11217673,4173927
TX801397,2025-10-11,RE5068,B9130,Komal Nair,Ahmedabad,Sneha Kapoor,Broker Referral,12581000,0,0,12581000,Home Loan,9622919,2958081
TX801494,2025-10-11,RE5026,B9194,Manoj Agarwal,Hyderabad,Rohit Ahluwalia,Broker Referral,2963000,4,118500,2844500,Home Loan,2239267,605233
TX801755,2025-10-11,RE5074,B9233,Anjali Kumar,Pune,Arvind Rathi,Walk-in,13595000,1,136000,13459000,Home Loan,10404766,3054234
TX801885,2025-10-11,RE5108,B9055,Aadhya Verma,Nashik,Devendra Solanki,Walk-in,11538000,1,115400,11422600,Full Payment,0,11422600
TX802296,2025-10-11,RE5057,B9074,Vijay Kapoor,Hyderabad,Sameer Khanna,Online Portal,12463000,5,623200,11839800,Home Loan,9493243,2346557
TX802473,2025-10-11,RE5058,B9249,Anika Sharma,Nashik,Devendra Solanki,Walk-in,13282000,5,664100,12617900,Full Payment,0,12617900
TX800583,2025-10-12,RE5004,B9200,Nikhil Deshmukh,Ahmedabad,Devendra Solanki,Walk-in,4450000,0,0,4450000,Builder Finance Plan,2596959,1853041
TX800728,2025-10-12,RE5140,B9151,Amit Kulkarni,Bangalore,Latika Bose,Broker Referral,8481000,5,424000,8057000,Builder Finance Plan,3480006,4576994
TX801251,2025-10-12,RE5067,B9227,Amit Reddy,Nashik,Ritu Saxena,Property Expo,6066000,0,0,6066000,Home Loan,4975071,1090929
TX801433,2025-10-12,RE5105,B9096,Vikram Singh,Nashik,Farida Sheikh,Walk-in,15306000,0,0,15306000,Builder Finance Plan,8678743,6627257
TX801638,2025-10-12,RE5032,B9150,Anika More,Pune,Farida Sheikh,Broker Referral,6845000,0,0,6845000,Home Loan,4759982,2085018
TX802449,2025-10-12,RE5139,B9237,Divya More,Delhi NCR,Latika Bose,Broker Referral,10653000,6,639200,10013800,Full Payment,0,10013800
TX800782,2025-10-13,RE5103,B9176,Ananya Bansal,Hyderabad,Ritu Saxena,Broker Referral,6658000,6,399500,6258500,Builder Finance Plan,2965735,3292765
TX801086,2025-10-13,RE5064,B9259,Yash Menon,Nashik,Devendra Solanki,Broker Referral,6493000,0,0,6493000,Home Loan,5098493,1394507
TX801123,2025-10-13,RE5095,B9146,Swati Singh,Hyderabad,Farida Sheikh,Broker Referral,11454000,0,0,11454000,Home Loan,8094180,3359820
TX801369,2025-10-13,RE5091,B9103,Ishita Nair,Pune,Sneha Kapoor,Online Portal,3687000,6,221200,3465800,Home Loan,2706449,759351
TX801748,2025-10-13,RE5038,B9014,Manoj Iyer,Bangalore,Ritu Saxena,Broker Referral,57033000,0,0,57033000,Builder Finance Plan,27888535,29144465
TX800869,2025-10-14,RE5062,B9138,Aditya Shinde,Nashik,Devendra Solanki,Walk-in,4684000,1,46800,4637200,Home Loan,3177407,1459793
TX801198,2025-10-14,RE5036,B9055,Aadhya Verma,Nashik,Arvind Rathi,Online Portal,4110000,5,205500,3904500,Home Loan,3122638,781862
TX801480,2025-10-14,RE5038,B9066,Neha Singh,Ahmedabad,Imran Sheikh,Online Portal,57033000,0,0,57033000,Full Payment,0,57033000
TX801519,2025-10-14,RE5112,B9196,Anjali More,Chennai,Ritu Saxena,Broker Referral,11440000,0,0,11440000,Home Loan,8829948,2610052
TX801740,2025-10-14,RE5072,B9084,Nitin Gaikwad,Bangalore,Rohit Ahluwalia,Broker Referral,8658000,0,0,8658000,Builder Finance Plan,4480602,4177398
TX801974,2025-10-14,RE5065,B9220,Vaishnavi Kumar,Nashik,Manish Tiwari,Property Expo,29199000,0,0,29199000,Home Loan,19476082,9722918
TX800081,2025-10-15,RE5086,B9201,Vihaan Pillai,Hyderabad,Latika Bose,Broker Referral,7023000,8,561800,6461200,Builder Finance Plan,3252564,3208636
TX800249,2025-10-15,RE5034,B9009,Aishwarya Pillai,Chennai,Ritu Saxena,Walk-in,6639000,1,66400,6572600,Home Loan,5554444,1018156
TX800644,2025-10-15,RE5021,B9033,Amit Kapoor,Ahmedabad,Devendra Solanki,Online Portal,9561000,0,0,9561000,Home Loan,7316015,2244985
TX802431,2025-10-15,RE5103,B9223,Swati Reddy,Hyderabad,Imran Sheikh,Property Expo,6658000,0,0,6658000,Full Payment,0,6658000
TX802515,2025-10-15,RE5031,B9212,Ashok Sharma,Ahmedabad,Poonam Chandra,Broker Referral,5915000,0,0,5915000,Home Loan,3988487,1926513
TX801410,2025-10-16,RE5032,B9260,Rajesh Shah,Bangalore,Rohit Ahluwalia,Walk-in,6845000,1,68400,6776600,Full Payment,0,6776600
TX801811,2025-10-16,RE5090,B9133,Aadhya Kulkarni,Mumbai,Manish Tiwari,Property Expo,10862000,0,0,10862000,Home Loan,9162367,1699633
TX802017,2025-10-16,RE5062,B9007,Ananya Kumar,Mumbai,Arvind Rathi,Property Expo,4684000,0,0,4684000,Home Loan,3448389,1235611
TX802051,2025-10-16,RE5138,B9019,Sunita Kumar,Pune,Nandita Rao,Property Expo,8071000,1,80700,7990300,Builder Finance Plan,4459766,3530534
TX800102,2025-10-17,RE5024,B9091,Vaishnavi Pillai,Mumbai,Nandita Rao,Broker Referral,9685000,8,774800,8910200,Full Payment,0,8910200
TX800717,2025-10-17,RE5021,B9094,Pallavi More,Nashik,Imran Sheikh,Online Portal,9561000,0,0,9561000,Full Payment,0,9561000
TX800878,2025-10-17,RE5063,B9229,Bhavna Jadhav,Nashik,Arvind Rathi,Broker Referral,9206000,0,0,9206000,Home Loan,6611945,2594055
TX801444,2025-10-17,RE5094,B9171,Swati Singh,Nashik,Devendra Solanki,Property Expo,8924000,0,0,8924000,Builder Finance Plan,4610567,4313433
TX802079,2025-10-17,RE5100,B9010,Saanvi Kapoor,Hyderabad,Sneha Kapoor,Walk-in,2996000,2,59900,2936100,Home Loan,2487952,448148
TX800537,2025-10-18,RE5021,B9204,Vikram Agarwal,Chennai,Imran Sheikh,Property Expo,9561000,1,95600,9465400,Full Payment,0,9465400
TX800548,2025-10-18,RE5102,B9207,Manoj Bhosale,Bangalore,Imran Sheikh,Online Portal,7947000,0,0,7947000,Home Loan,5384842,2562158
TX800558,2025-10-18,RE5013,B9212,Ashok Sharma,Ahmedabad,Sneha Kapoor,Property Expo,14405000,6,864300,13540700,Full Payment,0,13540700
TX800774,2025-10-18,RE5127,B9184,Ritu Shinde,Nagpur,Ritu Saxena,Online Portal,7365000,4,294600,7070400,Full Payment,0,7070400
TX801324,2025-10-18,RE5117,B9212,Ashok Sharma,Ahmedabad,Manish Tiwari,Broker Referral,5691000,0,0,5691000,Home Loan,4090523,1600477
TX801651,2025-10-18,RE5021,B9011,Kavita Gupta,Nashik,Sneha Kapoor,Online Portal,9561000,0,0,9561000,Full Payment,0,9561000
TX801908,2025-10-18,RE5048,B9014,Manoj Iyer,Bangalore,Sameer Khanna,Online Portal,10440000,0,0,10440000,Full Payment,0,10440000
TX801956,2025-10-18,RE5012,B9157,Ritu Patil,Mumbai,Sameer Khanna,Online Portal,3863000,0,0,3863000,Home Loan,3102901,760099
TX801990,2025-10-18,RE5009,B9223,Swati Reddy,Hyderabad,Imran Sheikh,Broker Referral,11535000,2,230700,11304300,Full Payment,0,11304300
TX802314,2025-10-18,RE5105,B9178,Rajiv Naik,Hyderabad,Sameer Khanna,Broker Referral,15306000,4,612200,14693800,Full Payment,0,14693800
TX800450,2025-10-19,RE5014,B9212,Ashok Sharma,Ahmedabad,Farida Sheikh,Broker Referral,4926000,3,147800,4778200,Home Loan,3575510,1202690
TX800552,2025-10-19,RE5024,B9081,Mahesh Singh,Hyderabad,Devendra Solanki,Online Portal,9685000,4,387400,9297600,Full Payment,0,9297600
TX800713,2025-10-19,RE5131,B9039,Deepak Rao,Ahmedabad,Nandita Rao,Online Portal,34174000,8,2733900,31440100,Home Loan,21239033,10201067
TX801151,2025-10-19,RE5102,B9191,Prakash Bansal,Ahmedabad,Manish Tiwari,Online Portal,7947000,0,0,7947000,Builder Finance Plan,4570839,3376161
TX801568,2025-10-19,RE5090,B9239,Anjali Jadhav,Pune,Rohit Ahluwalia,Broker Referral,10862000,2,217200,10644800,Home Loan,7407911,3236889
TX801989,2025-10-19,RE5095,B9063,Diya Agarwal,Pune,Nandita Rao,Broker Referral,11454000,3,343600,11110400,Home Loan,9398766,1711634
TX802150,2025-10-19,RE5024,B9156,Pallavi Kumar,Nagpur,Nandita Rao,Broker Referral,9685000,1,96800,9588200,Full Payment,0,9588200
TX800508,2025-10-20,RE5140,B9043,Saanvi Rao,Chennai,Devendra Solanki,Broker Referral,8481000,5,424000,8057000,Builder Finance Plan,3929460,4127540
TX800988,2025-10-20,RE5074,B9108,Sanjay Shah,Nagpur,Latika Bose,Broker Referral,13595000,6,815700,12779300,Home Loan,8535515,4243785
TX801386,2025-10-20,RE5031,B9173,Priya Rao,Delhi NCR,Sameer Khanna,Walk-in,5915000,0,0,5915000,Home Loan,4487942,1427058
TX801941,2025-10-20,RE5123,B9089,Bhavna Verma,Pune,Arvind Rathi,Online Portal,4902000,3,147100,4754900,Home Loan,3552048,1202852
TX802457,2025-10-20,RE5124,B9104,Nidhi Pillai,Delhi NCR,Devendra Solanki,Online Portal,70065000,8,5605200,64459800,Home Loan,52008469,12451331
TX800607,2025-10-21,RE5121,B9084,Nitin Gaikwad,Bangalore,Imran Sheikh,Online Portal,21312000,0,0,21312000,Home Loan,15127868,6184132
TX800668,2025-10-21,RE5033,B9234,Suresh Malhotra,Nashik,Ritu Saxena,Broker Referral,11449000,0,0,11449000,Home Loan,8119159,3329841
TX800821,2025-10-21,RE5041,B9202,Meena Kapoor,Chennai,Latika Bose,Online Portal,6416000,0,0,6416000,Home Loan,4676426,1739574
TX801118,2025-10-21,RE5047,B9180,Ritu More,Hyderabad,Imran Sheikh,Broker Referral,3321000,8,265700,3055300,Full Payment,0,3055300
TX801548,2025-10-21,RE5134,B9206,Karan Shah,Chennai,Ritu Saxena,Property Expo,11093000,0,0,11093000,Home Loan,8521361,2571639
TX801998,2025-10-21,RE5123,B9256,Nikhil Patil,Nagpur,Ritu Saxena,Online Portal,4902000,0,0,4902000,Home Loan,3540603,1361397
TX802034,2025-10-21,RE5127,B9228,Rohan Sharma,Nagpur,Farida Sheikh,Online Portal,7365000,0,0,7365000,Home Loan,5128399,2236601
TX802193,2025-10-21,RE5014,B9219,Shweta Gupta,Mumbai,Nandita Rao,Broker Referral,4926000,0,0,4926000,Home Loan,3548435,1377565
TX800176,2025-10-22,RE5054,B9052,Aishwarya Malhotra,Ahmedabad,Devendra Solanki,Online Portal,11868000,8,949400,10918600,Builder Finance Plan,5822470,5096130
TX800251,2025-10-22,RE5070,B9192,Vaishnavi Deshmukh,Nashik,Devendra Solanki,Online Portal,15405000,0,0,15405000,Full Payment,0,15405000
TX800408,2025-10-22,RE5027,B9150,Anika More,Pune,Imran Sheikh,Property Expo,4750000,4,190000,4560000,Home Loan,3578093,981907
TX800739,2025-10-22,RE5068,B9132,Swati Kulkarni,Hyderabad,Manish Tiwari,Walk-in,12581000,3,377400,12203600,Home Loan,9494529,2709071
TX800855,2025-10-22,RE5106,B9077,Ravi Menon,Mumbai,Arvind Rathi,Property Expo,8581000,0,0,8581000,Home Loan,7247183,1333817
TX801441,2025-10-22,RE5053,B9169,Rahul Jadhav,Pune,Devendra Solanki,Walk-in,5798000,0,0,5798000,Home Loan,4863668,934332
TX801729,2025-10-22,RE5014,B9147,Anika Shinde,Chennai,Latika Bose,Property Expo,4926000,8,394100,4531900,Home Loan,3522930,1008970
TX801744,2025-10-22,RE5027,B9103,Ishita Nair,Pune,Latika Bose,Online Portal,4750000,1,47500,4702500,Full Payment,0,4702500
TX801783,2025-10-22,RE5029,B9140,Vikram Pillai,Nashik,Rohit Ahluwalia,Broker Referral,4467000,0,0,4467000,Full Payment,0,4467000
TX802067,2025-10-22,RE5112,B9149,Nitin Singh,Bangalore,Sneha Kapoor,Walk-in,11440000,0,0,11440000,Full Payment,0,11440000
TX802130,2025-10-22,RE5027,B9194,Manoj Agarwal,Hyderabad,Latika Bose,Online Portal,4750000,1,47500,4702500,Home Loan,3715120,987380
TX802450,2025-10-22,RE5022,B9054,Karthik Menon,Mumbai,Nandita Rao,Broker Referral,3810000,0,0,3810000,Home Loan,2506438,1303562
TX800045,2025-10-23,RE5042,B9059,Nitin Patil,Pune,Arvind Rathi,Broker Referral,4080000,0,0,4080000,Home Loan,3148560,931440
TX800726,2025-10-23,RE5125,B9077,Ravi Menon,Mumbai,Farida Sheikh,Walk-in,5517000,0,0,5517000,Home Loan,4148122,1368878
TX800854,2025-10-23,RE5062,B9238,Nitin Naik,Nagpur,Sameer Khanna,Online Portal,4684000,0,0,4684000,Home Loan,3609827,1074173
TX801337,2025-10-23,RE5104,B9070,Ashok Gupta,Pune,Manish Tiwari,Online Portal,38169000,2,763400,37405600,Builder Finance Plan,21308614,16096986
TX801364,2025-10-23,RE5045,B9219,Shweta Gupta,Mumbai,Manish Tiwari,Online Portal,94090000,5,4704500,89385500,Full Payment,0,89385500
TX801843,2025-10-23,RE5046,B9101,Priya Shah,Nashik,Devendra Solanki,Walk-in,41465000,0,0,41465000,Home Loan,31271482,10193518
TX801931,2025-10-23,RE5036,B9194,Manoj Agarwal,Hyderabad,Nandita Rao,Property Expo,4110000,6,246600,3863400,Full Payment,0,3863400
TX802215,2025-10-23,RE5123,B9147,Anika Shinde,Chennai,Manish Tiwari,Broker Referral,4902000,0,0,4902000,Home Loan,3410594,1491406
TX800071,2025-10-24,RE5034,B9235,Kavita Gupta,Mumbai,Farida Sheikh,Walk-in,6639000,5,332000,6307000,Home Loan,5173678,1133322
TX800231,2025-10-24,RE5089,B9225,Manoj More,Pune,Ritu Saxena,Online Portal,13626000,4,545000,13081000,Home Loan,9175351,3905649
TX800386,2025-10-24,RE5058,B9082,Ashok Gaikwad,Bangalore,Sneha Kapoor,Walk-in,13282000,1,132800,13149200,Home Loan,10838056,2311144
TX801043,2025-10-24,RE5110,B9048,Deepak Reddy,Mumbai,Farida Sheikh,Online Portal,11297000,5,564800,10732200,Builder Finance Plan,5740207,4991993
TX801183,2025-10-24,RE5072,B9172,Sandeep Pillai,Mumbai,Poonam Chandra,Property Expo,8658000,0,0,8658000,Home Loan,5993985,2664015
TX801354,2025-10-24,RE5062,B9177,Sneha Deshmukh,Pune,Nandita Rao,Walk-in,4684000,0,0,4684000,Full Payment,0,4684000
TX801460,2025-10-24,RE5135,B9049,Aarav Verma,Hyderabad,Rohit Ahluwalia,Walk-in,7660000,0,0,7660000,Home Loan,6187463,1472537
TX801559,2025-10-24,RE5009,B9035,Ishita Agarwal,Delhi NCR,Farida Sheikh,Broker Referral,11535000,3,346000,11189000,Builder Finance Plan,4961245,6227755
TX801773,2025-10-24,RE5026,B9010,Saanvi Kapoor,Hyderabad,Imran Sheikh,Walk-in,2963000,1,29600,2933400,Home Loan,2326410,606990
TX802116,2025-10-24,RE5030,B9034,Meena Jadhav,Hyderabad,Devendra Solanki,Walk-in,5599000,5,280000,5319000,Home Loan,3844730,1474270
TX802151,2025-10-24,RE5047,B9212,Ashok Sharma,Ahmedabad,Sneha Kapoor,Online Portal,3321000,6,199300,3121700,Home Loan,2398086,723614
TX802288,2025-10-24,RE5108,B9006,Komal Shah,Ahmedabad,Poonam Chandra,Online Portal,11538000,0,0,11538000,Home Loan,7608149,3929851
TX802434,2025-10-24,RE5040,B9230,Siddharth Pawar,Chennai,Rohit Ahluwalia,Broker Referral,7062000,0,0,7062000,Home Loan,4625706,2436294
TX800040,2025-10-25,RE5074,B9047,Sunita Singh,Pune,Devendra Solanki,Online Portal,13595000,6,815700,12779300,Full Payment,0,12779300
TX800956,2025-10-25,RE5082,B9046,Mahesh Chopra,Nagpur,Sneha Kapoor,Online Portal,4953000,2,99100,4853900,Home Loan,3320457,1533443
TX801660,2025-10-25,RE5008,B9251,Karan Mehta,Mumbai,Arvind Rathi,Online Portal,4351000,2,87000,4264000,Home Loan,2825359,1438641
TX801810,2025-10-25,RE5067,B9071,Ravi Shah,Bangalore,Ritu Saxena,Broker Referral,6066000,0,0,6066000,Builder Finance Plan,3329076,2736924
TX802218,2025-10-25,RE5001,B9111,Naveen Sharma,Delhi NCR,Manish Tiwari,Walk-in,5254000,4,210200,5043800,Home Loan,3559111,1484689
TX802518,2025-10-25,RE5042,B9137,Nikita Deshmukh,Hyderabad,Poonam Chandra,Walk-in,4080000,0,0,4080000,Home Loan,2826464,1253536
TX800803,2025-10-26,RE5072,B9237,Divya More,Delhi NCR,Devendra Solanki,Property Expo,8658000,4,346300,8311700,Full Payment,0,8311700
TX801231,2025-10-26,RE5066,B9014,Manoj Iyer,Bangalore,Ritu Saxena,Property Expo,5628000,3,168800,5459200,Home Loan,3979078,1480122
TX801502,2025-10-26,RE5083,B9075,Komal Deshmukh,Pune,Manish Tiwari,Property Expo,20903000,0,0,20903000,Full Payment,0,20903000
TX800190,2025-10-27,RE5112,B9207,Manoj Bhosale,Bangalore,Sameer Khanna,Walk-in,11440000,4,457600,10982400,Home Loan,7878407,3103993
TX800919,2025-10-27,RE5022,B9016,Vihaan Kapoor,Nashik,Manish Tiwari,Online Portal,3810000,6,228600,3581400,Home Loan,2395157,1186243
TX801172,2025-10-27,RE5048,B9110,Sneha Bansal,Chennai,Manish Tiwari,Broker Referral,10440000,2,208800,10231200,Builder Finance Plan,4489505,5741695
TX801360,2025-10-27,RE5080,B9178,Rajiv Naik,Hyderabad,Rohit Ahluwalia,Walk-in,2660000,0,0,2660000,Home Loan,1989542,670458
TX801402,2025-10-27,RE5127,B9101,Priya Shah,Nashik,Poonam Chandra,Walk-in,7365000,6,441900,6923100,Full Payment,0,6923100
TX801976,2025-10-27,RE5014,B9258,Swati Iyer,Hyderabad,Devendra Solanki,Broker Referral,4926000,0,0,4926000,Builder Finance Plan,2171813,2754187
TX801427,2025-10-28,RE5014,B9224,Aarav Gupta,Ahmedabad,Nandita Rao,Broker Referral,4926000,0,0,4926000,Home Loan,3340325,1585675
TX801671,2025-10-28,RE5054,B9023,Vikram Agarwal,Nagpur,Arvind Rathi,Broker Referral,11868000,2,237400,11630600,Home Loan,9102414,2528186
TX800019,2025-11-01,RE5036,B9167,Prakash Gaikwad,Nashik,Farida Sheikh,Property Expo,4110000,3,123300,3986700,Home Loan,2987901,998799
TX800316,2025-11-01,RE5042,B9060,Vikram Pawar,Bangalore,Manish Tiwari,Broker Referral,4080000,0,0,4080000,Full Payment,0,4080000
TX801426,2025-11-01,RE5054,B9226,Kavita Kale,Delhi NCR,Arvind Rathi,Online Portal,11868000,5,593400,11274600,Full Payment,0,11274600
TX801614,2025-11-01,RE5138,B9159,Vijay Gupta,Ahmedabad,Sneha Kapoor,Broker Referral,8071000,8,645700,7425300,Full Payment,0,7425300
TX802592,2025-11-01,RE5125,B9227,Amit Reddy,Nashik,Farida Sheikh,Online Portal,5517000,1,55200,5461800,Home Loan,3667048,1794752
TX800200,2025-11-02,RE5085,B9210,Ashok Kale,Ahmedabad,Farida Sheikh,Property Expo,5697000,0,0,5697000,Builder Finance Plan,2654147,3042853
TX800413,2025-11-02,RE5037,B9052,Aishwarya Malhotra,Ahmedabad,Rohit Ahluwalia,Online Portal,5785000,2,115700,5669300,Home Loan,3971545,1697755
TX800582,2025-11-02,RE5001,B9128,Sneha Mehta,Mumbai,Poonam Chandra,Property Expo,5254000,3,157600,5096400,Home Loan,4033566,1062834
TX800991,2025-11-02,RE5092,B9074,Vijay Kapoor,Hyderabad,Devendra Solanki,Property Expo,20099000,0,0,20099000,Builder Finance Plan,9418500,10680500
TX801285,2025-11-02,RE5057,B9042,Aishwarya Patil,Delhi NCR,Imran Sheikh,Broker Referral,12463000,0,0,12463000,Home Loan,9334144,3128856
TX801621,2025-11-02,RE5053,B9221,Sandeep Nair,Bangalore,Latika Bose,Broker Referral,5798000,8,463800,5334200,Home Loan,4044042,1290158
TX801849,2025-11-02,RE5022,B9048,Deepak Reddy,Mumbai,Ritu Saxena,Property Expo,3810000,0,0,3810000,Home Loan,3231571,578429
TX802346,2025-11-02,RE5023,B9236,Suresh Naik,Hyderabad,Poonam Chandra,Broker Referral,6237000,0,0,6237000,Home Loan,4601447,1635553
TX802438,2025-11-02,RE5088,B9112,Anika Nair,Nagpur,Nandita Rao,Online Portal,16482000,0,0,16482000,Full Payment,0,16482000
TX800236,2025-11-03,RE5096,B9172,Sandeep Pillai,Mumbai,Arvind Rathi,Broker Referral,8684000,0,0,8684000,Home Loan,6789581,1894419
TX800586,2025-11-03,RE5062,B9058,Pallavi Verma,Nagpur,Nandita Rao,Online Portal,4684000,0,0,4684000,Home Loan,3057127,1626873
TX802565,2025-11-03,RE5058,B9044,Siddharth Singh,Mumbai,Manish Tiwari,Walk-in,13282000,0,0,13282000,Full Payment,0,13282000
TX800430,2025-11-04,RE5016,B9210,Ashok Kale,Ahmedabad,Arvind Rathi,Broker Referral,16170000,5,808500,15361500,Full Payment,0,15361500
TX800964,2025-11-04,RE5071,B9260,Rajesh Shah,Bangalore,Imran Sheikh,Online Portal,3409000,0,0,3409000,Full Payment,0,3409000
TX802578,2025-11-04,RE5072,B9078,Nikita Gupta,Hyderabad,Ritu Saxena,Walk-in,8658000,8,692600,7965400,Full Payment,0,7965400
TX800207,2025-11-05,RE5013,B9173,Priya Rao,Delhi NCR,Poonam Chandra,Broker Referral,14405000,0,0,14405000,Home Loan,10087066,4317934
TX800595,2025-11-05,RE5093,B9001,Vijay Reddy,Chennai,Nandita Rao,Broker Referral,5216000,2,104300,5111700,Full Payment,0,5111700
TX800962,2025-11-05,RE5093,B9154,Vikram Pawar,Nashik,Arvind Rathi,Walk-in,5216000,1,52200,5163800,Home Loan,4290925,872875
TX801332,2025-11-05,RE5032,B9249,Anika Sharma,Nashik,Devendra Solanki,Online Portal,6845000,2,136900,6708100,Home Loan,5332019,1376081
TX802133,2025-11-05,RE5026,B9159,Vijay Gupta,Ahmedabad,Arvind Rathi,Walk-in,2963000,6,177800,2785200,Home Loan,1990315,794885
TX800410,2025-11-06,RE5024,B9052,Aishwarya Malhotra,Ahmedabad,Manish Tiwari,Broker Referral,9685000,5,484200,9200800,Home Loan,7168878,2031922
TX800724,2025-11-06,RE5031,B9198,Anika Kapoor,Mumbai,Imran Sheikh,Broker Referral,5915000,5,295800,5619200,Full Payment,0,5619200
TX801099,2025-11-06,RE5080,B9026,Vivaan Kumar,Pune,Arvind Rathi,Online Portal,2660000,8,212800,2447200,Builder Finance Plan,1365776,1081424
TX800108,2025-11-07,RE5086,B9232,Aditya Joshi,Delhi NCR,Farida Sheikh,Online Portal,7023000,0,0,7023000,Full Payment,0,7023000
TX800464,2025-11-07,RE5073,B9074,Vijay Kapoor,Hyderabad,Latika Bose,Property Expo,2689000,0,0,2689000,Home Loan,1913079,775921
TX800504,2025-11-07,RE5140,B9177,Sneha Deshmukh,Pune,Rohit Ahluwalia,Walk-in,8481000,5,424000,8057000,Builder Finance Plan,3411936,4645064
TX801405,2025-11-07,RE5071,B9248,Vivaan Patil,Hyderabad,Latika Bose,Online Portal,3409000,3,102300,3306700,Home Loan,2273126,1033574
TX801769,2025-11-07,RE5026,B9094,Pallavi More,Nashik,Devendra Solanki,Property Expo,2963000,5,148200,2814800,Home Loan,1898151,916649
TX802121,2025-11-07,RE5094,B9049,Aarav Verma,Hyderabad,Rohit Ahluwalia,Online Portal,8924000,0,0,8924000,Home Loan,5885005,3038995
TX802442,2025-11-07,RE5081,B9248,Vivaan Patil,Hyderabad,Rohit Ahluwalia,Walk-in,16171000,0,0,16171000,Full Payment,0,16171000
TX800168,2025-11-08,RE5021,B9035,Ishita Agarwal,Delhi NCR,Arvind Rathi,Broker Referral,9561000,4,382400,9178600,Home Loan,7577043,1601557
TX800241,2025-11-08,RE5001,B9026,Vivaan Kumar,Pune,Sneha Kapoor,Broker Referral,5254000,4,210200,5043800,Home Loan,3395328,1648472
TX800402,2025-11-08,RE5032,B9144,Shweta Sharma,Mumbai,Arvind Rathi,Online Portal,6845000,3,205400,6639600,Home Loan,4613294,2026306
TX800954,2025-11-08,RE5055,B9247,Anika Chopra,Pune,Latika Bose,Property Expo,4339000,0,0,4339000,Home Loan,3249389,1089611
TX801403,2025-11-08,RE5105,B9163,Diya Verma,Chennai,Farida Sheikh,Online Portal,15306000,5,765300,14540700,Home Loan,11199818,3340882
TX801303,2025-11-09,RE5132,B9005,Aishwarya Deshmukh,Hyderabad,Arvind Rathi,Online Portal,5980000,8,478400,5501600,Home Loan,4347239,1154361
TX801833,2025-11-09,RE5015,B9204,Vikram Agarwal,Chennai,Arvind Rathi,Online Portal,23075000,6,1384500,21690500,Full Payment,0,21690500
TX801841,2025-11-09,RE5035,B9252,Prakash Joshi,Pune,Arvind Rathi,Broker Referral,4560000,0,0,4560000,Home Loan,2982343,1577657
TX800792,2025-11-10,RE5093,B9068,Nitin Kale,Nagpur,Latika Bose,Online Portal,5216000,2,104300,5111700,Home Loan,4343010,768690
TX801229,2025-11-10,RE5099,B9095,Shweta Verma,Delhi NCR,Poonam Chandra,Property Expo,17476000,0,0,17476000,Home Loan,13866437,3609563
TX801626,2025-11-10,RE5140,B9155,Neha Pawar,Mumbai,Sneha Kapoor,Broker Referral,8481000,5,424000,8057000,Home Loan,6545833,1511167
TX801868,2025-11-10,RE5085,B9237,Divya More,Delhi NCR,Latika Bose,Property Expo,5697000,6,341800,5355200,Home Loan,3874163,1481037
TX802113,2025-11-10,RE5002,B9221,Sandeep Nair,Bangalore,Arvind Rathi,Online Portal,4714000,0,0,4714000,Home Loan,3737094,976906
TX800270,2025-11-11,RE5047,B9150,Anika More,Pune,Sameer Khanna,Online Portal,3321000,1,33200,3287800,Home Loan,2311689,976111
TX800570,2025-11-11,RE5004,B9030,Aditya Kulkarni,Nagpur,Manish Tiwari,Online Portal,4450000,4,178000,4272000,Full Payment,0,4272000
TX800643,2025-11-11,RE5116,B9045,Aishwarya Verma,Nagpur,Arvind Rathi,Broker Referral,11141000,0,0,11141000,Home Loan,8534698,2606302
TX800715,2025-11-11,RE5128,B9066,Neha Singh,Ahmedabad,Poonam Chandra,Broker Referral,6347000,0,0,6347000,Home Loan,4191852,2155148
TX800729,2025-11-11,RE5140,B9193,Pallavi Deshmukh,Chennai,Devendra Solanki,Broker Referral,8481000,0,0,8481000,Home Loan,6531050,1949950
TX800990,2025-11-11,RE5098,B9081,Mahesh Singh,Hyderabad,Devendra Solanki,Online Portal,7099000,0,0,7099000,Home Loan,5647791,1451209
TX801019,2025-11-11,RE5013,B9045,Aishwarya Verma,Nagpur,Nandita Rao,Walk-in,14405000,4,576200,13828800,Home Loan,10774705,3054095
TX802454,2025-11-11,RE5070,B9203,Nikhil Nair,Hyderabad,Rohit Ahluwalia,Walk-in,15405000,8,1232400,14172600,Home Loan,9258287,4914313
TX801763,2025-11-12,RE5121,B9021,Rajiv Naik,Nashik,Sneha Kapoor,Walk-in,21312000,0,0,21312000,Home Loan,16040687,5271313
TX801984,2025-11-12,RE5109,B9153,Vihaan Verma,Ahmedabad,Devendra Solanki,Walk-in,13206000,0,0,13206000,Full Payment,0,13206000
TX801138,2025-11-13,RE5064,B9011,Kavita Gupta,Nashik,Sameer Khanna,Broker Referral,6493000,0,0,6493000,Full Payment,0,6493000
TX801742,2025-11-13,RE5121,B9229,Bhavna Jadhav,Nashik,Poonam Chandra,Broker Referral,21312000,0,0,21312000,Home Loan,16473348,4838652
TX800378,2025-11-14,RE5036,B9170,Saanvi Menon,Chennai,Rohit Ahluwalia,Broker Referral,4110000,2,82200,4027800,Full Payment,0,4027800
TX800470,2025-11-14,RE5022,B9127,Sunita Gupta,Ahmedabad,Latika Bose,Online Portal,3810000,0,0,3810000,Home Loan,2778924,1031076
TX800478,2025-11-14,RE5117,B9255,Sandeep Nair,Mumbai,Poonam Chandra,Online Portal,5691000,0,0,5691000,Home Loan,4167070,1523930
TX800616,2025-11-14,RE5080,B9060,Vikram Pawar,Bangalore,Farida Sheikh,Walk-in,2660000,6,159600,2500400,Full Payment,0,2500400
TX800664,2025-11-14,RE5031,B9075,Komal Deshmukh,Pune,Devendra Solanki,Property Expo,5915000,4,236600,5678400,Builder Finance Plan,2427530,3250870
TX800998,2025-11-14,RE5067,B9222,Aadhya Deshmukh,Hyderabad,Poonam Chandra,Online Portal,6066000,0,0,6066000,Home Loan,4849579,1216421
TX801027,2025-11-14,RE5007,B9114,Ishita More,Bangalore,Ritu Saxena,Walk-in,40078000,8,3206200,36871800,Builder Finance Plan,21072633,15799167
TX801178,2025-11-14,RE5097,B9259,Yash Menon,Nashik,Nandita Rao,Broker Referral,16374000,6,982400,15391600,Home Loan,12897942,2493658
TX801776,2025-11-14,RE5013,B9058,Pallavi Verma,Nagpur,Manish Tiwari,Walk-in,14405000,4,576200,13828800,Home Loan,10866149,2962651
TX802479,2025-11-14,RE5065,B9028,Sneha Patil,Ahmedabad,Sameer Khanna,Property Expo,29199000,1,292000,28907000,Full Payment,0,28907000
TX800278,2025-11-15,RE5035,B9078,Nikita Gupta,Hyderabad,Manish Tiwari,Broker Referral,4560000,3,136800,4423200,Home Loan,3323414,1099786
TX800568,2025-11-15,RE5023,B9040,Navya Pawar,Ahmedabad,Nandita Rao,Broker Referral,6237000,2,124700,6112300,Builder Finance Plan,3577398,2534902
TX801018,2025-11-15,RE5029,B9075,Komal Deshmukh,Pune,Farida Sheikh,Walk-in,4467000,1,44700,4422300,Home Loan,3598514,823786
TX801479,2025-11-15,RE5137,B9018,Ritika Kapoor,Bangalore,Manish Tiwari,Walk-in,8263000,0,0,8263000,Home Loan,5880409,2382591
TX801820,2025-11-15,RE5116,B9072,Priya Jadhav,Nagpur,Rohit Ahluwalia,Walk-in,11141000,0,0,11141000,Home Loan,9286649,1854351
TX802070,2025-11-15,RE5083,B9075,Komal Deshmukh,Pune,Imran Sheikh,Broker Referral,20903000,5,1045200,19857800,Builder Finance Plan,10639230,9218570
TX800417,2025-11-16,RE5098,B9224,Aarav Gupta,Ahmedabad,Ritu Saxena,Broker Referral,7099000,8,567900,6531100,Home Loan,5409462,1121638
TX800689,2025-11-16,RE5125,B9094,Pallavi More,Nashik,Poonam Chandra,Broker Referral,5517000,4,220700,5296300,Home Loan,3798031,1498269
TX800840,2025-11-16,RE5067,B9028,Sneha Patil,Ahmedabad,Arvind Rathi,Walk-in,6066000,0,0,6066000,Builder Finance Plan,3498420,2567580
TX800941,2025-11-16,RE5032,B9252,Prakash Joshi,Pune,Latika Bose,Online Portal,6845000,5,342200,6502800,Home Loan,5211314,1291486
TX801194,2025-11-16,RE5029,B9081,Mahesh Singh,Hyderabad,Sameer Khanna,Broker Referral,4467000,3,134000,4333000,Full Payment,0,4333000
TX801309,2025-11-16,RE5100,B9107,Swati Agarwal,Hyderabad,Sameer Khanna,Walk-in,2996000,2,59900,2936100,Home Loan,1955905,980195
TX801594,2025-11-16,RE5034,B9153,Vihaan Verma,Ahmedabad,Poonam Chandra,Online Portal,6639000,0,0,6639000,Builder Finance Plan,3007387,3631613
TX802157,2025-11-16,RE5071,B9115,Sneha Bhosale,Bangalore,Sameer Khanna,Broker Referral,3409000,3,102300,3306700,Home Loan,2293944,1012756
TX802298,2025-11-16,RE5072,B9024,Ravi Gupta,Bangalore,Farida Sheikh,Broker Referral,8658000,6,519500,8138500,Home Loan,6712882,1425618
TX800554,2025-11-17,RE5091,B9231,Ritika Joshi,Delhi NCR,Manish Tiwari,Walk-in,3687000,6,221200,3465800,Home Loan,2874712,591088
TX800578,2025-11-17,RE5036,B9229,Bhavna Jadhav,Nashik,Nandita Rao,Walk-in,4110000,0,0,4110000,Home Loan,3207598,902402
TX800946,2025-11-17,RE5080,B9206,Karan Shah,Chennai,Rohit Ahluwalia,Walk-in,2660000,0,0,2660000,Home Loan,1779895,880105
TX801643,2025-11-17,RE5083,B9062,Prakash Nair,Chennai,Sneha Kapoor,Property Expo,20903000,1,209000,20694000,Home Loan,16928676,3765324
TX801894,2025-11-17,RE5035,B9206,Karan Shah,Chennai,Nandita Rao,Broker Referral,4560000,1,45600,4514400,Home Loan,3425120,1089280
TX802534,2025-11-17,RE5096,B9049,Aarav Verma,Hyderabad,Devendra Solanki,Online Portal,8684000,2,173700,8510300,Builder Finance Plan,4268708,4241592
TX800051,2025-11-18,RE5071,B9097,Priya Menon,Bangalore,Rohit Ahluwalia,Online Portal,3409000,5,170400,3238600,Home Loan,2610868,627732
TX800308,2025-11-18,RE5001,B9227,Amit Reddy,Nashik,Sneha Kapoor,Broker Referral,5254000,0,0,5254000,Home Loan,3898437,1355563
TX800369,2025-11-18,RE5138,B9227,Amit Reddy,Nashik,Imran Sheikh,Online Portal,8071000,5,403600,7667400,Home Loan,6099329,1568071
TX800630,2025-11-18,RE5031,B9058,Pallavi Verma,Nagpur,Sneha Kapoor,Online Portal,5915000,0,0,5915000,Full Payment,0,5915000
TX800972,2025-11-18,RE5043,B9218,Prakash Joshi,Hyderabad,Nandita Rao,Broker Referral,2576000,0,0,2576000,Full Payment,0,2576000
TX801077,2025-11-18,RE5070,B9103,Ishita Nair,Pune,Ritu Saxena,Online Portal,15405000,3,462200,14942800,Home Loan,10749075,4193725
TX801235,2025-11-18,RE5065,B9225,Manoj More,Pune,Imran Sheikh,Online Portal,29199000,0,0,29199000,Home Loan,19257298,9941702
TX801633,2025-11-18,RE5028,B9049,Aarav Verma,Hyderabad,Manish Tiwari,Broker Referral,11529000,0,0,11529000,Home Loan,8804884,2724116
TX801929,2025-11-18,RE5112,B9013,Meena Patil,Chennai,Latika Bose,Property Expo,11440000,2,228800,11211200,Home Loan,7927791,3283409
TX802004,2025-11-18,RE5008,B9191,Prakash Bansal,Ahmedabad,Latika Bose,Online Portal,4351000,5,217600,4133400,Full Payment,0,4133400
TX802278,2025-11-18,RE5036,B9226,Kavita Kale,Delhi NCR,Ritu Saxena,Broker Referral,4110000,0,0,4110000,Home Loan,3385682,724318
TX802305,2025-11-18,RE5023,B9205,Ritika Shinde,Hyderabad,Rohit Ahluwalia,Walk-in,6237000,6,374200,5862800,Home Loan,4009677,1853123
TX802503,2025-11-18,RE5022,B9196,Anjali More,Chennai,Manish Tiwari,Broker Referral,3810000,5,190500,3619500,Home Loan,2648015,971485
TX800075,2025-11-19,RE5023,B9219,Shweta Gupta,Mumbai,Sneha Kapoor,Walk-in,6237000,6,374200,5862800,Builder Finance Plan,2542116,3320684
TX800805,2025-11-19,RE5086,B9100,Karthik Kale,Nagpur,Poonam Chandra,Online Portal,7023000,0,0,7023000,Builder Finance Plan,3202864,3820136
TX801051,2025-11-19,RE5028,B9071,Ravi Shah,Bangalore,Devendra Solanki,Broker Referral,11529000,0,0,11529000,Home Loan,8148115,3380885
TX801445,2025-11-19,RE5047,B9036,Anil Nair,Ahmedabad,Latika Bose,Broker Referral,3321000,0,0,3321000,Home Loan,2694237,626763
TX801720,2025-11-19,RE5066,B9048,Deepak Reddy,Mumbai,Farida Sheikh,Walk-in,5628000,3,168800,5459200,Home Loan,3602835,1856365
TX801913,2025-11-19,RE5110,B9002,Shweta Patil,Bangalore,Imran Sheikh,Online Portal,11297000,0,0,11297000,Home Loan,8682018,2614982
TX801939,2025-11-19,RE5004,B9239,Anjali Jadhav,Pune,Ritu Saxena,Online Portal,4450000,0,0,4450000,Full Payment,0,4450000
TX802174,2025-11-19,RE5055,B9170,Saanvi Menon,Chennai,Poonam Chandra,Broker Referral,4339000,0,0,4339000,Builder Finance Plan,2336113,2002887
TX801226,2025-11-20,RE5023,B9102,Navya Kale,Delhi NCR,Manish Tiwari,Online Portal,6237000,8,499000,5738000,Home Loan,3769361,1968639
TX801311,2025-11-20,RE5030,B9020,Ananya More,Delhi NCR,Ritu Saxena,Property Expo,5599000,4,224000,5375000,Full Payment,0,5375000
TX801698,2025-11-20,RE5031,B9168,Vihaan Patil,Bangalore,Sameer Khanna,Online Portal,5915000,0,0,5915000,Home Loan,5021311,893689
TX801834,2025-11-20,RE5012,B9246,Ananya Patil,Chennai,Ritu Saxena,Property Expo,3863000,4,154500,3708500,Home Loan,3084788,623712
TX802200,2025-11-20,RE5024,B9037,Vihaan More,Chennai,Devendra Solanki,Walk-in,9685000,0,0,9685000,Full Payment,0,9685000
TX802220,2025-11-20,RE5082,B9131,Rahul Kapoor,Ahmedabad,Farida Sheikh,Online Portal,4953000,0,0,4953000,Full Payment,0,4953000
TX800215,2025-11-21,RE5001,B9201,Vihaan Pillai,Hyderabad,Ritu Saxena,Online Portal,5254000,0,0,5254000,Full Payment,0,5254000
TX801197,2025-11-21,RE5037,B9065,Anjali Pillai,Pune,Devendra Solanki,Broker Referral,5785000,0,0,5785000,Full Payment,0,5785000
TX801319,2025-11-21,RE5128,B9139,Vikram Pawar,Mumbai,Manish Tiwari,Online Portal,6347000,3,190400,6156600,Full Payment,0,6156600
TX801670,2025-11-21,RE5029,B9120,Sneha Shah,Hyderabad,Imran Sheikh,Broker Referral,4467000,1,44700,4422300,Home Loan,3126223,1296077
TX801739,2025-11-21,RE5046,B9102,Navya Kale,Delhi NCR,Imran Sheikh,Property Expo,41465000,6,2487900,38977100,Home Loan,32468900,6508200
TX802186,2025-11-21,RE5080,B9192,Vaishnavi Deshmukh,Nashik,Devendra Solanki,Walk-in,2660000,5,133000,2527000,Home Loan,1747161,779839
TX802349,2025-11-21,RE5054,B9175,Vikram Kapoor,Nagpur,Rohit Ahluwalia,Broker Referral,11868000,6,712100,11155900,Full Payment,0,11155900
TX800170,2025-11-22,RE5014,B9117,Ravi Jadhav,Nashik,Imran Sheikh,Walk-in,4926000,0,0,4926000,Full Payment,0,4926000
TX801045,2025-11-22,RE5023,B9061,Aishwarya Reddy,Ahmedabad,Sneha Kapoor,Walk-in,6237000,0,0,6237000,Home Loan,4793597,1443403
TX801437,2025-11-22,RE5055,B9129,Myra Shah,Ahmedabad,Poonam Chandra,Broker Referral,4339000,8,347100,3991900,Full Payment,0,3991900
TX802548,2025-11-22,RE5117,B9027,Ravi Gaikwad,Delhi NCR,Devendra Solanki,Property Expo,5691000,6,341500,5349500,Home Loan,4135493,1214007
TX800738,2025-11-23,RE5030,B9193,Pallavi Deshmukh,Chennai,Arvind Rathi,Online Portal,5599000,0,0,5599000,Home Loan,4451901,1147099
TX801504,2025-11-23,RE5110,B9244,Vivaan Iyer,Mumbai,Rohit Ahluwalia,Online Portal,11297000,4,451900,10845100,Home Loan,8679308,2165792
TX802561,2025-11-23,RE5094,B9212,Ashok Sharma,Ahmedabad,Ritu Saxena,Online Portal,8924000,4,357000,8567000,Home Loan,6808538,1758462
TX800060,2025-11-24,RE5122,B9087,Prakash Kapoor,Nashik,Sneha Kapoor,Broker Referral,12299000,0,0,12299000,Home Loan,9586590,2712410
TX800336,2025-11-24,RE5024,B9152,Sanjay Gupta,Pune,Rohit Ahluwalia,Broker Referral,9685000,0,0,9685000,Home Loan,7528847,2156153
TX800400,2025-11-24,RE5064,B9144,Shweta Sharma,Mumbai,Devendra Solanki,Broker Referral,6493000,3,194800,6298200,Home Loan,5259081,1039119
TX800796,2025-11-24,RE5120,B9185,Shreya Sharma,Mumbai,Poonam Chandra,Online Portal,5862000,4,234500,5627500,Home Loan,4043270,1584230
TX801134,2025-11-24,RE5079,B9117,Ravi Jadhav,Nashik,Ritu Saxena,Walk-in,6084000,5,304200,5779800,Home Loan,4380716,1399084
TX801493,2025-11-24,RE5053,B9199,Rahul Bansal,Nashik,Devendra Solanki,Online Portal,5798000,0,0,5798000,Home Loan,4122360,1675640
TX801911,2025-11-24,RE5064,B9128,Sneha Mehta,Mumbai,Poonam Chandra,Online Portal,6493000,6,389600,6103400,Full Payment,0,6103400
TX800240,2025-11-25,RE5137,B9016,Vihaan Kapoor,Nashik,Farida Sheikh,Online Portal,8263000,3,247900,8015100,Home Loan,6641105,1373995
TX801883,2025-11-25,RE5064,B9133,Aadhya Kulkarni,Mumbai,Poonam Chandra,Broker Referral,6493000,5,324600,6168400,Full Payment,0,6168400
TX802040,2025-11-25,RE5093,B9041,Suresh Kulkarni,Nashik,Nandita Rao,Property Expo,5216000,6,313000,4903000,Home Loan,3829390,1073610
TX800117,2025-11-26,RE5057,B9078,Nikita Gupta,Hyderabad,Sameer Khanna,Property Expo,12463000,6,747800,11715200,Home Loan,9039049,2676151
TX800655,2025-11-26,RE5078,B9032,Karan Pawar,Delhi NCR,Latika Bose,Property Expo,14198000,0,0,14198000,Home Loan,11890762,2307238
TX801085,2025-11-26,RE5073,B9112,Anika Nair,Nagpur,Farida Sheikh,Walk-in,2689000,6,161300,2527700,Full Payment,0,2527700
TX801603,2025-11-26,RE5093,B9250,Kavita Iyer,Nashik,Latika Bose,Broker Referral,5216000,2,104300,5111700,Full Payment,0,5111700
TX802295,2025-11-26,RE5027,B9058,Pallavi Verma,Nagpur,Ritu Saxena,Broker Referral,4750000,5,237500,4512500,Full Payment,0,4512500
TX802367,2025-11-26,RE5105,B9010,Saanvi Kapoor,Hyderabad,Farida Sheikh,Online Portal,15306000,2,306100,14999900,Full Payment,0,14999900
TX802497,2025-11-26,RE5074,B9020,Ananya More,Delhi NCR,Ritu Saxena,Online Portal,13595000,0,0,13595000,Full Payment,0,13595000
TX802506,2025-11-26,RE5094,B9249,Anika Sharma,Nashik,Sneha Kapoor,Online Portal,8924000,0,0,8924000,Home Loan,7285942,1638058
TX800628,2025-11-27,RE5051,B9181,Arjun Shinde,Delhi NCR,Sneha Kapoor,Online Portal,18820000,2,376400,18443600,Home Loan,12424848,6018752
TX801599,2025-11-27,RE5026,B9099,Vikram Pillai,Bangalore,Imran Sheikh,Walk-in,2963000,2,59300,2903700,Home Loan,2063179,840521
TX802271,2025-11-27,RE5099,B9083,Ritu Verma,Delhi NCR,Devendra Solanki,Broker Referral,17476000,1,174800,17301200,Home Loan,14114786,3186414
TX800043,2025-11-28,RE5054,B9207,Manoj Bhosale,Bangalore,Latika Bose,Broker Referral,11868000,0,0,11868000,Builder Finance Plan,5165887,6702113
TX800645,2025-11-28,RE5051,B9077,Ravi Menon,Mumbai,Latika Bose,Online Portal,18820000,0,0,18820000,Builder Finance Plan,10419081,8400919
TX801784,2025-11-28,RE5028,B9036,Anil Nair,Ahmedabad,Rohit Ahluwalia,Property Expo,11529000,0,0,11529000,Full Payment,0,11529000
TX802390,2025-11-28,RE5068,B9012,Ganesh Bhosale,Mumbai,Devendra Solanki,Online Portal,12581000,0,0,12581000,Home Loan,9299080,3281920
TX802455,2025-11-28,RE5102,B9062,Prakash Nair,Chennai,Manish Tiwari,Online Portal,7947000,0,0,7947000,Home Loan,6334736,1612264
TX800211,2025-12-01,RE5081,B9237,Divya More,Delhi NCR,Latika Bose,Broker Referral,16171000,3,485100,15685900,Home Loan,10522158,5163742
TX800397,2025-12-01,RE5122,B9036,Anil Nair,Ahmedabad,Manish Tiwari,Walk-in,12299000,2,246000,12053000,Home Loan,9835718,2217282
TX800588,2025-12-01,RE5100,B9085,Mahesh Jadhav,Mumbai,Devendra Solanki,Property Expo,2996000,8,239700,2756300,Home Loan,1887640,868660
TX800599,2025-12-01,RE5023,B9063,Diya Agarwal,Pune,Devendra Solanki,Broker Referral,6237000,5,311800,5925200,Home Loan,4076239,1848961
TX800672,2025-12-01,RE5056,B9160,Deepak Joshi,Nashik,Poonam Chandra,Online Portal,12967000,2,259300,12707700,Home Loan,10506263,2201437
TX800161,2025-12-02,RE5011,B9126,Aishwarya Shah,Nashik,Sneha Kapoor,Walk-in,12893000,8,1031400,11861600,Full Payment,0,11861600
TX801113,2025-12-02,RE5033,B9239,Anjali Jadhav,Pune,Arvind Rathi,Walk-in,11449000,0,0,11449000,Home Loan,8993549,2455451
TX801821,2025-12-02,RE5134,B9232,Aditya Joshi,Delhi NCR,Imran Sheikh,Walk-in,11093000,6,665600,10427400,Full Payment,0,10427400
TX801958,2025-12-02,RE5079,B9077,Ravi Menon,Mumbai,Latika Bose,Online Portal,6084000,0,0,6084000,Home Loan,4408112,1675888
TX801150,2025-12-03,RE5120,B9098,Yash Kale,Mumbai,Latika Bose,Broker Referral,5862000,0,0,5862000,Home Loan,4689266,1172734
TX801350,2025-12-03,RE5040,B9047,Sunita Singh,Pune,Ritu Saxena,Online Portal,7062000,0,0,7062000,Full Payment,0,7062000
TX801514,2025-12-03,RE5055,B9248,Vivaan Patil,Hyderabad,Poonam Chandra,Broker Referral,4339000,8,347100,3991900,Home Loan,2912701,1079199
TX801706,2025-12-03,RE5072,B9166,Anika Kale,Ahmedabad,Nandita Rao,Broker Referral,8658000,0,0,8658000,Home Loan,6847038,1810962
TX802086,2025-12-03,RE5068,B9229,Bhavna Jadhav,Nashik,Sneha Kapoor,Broker Referral,12581000,5,629000,11952000,Home Loan,8054821,3897179
TX800671,2025-12-04,RE5107,B9047,Sunita Singh,Pune,Poonam Chandra,Walk-in,52523000,0,0,52523000,Home Loan,42270484,10252516
TX801797,2025-12-04,RE5101,B9106,Shreya Deshmukh,Chennai,Ritu Saxena,Walk-in,12091000,1,120900,11970100,Home Loan,9598953,2371147
TX800721,2025-12-05,RE5110,B9080,Priya Sharma,Chennai,Sneha Kapoor,Broker Referral,11297000,1,113000,11184000,Builder Finance Plan,6463723,4720277
TX801497,2025-12-05,RE5091,B9199,Rahul Bansal,Nashik,Ritu Saxena,Broker Referral,3687000,0,0,3687000,Full Payment,0,3687000
TX801564,2025-12-05,RE5082,B9245,Myra Kumar,Bangalore,Devendra Solanki,Online Portal,4953000,6,297200,4655800,Home Loan,3781039,874761
TX801798,2025-12-05,RE5074,B9032,Karan Pawar,Delhi NCR,Devendra Solanki,Walk-in,13595000,6,815700,12779300,Home Loan,8907553,3871747
TX802041,2025-12-05,RE5104,B9010,Saanvi Kapoor,Hyderabad,Imran Sheikh,Property Expo,38169000,6,2290100,35878900,Home Loan,27564534,8314366
TX802100,2025-12-05,RE5139,B9113,Ananya Singh,Pune,Latika Bose,Online Portal,10653000,3,319600,10333400,Full Payment,0,10333400
TX802109,2025-12-05,RE5099,B9219,Shweta Gupta,Mumbai,Nandita Rao,Broker Referral,17476000,1,174800,17301200,Full Payment,0,17301200
TX802508,2025-12-05,RE5036,B9188,Nikhil Pillai,Delhi NCR,Manish Tiwari,Online Portal,4110000,0,0,4110000,Home Loan,2932057,1177943
TX801566,2025-12-06,RE5072,B9178,Rajiv Naik,Hyderabad,Rohit Ahluwalia,Online Portal,8658000,2,173200,8484800,Builder Finance Plan,4088957,4395843
TX802178,2025-12-06,RE5099,B9213,Ishita Joshi,Delhi NCR,Latika Bose,Broker Referral,17476000,0,0,17476000,Builder Finance Plan,7120407,10355593
TX800769,2025-12-07,RE5012,B9242,Pooja Sharma,Ahmedabad,Rohit Ahluwalia,Broker Referral,3863000,0,0,3863000,Builder Finance Plan,1779403,2083597
TX801935,2025-12-07,RE5035,B9209,Yash Pillai,Pune,Devendra Solanki,Property Expo,4560000,2,91200,4468800,Full Payment,0,4468800
TX800590,2025-12-08,RE5060,B9106,Shreya Deshmukh,Chennai,Nandita Rao,Online Portal,4058000,8,324600,3733400,Home Loan,2716272,1017128
TX800906,2025-12-08,RE5081,B9053,Nidhi Shah,Bangalore,Nandita Rao,Property Expo,16171000,0,0,16171000,Home Loan,12634346,3536654
TX801623,2025-12-08,RE5134,B9045,Aishwarya Verma,Nagpur,Nandita Rao,Online Portal,11093000,5,554600,10538400,Home Loan,8626891,1911509
TX801920,2025-12-08,RE5112,B9114,Ishita More,Bangalore,Devendra Solanki,Online Portal,11440000,0,0,11440000,Builder Finance Plan,5560885,5879115
TX800007,2025-12-09,RE5021,B9031,Karthik Deshmukh,Delhi NCR,Ritu Saxena,Online Portal,9561000,5,478000,9083000,Home Loan,6173546,2909454
TX800276,2025-12-09,RE5029,B9095,Shweta Verma,Delhi NCR,Farida Sheikh,Walk-in,4467000,1,44700,4422300,Home Loan,3556700,865600
TX800663,2025-12-09,RE5128,B9226,Kavita Kale,Delhi NCR,Devendra Solanki,Property Expo,6347000,0,0,6347000,Full Payment,0,6347000
TX801223,2025-12-09,RE5126,B9021,Rajiv Naik,Nashik,Imran Sheikh,Walk-in,20113000,6,1206800,18906200,Full Payment,0,18906200
TX801466,2025-12-09,RE5103,B9258,Swati Iyer,Hyderabad,Rohit Ahluwalia,Online Portal,6658000,6,399500,6258500,Home Loan,5192102,1066398
TX802188,2025-12-09,RE5011,B9191,Prakash Bansal,Ahmedabad,Sneha Kapoor,Walk-in,12893000,3,386800,12506200,Home Loan,9497535,3008665
TX800422,2025-12-10,RE5021,B9047,Sunita Singh,Pune,Nandita Rao,Broker Referral,9561000,6,573700,8987300,Builder Finance Plan,4861781,4125519
TX800479,2025-12-10,RE5115,B9048,Deepak Reddy,Mumbai,Sneha Kapoor,Walk-in,9810000,4,392400,9417600,Home Loan,7368323,2049277
TX802092,2025-12-10,RE5053,B9109,Shweta Jadhav,Hyderabad,Arvind Rathi,Online Portal,5798000,3,173900,5624100,Full Payment,0,5624100
TX802311,2025-12-10,RE5056,B9105,Pallavi Kumar,Pune,Sneha Kapoor,Online Portal,12967000,0,0,12967000,Home Loan,10689373,2277627
TX800368,2025-12-11,RE5126,B9182,Vaishnavi Gaikwad,Bangalore,Sneha Kapoor,Broker Referral,20113000,0,0,20113000,Full Payment,0,20113000
TX800747,2025-12-11,RE5074,B9060,Vikram Pawar,Bangalore,Imran Sheikh,Broker Referral,13595000,8,1087600,12507400,Home Loan,8679057,3828343
TX800831,2025-12-11,RE5128,B9076,Anil Sharma,Pune,Ritu Saxena,Walk-in,6347000,0,0,6347000,Home Loan,4775168,1571832
TX801254,2025-12-11,RE5050,B9163,Diya Verma,Chennai,Sneha Kapoor,Online Portal,17781000,1,177800,17603200,Home Loan,14033161,3570039
TX801399,2025-12-11,RE5116,B9109,Shweta Jadhav,Hyderabad,Sameer Khanna,Broker Referral,11141000,0,0,11141000,Home Loan,8554937,2586063
TX801435,2025-12-11,RE5118,B9096,Vikram Singh,Nashik,Sameer Khanna,Broker Referral,45282000,3,1358500,43923500,Full Payment,0,43923500
TX801627,2025-12-11,RE5097,B9228,Rohan Sharma,Nagpur,Imran Sheikh,Broker Referral,16374000,6,982400,15391600,Home Loan,10118882,5272718
TX801934,2025-12-11,RE5082,B9214,Anil Verma,Nagpur,Sneha Kapoor,Online Portal,4953000,0,0,4953000,Home Loan,3866411,1086589
TX802580,2025-12-11,RE5094,B9014,Manoj Iyer,Bangalore,Devendra Solanki,Online Portal,8924000,1,89200,8834800,Full Payment,0,8834800
TX800003,2025-12-12,RE5059,B9028,Sneha Patil,Ahmedabad,Poonam Chandra,Online Portal,10108000,4,404300,9703700,Full Payment,0,9703700
TX800636,2025-12-12,RE5051,B9130,Komal Nair,Ahmedabad,Manish Tiwari,Online Portal,18820000,1,188200,18631800,Home Loan,14429919,4201881
TX801009,2025-12-12,RE5083,B9256,Nikhil Patil,Nagpur,Ritu Saxena,Property Expo,20903000,6,1254200,19648800,Full Payment,0,19648800
TX801269,2025-12-12,RE5065,B9201,Vihaan Pillai,Hyderabad,Ritu Saxena,Online Portal,29199000,0,0,29199000,Builder Finance Plan,15189393,14009607
TX801420,2025-12-12,RE5137,B9077,Ravi Menon,Mumbai,Poonam Chandra,Broker Referral,8263000,8,661000,7602000,Home Loan,5167941,2434059
TX801604,2025-12-12,RE5005,B9162,Ritika Gaikwad,Hyderabad,Devendra Solanki,Online Portal,18501000,0,0,18501000,Home Loan,13935972,4565028
TX801743,2025-12-12,RE5062,B9036,Anil Nair,Ahmedabad,Ritu Saxena,Walk-in,4684000,0,0,4684000,Full Payment,0,4684000
TX801928,2025-12-12,RE5043,B9044,Siddharth Singh,Mumbai,Rohit Ahluwalia,Property Expo,2576000,0,0,2576000,Home Loan,1965519,610481
TX800010,2025-12-13,RE5032,B9097,Priya Menon,Bangalore,Devendra Solanki,Online Portal,6845000,3,205400,6639600,Home Loan,5580023,1059577
TX800184,2025-12-13,RE5139,B9244,Vivaan Iyer,Mumbai,Farida Sheikh,Walk-in,10653000,3,319600,10333400,Home Loan,7377274,2956126
TX800436,2025-12-13,RE5069,B9215,Aadhya Nair,Bangalore,Rohit Ahluwalia,Broker Referral,14026000,4,561000,13465000,Home Loan,10547305,2917695
TX800859,2025-12-13,RE5053,B9249,Anika Sharma,Nashik,Sneha Kapoor,Online Portal,5798000,4,231900,5566100,Full Payment,0,5566100
TX801463,2025-12-13,RE5054,B9217,Kavita Jadhav,Hyderabad,Latika Bose,Property Expo,11868000,0,0,11868000,Full Payment,0,11868000
TX801613,2025-12-13,RE5132,B9053,Nidhi Shah,Bangalore,Imran Sheikh,Broker Referral,5980000,5,299000,5681000,Home Loan,4742693,938307
TX802261,2025-12-13,RE5047,B9140,Vikram Pillai,Nashik,Nandita Rao,Walk-in,3321000,5,166000,3155000,Builder Finance Plan,1325393,1829607
TX802538,2025-12-13,RE5001,B9162,Ritika Gaikwad,Hyderabad,Rohit Ahluwalia,Walk-in,5254000,0,0,5254000,Full Payment,0,5254000
TX800911,2025-12-14,RE5099,B9112,Anika Nair,Nagpur,Nandita Rao,Online Portal,17476000,2,349500,17126500,Builder Finance Plan,8030677,9095823
TX801146,2025-12-14,RE5037,B9007,Ananya Kumar,Mumbai,Nandita Rao,Broker Referral,5785000,0,0,5785000,Home Loan,4302950,1482050
TX801275,2025-12-14,RE5116,B9164,Suresh Verma,Ahmedabad,Manish Tiwari,Broker Referral,11141000,0,0,11141000,Home Loan,7963797,3177203
TX801727,2025-12-14,RE5068,B9063,Diya Agarwal,Pune,Nandita Rao,Walk-in,12581000,0,0,12581000,Home Loan,8366439,4214561
TX802072,2025-12-14,RE5028,B9199,Rahul Bansal,Nashik,Sneha Kapoor,Online Portal,11529000,3,345900,11183100,Home Loan,7722993,3460107
TX800099,2025-12-15,RE5112,B9159,Vijay Gupta,Ahmedabad,Imran Sheikh,Online Portal,11440000,0,0,11440000,Home Loan,8647802,2792198
TX800522,2025-12-15,RE5066,B9131,Rahul Kapoor,Ahmedabad,Nandita Rao,Walk-in,5628000,2,112600,5515400,Home Loan,4476200,1039200
TX800593,2025-12-15,RE5024,B9174,Anika Shah,Mumbai,Imran Sheikh,Online Portal,9685000,5,484200,9200800,Home Loan,7555953,1644847
TX801314,2025-12-15,RE5004,B9192,Vaishnavi Deshmukh,Nashik,Arvind Rathi,Walk-in,4450000,0,0,4450000,Home Loan,2924255,1525745
TX801898,2025-12-15,RE5062,B9006,Komal Shah,Ahmedabad,Farida Sheikh,Online Portal,4684000,1,46800,4637200,Home Loan,3459009,1178191
TX801966,2025-12-15,RE5041,B9246,Ananya Patil,Chennai,Ritu Saxena,Property Expo,6416000,0,0,6416000,Home Loan,4603733,1812267
TX802060,2025-12-15,RE5059,B9042,Aishwarya Patil,Delhi NCR,Latika Bose,Broker Referral,10108000,1,101100,10006900,Full Payment,0,10006900
TX802416,2025-12-15,RE5070,B9050,Divya Shinde,Nashik,Manish Tiwari,Broker Referral,15405000,5,770200,14634800,Home Loan,10195435,4439365
TX800014,2025-12-16,RE5074,B9049,Aarav Verma,Hyderabad,Nandita Rao,Property Expo,13595000,6,815700,12779300,Full Payment,0,12779300
TX800294,2025-12-16,RE5108,B9025,Karthik Mehta,Pune,Devendra Solanki,Walk-in,11538000,0,0,11538000,Full Payment,0,11538000
TX801147,2025-12-16,RE5085,B9218,Prakash Joshi,Hyderabad,Devendra Solanki,Online Portal,5697000,0,0,5697000,Full Payment,0,5697000
TX801760,2025-12-16,RE5035,B9145,Aditya Kulkarni,Nashik,Devendra Solanki,Online Portal,4560000,0,0,4560000,Full Payment,0,4560000
TX802185,2025-12-16,RE5135,B9224,Aarav Gupta,Ahmedabad,Sameer Khanna,Broker Referral,7660000,4,306400,7353600,Home Loan,5142755,2210845
TX801345,2025-12-17,RE5004,B9231,Ritika Joshi,Delhi NCR,Latika Bose,Property Expo,4450000,0,0,4450000,Builder Finance Plan,2103124,2346876
TX801830,2025-12-17,RE5083,B9081,Mahesh Singh,Hyderabad,Ritu Saxena,Walk-in,20903000,0,0,20903000,Home Loan,14473861,6429139
TX802197,2025-12-17,RE5038,B9195,Yash Sharma,Chennai,Rohit Ahluwalia,Property Expo,57033000,0,0,57033000,Home Loan,42571224,14461776
TX802240,2025-12-17,RE5054,B9058,Pallavi Verma,Nagpur,Rohit Ahluwalia,Online Portal,11868000,5,593400,11274600,Full Payment,0,11274600
TX800243,2025-12-18,RE5040,B9185,Shreya Sharma,Mumbai,Latika Bose,Broker Referral,7062000,5,353100,6708900,Home Loan,5359367,1349533
TX800845,2025-12-18,RE5055,B9040,Navya Pawar,Ahmedabad,Manish Tiwari,Broker Referral,4339000,1,43400,4295600,Home Loan,2825792,1469808
TX801020,2025-12-18,RE5014,B9028,Sneha Patil,Ahmedabad,Rohit Ahluwalia,Walk-in,4926000,0,0,4926000,Home Loan,3352999,1573001
TX801176,2025-12-18,RE5053,B9033,Amit Kapoor,Ahmedabad,Devendra Solanki,Walk-in,5798000,0,0,5798000,Builder Finance Plan,2522912,3275088
TX801288,2025-12-18,RE5030,B9033,Amit Kapoor,Ahmedabad,Poonam Chandra,Online Portal,5599000,0,0,5599000,Full Payment,0,5599000
TX801474,2025-12-18,RE5027,B9123,Ravi Shah,Nashik,Devendra Solanki,Walk-in,4750000,1,47500,4702500,Builder Finance Plan,2103600,2598900
TX801562,2025-12-18,RE5002,B9063,Diya Agarwal,Pune,Poonam Chandra,Walk-in,4714000,2,94300,4619700,Home Loan,3188524,1431176
TX801719,2025-12-18,RE5109,B9031,Karthik Deshmukh,Delhi NCR,Arvind Rathi,Walk-in,13206000,0,0,13206000,Home Loan,11008903,2197097
TX801726,2025-12-18,RE5080,B9114,Ishita More,Bangalore,Imran Sheikh,Broker Referral,2660000,8,212800,2447200,Home Loan,1820618,626582
TX802260,2025-12-18,RE5119,B9038,Ishita Mehta,Nashik,Imran Sheikh,Online Portal,33566000,0,0,33566000,Full Payment,0,33566000
TX802324,2025-12-18,RE5071,B9111,Naveen Sharma,Delhi NCR,Arvind Rathi,Broker Referral,3409000,8,272700,3136300,Full Payment,0,3136300
TX800358,2025-12-19,RE5049,B9055,Aadhya Verma,Nashik,Nandita Rao,Walk-in,27973000,1,279700,27693300,Builder Finance Plan,15147775,12545525
TX801512,2025-12-19,RE5004,B9145,Aditya Kulkarni,Nashik,Sneha Kapoor,Broker Referral,4450000,1,44500,4405500,Full Payment,0,4405500
TX801789,2025-12-19,RE5120,B9170,Saanvi Menon,Chennai,Devendra Solanki,Broker Referral,5862000,0,0,5862000,Home Loan,4166361,1695639
TX802571,2025-12-19,RE5099,B9201,Vihaan Pillai,Hyderabad,Poonam Chandra,Online Portal,17476000,0,0,17476000,Home Loan,13310251,4165749
TX801645,2025-12-20,RE5059,B9236,Suresh Naik,Hyderabad,Poonam Chandra,Property Expo,10108000,0,0,10108000,Home Loan,8377154,1730846
TX801747,2025-12-20,RE5099,B9259,Yash Menon,Nashik,Nandita Rao,Online Portal,17476000,0,0,17476000,Home Loan,13158292,4317708
TX801823,2025-12-20,RE5001,B9220,Vaishnavi Kumar,Nashik,Poonam Chandra,Broker Referral,5254000,1,52500,5201500,Home Loan,3394443,1807057
TX802091,2025-12-20,RE5043,B9045,Aishwarya Verma,Nagpur,Sneha Kapoor,Online Portal,2576000,0,0,2576000,Home Loan,2136146,439854
TX800633,2025-12-21,RE5055,B9223,Swati Reddy,Hyderabad,Latika Bose,Broker Referral,4339000,1,43400,4295600,Home Loan,3068191,1227409
TX801521,2025-12-21,RE5064,B9154,Vikram Pawar,Nashik,Ritu Saxena,Online Portal,6493000,1,64900,6428100,Builder Finance Plan,2885157,3542943
TX801588,2025-12-21,RE5115,B9168,Vihaan Patil,Bangalore,Rohit Ahluwalia,Property Expo,9810000,0,0,9810000,Home Loan,7008087,2801913
TX802341,2025-12-21,RE5022,B9168,Vihaan Patil,Bangalore,Devendra Solanki,Broker Referral,3810000,0,0,3810000,Full Payment,0,3810000
TX800104,2025-12-22,RE5105,B9008,Ganesh Bhosale,Ahmedabad,Sneha Kapoor,Broker Referral,15306000,0,0,15306000,Home Loan,11676032,3629968
TX800772,2025-12-22,RE5052,B9033,Amit Kapoor,Ahmedabad,Devendra Solanki,Online Portal,45599000,0,0,45599000,Home Loan,31810104,13788896
TX801069,2025-12-22,RE5123,B9246,Ananya Patil,Chennai,Latika Bose,Online Portal,4902000,0,0,4902000,Full Payment,0,4902000
TX801620,2025-12-22,RE5105,B9091,Vaishnavi Pillai,Mumbai,Devendra Solanki,Walk-in,15306000,1,153100,15152900,Home Loan,10952939,4199961
TX801973,2025-12-22,RE5040,B9178,Rajiv Naik,Hyderabad,Devendra Solanki,Broker Referral,7062000,4,282500,6779500,Home Loan,5332208,1447292
TX802371,2025-12-22,RE5031,B9223,Swati Reddy,Hyderabad,Nandita Rao,Online Portal,5915000,8,473200,5441800,Home Loan,3951977,1489823
TX800523,2025-12-23,RE5055,B9059,Nitin Patil,Pune,Poonam Chandra,Broker Referral,4339000,0,0,4339000,Builder Finance Plan,2575730,1763270
TX801010,2025-12-23,RE5013,B9141,Aishwarya Gupta,Bangalore,Manish Tiwari,Property Expo,14405000,2,288100,14116900,Home Loan,10701022,3415878
TX801073,2025-12-23,RE5137,B9165,Komal Sharma,Pune,Imran Sheikh,Online Portal,8263000,0,0,8263000,Full Payment,0,8263000
TX801832,2025-12-23,RE5030,B9227,Amit Reddy,Nashik,Latika Bose,Online Portal,5599000,0,0,5599000,Home Loan,4449233,1149767
TX801875,2025-12-23,RE5060,B9202,Meena Kapoor,Chennai,Arvind Rathi,Walk-in,4058000,0,0,4058000,Home Loan,2735990,1322010
TX800248,2025-12-24,RE5055,B9075,Komal Deshmukh,Pune,Sameer Khanna,Online Portal,4339000,8,347100,3991900,Home Loan,3315448,676452
TX800496,2025-12-24,RE5100,B9176,Ananya Bansal,Hyderabad,Arvind Rathi,Walk-in,2996000,3,89900,2906100,Home Loan,2341999,564101
TX802173,2025-12-24,RE5018,B9249,Anika Sharma,Nashik,Sameer Khanna,Broker Referral,14837000,5,741800,14095200,Builder Finance Plan,8368917,5726283
TX802435,2025-12-24,RE5046,B9183,Nitin Bansal,Mumbai,Devendra Solanki,Walk-in,41465000,0,0,41465000,Home Loan,34864919,6600081
TX800183,2025-12-25,RE5027,B9160,Deepak Joshi,Nashik,Rohit Ahluwalia,Online Portal,4750000,0,0,4750000,Builder Finance Plan,2077788,2672212
TX800460,2025-12-25,RE5111,B9167,Prakash Gaikwad,Nashik,Ritu Saxena,Property Expo,58958000,0,0,58958000,Home Loan,43503280,15454720
TX800800,2025-12-25,RE5097,B9194,Manoj Agarwal,Hyderabad,Rohit Ahluwalia,Property Expo,16374000,3,491200,15882800,Full Payment,0,15882800
TX801008,2025-12-25,RE5086,B9129,Myra Shah,Ahmedabad,Arvind Rathi,Broker Referral,7023000,6,421400,6601600,Home Loan,5437251,1164349
TX801572,2025-12-25,RE5073,B9224,Aarav Gupta,Ahmedabad,Ritu Saxena,Broker Referral,2689000,0,0,2689000,Full Payment,0,2689000
TX802529,2025-12-25,RE5055,B9150,Anika More,Pune,Arvind Rathi,Broker Referral,4339000,0,0,4339000,Home Loan,3330551,1008449
TX800171,2025-12-26,RE5001,B9154,Vikram Pawar,Nashik,Latika Bose,Online Portal,5254000,4,210200,5043800,Home Loan,3739961,1303839
TX800574,2025-12-26,RE5049,B9223,Swati Reddy,Hyderabad,Poonam Chandra,Broker Referral,27973000,6,1678400,26294600,Home Loan,19092096,7202504
TX801447,2025-12-26,RE5076,B9130,Komal Nair,Ahmedabad,Sneha Kapoor,Online Portal,12143000,5,607200,11535800,Home Loan,7945271,3590529
TX801770,2025-12-26,RE5109,B9092,Sanjay Reddy,Chennai,Devendra Solanki,Online Portal,13206000,8,1056500,12149500,Builder Finance Plan,5491233,6658267
TX802221,2025-12-26,RE5041,B9088,Ganesh Shinde,Chennai,Poonam Chandra,Broker Referral,6416000,6,385000,6031000,Builder Finance Plan,3304339,2726661
TX802528,2025-12-26,RE5032,B9247,Anika Chopra,Pune,Imran Sheikh,Property Expo,6845000,4,273800,6571200,Home Loan,5558845,1012355
TX800349,2025-12-27,RE5053,B9093,Mahesh Kumar,Bangalore,Rohit Ahluwalia,Property Expo,5798000,2,116000,5682000,Builder Finance Plan,2576732,3105268
TX800452,2025-12-27,RE5123,B9217,Kavita Jadhav,Hyderabad,Latika Bose,Broker Referral,4902000,4,196100,4705900,Home Loan,3070629,1635271
TX800660,2025-12-27,RE5082,B9081,Mahesh Singh,Hyderabad,Manish Tiwari,Online Portal,4953000,0,0,4953000,Home Loan,3569877,1383123
TX801636,2025-12-27,RE5137,B9067,Aditya More,Mumbai,Farida Sheikh,Online Portal,8263000,4,330500,7932500,Home Loan,5357855,2574645
TX801828,2025-12-27,RE5091,B9106,Shreya Deshmukh,Chennai,Sameer Khanna,Broker Referral,3687000,6,221200,3465800,Home Loan,2569257,896543
TX802574,2025-12-27,RE5027,B9232,Aditya Joshi,Delhi NCR,Sameer Khanna,Online Portal,4750000,0,0,4750000,Home Loan,3958545,791455
TX801554,2025-12-28,RE5139,B9129,Myra Shah,Ahmedabad,Sneha Kapoor,Online Portal,10653000,0,0,10653000,Full Payment,0,10653000
TX801616,2025-12-28,RE5117,B9062,Prakash Nair,Chennai,Ritu Saxena,Broker Referral,5691000,4,227600,5463400,Home Loan,4014372,1449028
TX802405,2025-12-28,RE5001,B9145,Aditya Kulkarni,Nashik,Arvind Rathi,Broker Referral,5254000,1,52500,5201500,Full Payment,0,5201500
TX802539,2025-12-28,RE5080,B9112,Anika Nair,Nagpur,Ritu Saxena,Broker Referral,2660000,0,0,2660000,Home Loan,2082622,577378
